Transaction_ID,Facility_ID,Vehicle_Type,Customer_Type,Entry_Date,Entry_Hour,Parking_Duration_Min,Payment_Method,Payment_Status,Parking_Type,Hourly_Rate,Discount_Amount,Net_Revenue,Occupancy_Rate
PT100001,F007,Car,Member,2025-05-30,8,261,Credit Card,Paid,Open,50,21.25,212.5,0.62
PT100002,F004,Bike,Member,2025-11-03,8,57,Debit Card,Paid,Two-Wheeler,25,0.0,20.0,0.62
PT100003,F005,SUV,Regular,2025-12-13,14,23,Credit Card,Paid,Covered,65,9.75,65.0,0.71
PT100004,F007,Car,Visitor,2025-07-18,12,145,UPI,Paid,Open,50,7.5,150.0,0.49
PT100005,F003,SUV,Regular,2025-06-13,15,60,UPI,Paid,Open,65,0.0,65.0,0.28
PT100006,F008,Car,Member,2025-07-01,14,79,UPI,Paid,Covered,50,19.0,95.0,0.45
PT100007,F005,SUV,Member,2025-08-28,7,42,UPI,Pending,Covered,65,6.5,65.0,0.43
PT100008,F005,SUV,Member,2025-08-30,15,99,Credit Card,Paid,Covered,65,12.35,123.5,0.64
PT100009,F007,Car,Member,2025-03-07,11,91,Credit Card,Paid,Open,50,0.0,100.0,0.59
PT100010,F002,Bike,Member,2025-06-20,12,235,UPI,Paid,Two-Wheeler,25,0.0,100.0,0.54
PT100011,F003,Car,Visitor,2025-05-13,16,26,UPI,Paid,Covered,50,0.0,50.0,0.42
PT100012,F007,SUV,Regular,2025-03-22,16,136,UPI,Paid,Open,65,29.25,195.0,0.26
PT100013,F003,Bike,Regular,2025-06-14,12,139,Wallet,Paid,Two-Wheeler,25,3.75,75.0,0.73
PT100014,F003,Bike,Member,2025-03-04,8,161,Credit Card,Paid,Two-Wheeler,25,6.38,63.75,0.78
PT100015,F008,Car,Member,2025-12-21,16,151,Cash,Paid,Open,50,0.0,150.0,0.75
PT100016,F005,Car,Regular,2025-02-20,18,119,Cash,Paid,Covered,50,0.0,100.0,0.83
PT100017,F004,Car,Visitor,2025-03-13,20,243,Credit Card,Pending,Covered,50,11.88,237.5,0.63
PT100018,F008,Car,Regular,2025-02-12,12,104,Debit Card,Paid,Covered,50,0.0,95.0,0.6
PT100019,F008,Bike,Visitor,2025-11-19,9,80,UPI,Paid,Two-Wheeler,25,5.0,50.0,0.58
PT100020,F003,SUV,Regular,2025-11-17,19,333,Debit Card,Paid,Covered,65,19.5,390.0,0.51
PT100021,F006,Bike,Member,2025-11-14,13,44,UPI,Paid,Two-Wheeler,25,2.38,23.75,0.63
PT100022,F005,Bike,Member,2025-08-04,9,101,Cash,Paid,Two-Wheeler,25,0.0,45.0,0.68
PT100023,F002,EV Car,Regular,2025-07-10,14,65,UPI,Paid,EV Parking,55,18.7,93.5,0.72
PT100024,F008,SUV,Regular,2025-06-07,10,47,Debit Card,Paid,Open,65,9.26,61.75,0.62
PT100025,F004,EV Car,Member,2025-03-31,12,218,UPI,Paid,EV Parking,55,22.0,220.0,0.77
PT100026,F006,Bike,Regular,2025-04-14,12,26,Cash,Paid,Two-Wheeler,25,0.0,20.0,0.68
PT100027,F006,Car,Regular,2025-02-20,21,274,UPI,Paid,Covered,50,0.0,250.0,0.62
PT100028,F002,Car,Visitor,2025-09-11,15,64,Debit Card,Paid,Open,50,0.0,100.0,0.49
PT100029,F008,SUV,Member,2025-04-17,14,198,Credit Card,Pending,Covered,65,0.0,260.0,0.55
PT100030,F004,Car,Member,2025-10-21,14,175,UPI,Paid,Open,50,7.5,150.0,0.67
PT100031,F005,Car,Regular,2025-08-24,14,64,Debit Card,Pending,Covered,50,10.0,100.0,0.57
PT100032,F001,Bike,Regular,2025-11-19,18,227,Wallet,Paid,Two-Wheeler,25,20.0,100.0,0.91
PT100033,F004,Bike,Regular,2025-11-29,10,73,UPI,Paid,Two-Wheeler,25,0.0,47.5,0.82
PT100034,F002,Bike,Visitor,2025-12-22,14,249,Wallet,Paid,Two-Wheeler,25,0.0,118.75,0.44
PT100035,F006,Car,Regular,2025-04-15,12,109,Credit Card,Paid,Covered,50,0.0,100.0,0.78
PT100036,F005,Car,Regular,2025-09-12,14,227,,Paid,Covered,50,0.0,200.0,0.8
PT100037,F004,Bike,Member,2025-10-31,14,84,UPI,Paid,Two-Wheeler,25,0.0,50.0,0.71
PT100038,F001,EV Car,Regular,2025-01-20,7,379,Credit Card,Paid,EV Parking,55,0.0,385.0,0.55
PT100039,F001,SUV,Regular,2025-12-25,14,288,Cash,Paid,Open,65,0.0,325.0,0.51
PT100040,F003,EV Car,Regular,2025-03-13,15,122,UPI,Paid,EV Parking,55,7.42,148.5,0.68
PT100041,F003,SUV,Visitor,2025-04-27,11,87,Credit Card,Paid,Open,65,0.0,130.0,0.5
PT100042,F007,Bike,Regular,2025-05-10,9,22,UPI,Paid,Two-Wheeler,25,2.5,25.0,0.6
PT100043,F002,Car,Regular,2025-04-30,11,173,UPI,Paid,Open,50,14.25,142.5,0.49
PT100044,F008,Bike,Member,2025-08-01,15,113,Debit Card,Paid,Two-Wheeler,25,0.0,40.0,0.65
PT100045,F004,Bike,Member,2025-08-17,13,80,Debit Card,Paid,Two-Wheeler,25,5.0,50.0,0.56
PT100046,F004,Bike,Member,2025-07-02,18,115,Credit Card,Paid,Two-Wheeler,25,5.0,50.0,0.78
PT100047,F008,Bike,Member,2025-05-14,12,120,UPI,Paid,Two-Wheeler,25,0.0,50.0,0.41
PT100048,F007,Bike,Regular,2025-12-05,12,30,Credit Card,Paid,Two-Wheeler,25,0.0,25.0,0.32
PT100049,F006,Car,Member,2025-08-19,14,427,UPI,Paid,Covered,50,18.0,360.0,0.45
PT100050,F006,Bike,Regular,2025-12-30,13,20,Credit Card,Paid,Two-Wheeler,25,0.0,22.5,0.57
PT100051,F007,Car,Regular,2025-12-06,14,131,Cash,Paid,Covered,50,0.0,150.0,0.43
PT100052,F006,SUV,Regular,2025-09-03,12,151,Debit Card,Paid,Covered,65,0.0,175.5,0.54
PT100053,F003,Car,Regular,2025-09-09,10,82,UPI,Paid,Open,50,10.0,100.0,0.87
PT100054,F004,Car,Member,2025-08-13,17,167,Cash,Paid,Open,50,7.5,150.0,0.9
PT100055,F007,Bike,Visitor,2025-06-06,7,61,Credit Card,Paid,Two-Wheeler,25,5.0,50.0,0.55
PT100056,F004,Bike,Member,2025-04-29,12,99,Debit Card,Paid,Two-Wheeler,25,5.0,50.0,0.31
PT100057,F008,Bike,Visitor,2025-04-04,8,75,UPI,Paid,Two-Wheeler,25,0.0,42.5,0.83
PT100058,F001,Car,Member,2025-08-16,16,71,Debit Card,Paid,Covered,50,4.0,80.0,0.49
PT100059,F003,Bike,Regular,2025-12-31,12,105,UPI,Paid,Two-Wheeler,25,0.0,50.0,0.18
PT100060,F005,Car,Member,2025-07-05,7,65,Credit Card,Paid,Covered,50,0.0,95.0,0.47
PT100061,F003,EV Car,Member,2025-11-30,8,67,UPI,Paid,EV Parking,55,5.22,104.5,0.99
PT100062,F007,EV Car,Regular,2025-07-04,10,95,UPI,Paid,EV Parking,55,0.0,99.0,0.8
PT100063,F005,Bike,Regular,2025-10-07,16,186,UPI,Paid,Two-Wheeler,25,4.75,95.0,0.61
PT100064,F001,Car,Member,2025-08-18,17,187,UPI,Paid,Covered,50,20.0,200.0,0.99
PT100065,F007,SUV,Regular,2025-09-22,22,111,UPI,Paid,Covered,65,5.85,117.0,0.55
PT100066,F002,Car,Member,2025-06-07,11,219,Debit Card,Paid,Covered,50,10.0,200.0,0.53
PT100067,F004,Bike,Regular,2025-12-18,8,475,UPI,Paid,Two-Wheeler,25,8.5,170.0,0.56
PT100068,F001,Car,Visitor,2025-03-18,12,224,Credit Card,Paid,Covered,50,0.0,190.0,0.51
PT100069,F004,EV Car,Visitor,2025-03-23,10,87,UPI,Pending,EV Parking,55,0.0,110.0,0.73
PT100070,F006,Car,Regular,2025-06-30,16,238,Wallet,Paid,Open,50,0.0,170.0,0.58
PT100071,F002,Bike,Member,2025-12-08,20,60,Wallet,Paid,Two-Wheeler,25,0.0,22.5,0.71
PT100072,F002,SUV,Member,2025-07-15,11,82,UPI,Paid,Open,65,0.0,110.5,0.43
PT100073,F001,Bike,Visitor,2025-03-01,12,306,Credit Card,Paid,Two-Wheeler,25,19.12,127.5,0.18
PT100074,F002,Car,Member,2025-05-31,12,189,UPI,Paid,Covered,50,0.0,200.0,0.65
PT100075,F005,EV Car,Regular,2025-03-02,18,161,Wallet,Paid,EV Parking,55,0.0,148.5,0.62
PT100076,F002,Bike,Regular,2025-05-15,14,24,Credit Card,Paid,Two-Wheeler,25,0.0,23.75,0.61
PT100077,F004,Bike,Visitor,2025-11-27,21,172,UPI,Paid,Two-Wheeler,25,0.0,75.0,0.7
PT100078,F004,Car,Regular,2025-02-08,15,212,UPI,Paid,Covered,50,10.0,200.0,0.4
PT100079,F007,Bike,Regular,2025-09-10,15,250,UPI,Paid,Two-Wheeler,25,5.94,118.75,0.76
PT100080,F004,Bike,Regular,2025-04-16,8,84,UPI,Paid,Two-Wheeler,25,4.25,42.5,0.8
PT100081,F007,Car,Visitor,2025-08-21,20,41,Debit Card,Paid,Covered,50,2.38,47.5,0.84
PT100082,F004,Car,Visitor,2025-12-20,15,40,Credit Card,Paid,Covered,50,0.0,50.0,0.46
PT100083,F005,SUV,Regular,2025-06-19,14,135,UPI,Paid,Open,65,19.5,195.0,0.44
PT100084,F008,Car,Regular,2025-08-05,13,20,UPI,Paid,Covered,50,0.0,47.5,0.25
PT100085,F007,Car,Regular,2025-12-14,8,125,UPI,Paid,Covered,50,0.0,150.0,0.99
PT100086,F003,Bike,Regular,2025-01-14,9,167,UPI,Paid,Two-Wheeler,25,0.0,75.0,0.45
PT100087,F006,SUV,Visitor,2025-01-16,6,162,Cash,Pending,Covered,65,18.52,185.25,0.29
PT100088,F001,Car,Regular,2025-08-07,22,122,UPI,Paid,Covered,50,0.0,135.0,0.5
PT100089,F004,Bike,Regular,2025-06-18,16,134,Credit Card,Paid,Two-Wheeler,25,0.0,75.0,0.5
PT100090,F002,Car,Regular,2025-01-14,17,333,UPI,Paid,Open,50,0.0,300.0,0.53
PT100091,F008,Car,Regular,2025-08-31,16,147,UPI,Paid,Covered,50,0.0,150.0,0.45
PT100092,F004,Car,Visitor,2025-11-15,13,419,Debit Card,Paid,Covered,50,17.5,350.0,0.42
PT100093,F002,SUV,Regular,2025-01-08,8,205,Credit Card,Paid,Covered,65,0.0,247.0,0.73
PT100094,F006,Car,Member,2025-10-10,8,46,UPI,Paid,Covered,50,0.0,50.0,0.92
PT100095,F006,Car,Regular,2025-04-21,19,50,Credit Card,Paid,Covered,50,0.0,45.0,0.99
PT100096,F006,Bike,Member,2025-02-09,6,23,Credit Card,Paid,Two-Wheeler,25,1.25,25.0,0.77
PT100097,F002,SUV,Regular,2025-03-09,15,55,UPI,Paid,Covered,65,0.0,65.0,0.6
PT100098,F004,Car,Visitor,2025-05-03,15,127,Credit Card,Paid,Covered,50,0.0,142.5,0.3
PT100099,F006,Bike,Regular,2025-11-13,14,160,Debit Card,Paid,Two-Wheeler,25,0.0,75.0,0.59
PT100100,F005,Car,Visitor,2025-06-15,21,32,UPI,Paid,Covered,50,9.5,47.5,0.59
PT100101,F007,Bike,Member,2025-07-22,10,199,Credit Card,Paid,Two-Wheeler,25,15.0,100.0,0.84
PT100102,F002,Bike,Visitor,2025-05-08,16,269,UPI,Paid,Two-Wheeler,25,5.94,118.75,0.64
PT100103,F002,Bike,Regular,2025-12-30,15,111,UPI,Paid,Two-Wheeler,25,0.0,45.0,0.41
PT100104,F004,Car,Member,2025-06-01,21,150,Credit Card,Paid,Covered,50,28.5,142.5,0.33
PT100105,F002,Car,Regular,2025-05-26,19,90,Cash,Paid,Covered,50,9.0,90.0,0.6
PT100106,F002,Car,Visitor,2025-02-18,9,51,Cash,Paid,Open,50,5.0,50.0,0.68
PT100107,F006,Car,Member,2025-01-03,12,312,UPI,Pending,Open,50,0.0,255.0,0.47
PT100108,F004,Car,Regular,2025-09-08,18,196,UPI,Paid,Covered,50,0.0,200.0,0.83
PT100109,F006,SUV,Visitor,2025-03-18,11,101,Credit Card,Paid,Open,65,0.0,130.0,0.42
PT100110,F007,EV Car,Member,2025-08-08,12,261,UPI,Paid,EV Parking,55,33.0,220.0,0.73
PT100111,F008,EV Car,Regular,2025-12-14,15,252,Debit Card,Paid,EV Parking,55,0.0,247.5,0.52
PT100112,F007,SUV,Regular,2025-08-16,14,104,Debit Card,Paid,Covered,65,0.0,117.0,0.42
PT100113,F008,Bike,Member,2025-04-28,15,105,Wallet,Paid,Two-Wheeler,25,0.0,45.0,0.69
PT100114,F006,SUV,Regular,2025-09-24,16,160,UPI,Paid,Covered,65,9.75,195.0,0.46
PT100115,F007,Car,Member,2025-08-23,16,27,UPI,Paid,Open,50,0.0,40.0,0.42
PT100116,F004,Bike,Regular,2025-06-17,16,204,Cash,Paid,Two-Wheeler,25,15.0,100.0,0.73
PT100117,F001,Bike,Member,2025-09-17,22,78,Debit Card,Paid,Two-Wheeler,25,5.0,50.0,0.55
PT100118,F006,Bike,Member,2025-07-12,12,169,Cash,Paid,Two-Wheeler,25,7.5,75.0,0.84
PT100119,F008,SUV,Regular,2025-07-03,7,46,UPI,Paid,Covered,65,0.0,65.0,0.33
PT100120,F005,Car,Regular,2025-01-10,12,31,Credit Card,Paid,Covered,50,2.38,47.5,0.3
PT100121,F008,Car,Member,2025-12-03,19,285,Credit Card,Pending,Covered,50,12.5,250.0,0.82
PT100122,F005,EV Car,Regular,2025-11-23,8,197,UPI,Paid,EV Parking,55,9.9,198.0,0.99
PT100123,F002,Car,Visitor,2025-12-25,15,131,Credit Card,Paid,Open,50,0.0,150.0,0.41
PT100124,F007,Bike,Visitor,2025-05-21,13,172,Credit Card,Paid,Two-Wheeler,25,0.0,75.0,0.54
PT100125,F005,EV Car,Regular,2025-01-22,19,72,UPI,Paid,EV Parking,55,0.0,110.0,0.7
PT100126,F008,Bike,Visitor,2025-11-08,19,181,UPI,Paid,Two-Wheeler,25,0.0,100.0,0.72
PT100127,F002,Bike,Visitor,2025-07-12,16,127,Debit Card,Paid,Two-Wheeler,25,0.0,67.5,0.6
PT100128,F001,Car,Regular,2025-04-02,9,179,Credit Card,Paid,Open,50,0.0,150.0,0.64
PT100129,F004,Car,Member,2025-04-07,7,108,Cash,Paid,Covered,50,0.0,100.0,0.28
PT100130,F004,SUV,Member,2025-05-21,9,94,UPI,Paid,Covered,65,6.5,130.0,0.83
PT100131,F004,Bike,Regular,2025-09-14,12,111,UPI,Paid,Two-Wheeler,25,0.0,50.0,0.48
PT100132,F005,Bike,,2025-02-07,11,74,Wallet,Paid,Two-Wheeler,25,6.38,42.5,0.66
PT100133,F001,Car,Regular,2025-09-04,12,153,Wallet,Paid,Covered,50,6.75,135.0,0.67
PT100134,F005,Car,Regular,2025-09-13,10,127,UPI,Paid,Open,50,0.0,150.0,0.62
PT100135,F007,EV Car,Member,2025-10-25,16,102,Debit Card,Pending,EV Parking,55,5.5,110.0,0.49
PT100136,F005,Car,Member,2025-03-26,17,63,UPI,Paid,Open,50,0.0,100.0,0.86
PT100137,F001,Bike,Regular,2025-02-06,13,139,UPI,Paid,Two-Wheeler,25,14.25,71.25,0.64
PT100138,F001,Car,Visitor,2025-07-04,20,318,UPI,Failed,Open,50,0.0,300.0,0.99
PT100139,F007,Bike,Regular,2025-04-08,9,245,UPI,Paid,Two-Wheeler,25,11.25,112.5,0.87
PT100140,F001,EV Car,Visitor,2025-11-14,9,239,Cash,Paid,EV Parking,55,0.0,209.0,0.9
PT100141,F008,Bike,Member,2025-01-30,11,78,Debit Card,Pending,Two-Wheeler,25,0.0,45.0,0.65
PT100142,F001,Car,Regular,2025-07-10,21,191,Wallet,Paid,Covered,50,0.0,170.0,0.78
PT100143,F004,Bike,Regular,2025-12-04,13,136,Debit Card,Paid,Two-Wheeler,25,11.25,75.0,0.17
PT100144,F008,SUV,Visitor,2025-10-06,19,208,UPI,Paid,Open,65,12.35,247.0,0.99
PT100145,F008,Car,Member,2025-07-20,11,132,Debit Card,Paid,Open,50,0.0,150.0,0.54
PT100146,F007,SUV,Member,2025-11-18,17,52,Wallet,Paid,Open,65,0.0,65.0,0.38
PT100147,F003,Bike,Member,2025-07-08,12,112,Debit Card,Paid,Two-Wheeler,25,0.0,50.0,0.55
PT100148,F003,SUV,Visitor,2025-09-15,16,37,Debit Card,Paid,Open,65,0.0,65.0,0.44
PT100149,F001,Bike,Member,2025-06-04,21,38,Wallet,Paid,Two-Wheeler,25,0.0,22.5,0.58
PT100150,F008,Car,Member,2025-11-15,19,86,UPI,Paid,Covered,50,0.0,100.0,0.99
PT100151,F003,Car,Regular,2025-08-16,17,51,Debit Card,Paid,Open,50,4.5,45.0,0.58
PT100152,F003,Car,Regular,2025-01-05,8,85,Cash,Paid,Open,50,15.0,100.0,0.88
PT100153,F001,EV Car,Regular,2025-05-09,14,61,Wallet,Paid,EV Parking,55,0.0,104.5,0.57
PT100154,F003,SUV,Visitor,2025-03-15,17,64,UPI,Paid,Open,65,6.5,130.0,0.74
PT100155,F005,Bike,Regular,2025-12-31,13,190,Credit Card,Paid,Two-Wheeler,25,0.0,90.0,0.35
PT100156,F002,Car,Visitor,2025-01-24,16,103,Debit Card,Pending,Covered,50,4.0,80.0,0.56
PT100157,F007,Car,Regular,2025-11-11,9,69,UPI,Paid,Covered,50,0.0,100.0,0.55
PT100158,F002,SUV,Member,2025-10-06,10,121,Credit Card,Paid,Open,65,9.75,195.0,0.68
PT100159,F001,Bike,Visitor,2025-07-25,15,110,UPI,Pending,Two-Wheeler,25,4.0,40.0,0.41
PT100160,F004,Car,Regular,2025-05-26,13,131,UPI,Pending,Covered,50,15.0,150.0,0.55
PT100161,F007,Bike,Regular,2025-03-30,11,145,Credit Card,Paid,Two-Wheeler,25,0.0,75.0,0.37
PT100162,F001,Car,Regular,2025-01-22,12,101,Credit Card,Paid,Open,50,14.25,95.0,0.47
PT100163,F008,Car,Regular,2025-10-27,15,50,Credit Card,Paid,Covered,50,0.0,50.0,0.56
PT100164,F004,Bike,Member,2025-02-13,16,149,Credit Card,Paid,Two-Wheeler,25,0.0,67.5,0.92
PT100165,F002,Car,Regular,2025-02-06,11,152,UPI,Paid,Covered,50,7.5,150.0,0.27
PT100166,F001,EV Car,Regular,2025-01-07,20,133,UPI,Paid,EV Parking,55,0.0,156.75,0.9
PT100167,F008,Car,Regular,2025-10-07,6,133,UPI,Paid,Open,50,13.5,135.0,0.64
PT100168,F007,Car,Member,2025-06-18,15,112,UPI,Paid,Open,50,9.5,95.0,0.54
PT100169,F007,Car,Visitor,2025-03-11,12,113,Credit Card,Paid,Covered,50,0.0,100.0,0.38
PT100170,F006,SUV,Member,2025-08-01,13,38,Debit Card,Paid,Covered,65,13.0,65.0,0.72
PT100171,F008,Bike,Member,2025-03-12,14,142,UPI,Paid,Two-Wheeler,25,0.0,60.0,0.52
PT100172,F005,Bike,Member,2025-07-26,14,86,UPI,Paid,Two-Wheeler,25,0.0,50.0,0.57
PT100173,F003,Car,Member,2025-03-13,16,116,Debit Card,Paid,Open,50,0.0,90.0,0.38
PT100174,F004,Car,Regular,2025-11-12,17,168,UPI,Paid,Open,50,20.25,135.0,0.8
PT100175,F008,Bike,Regular,2025-06-29,8,38,Wallet,Paid,Two-Wheeler,25,0.0,23.75,0.92
PT100176,F006,SUV,Visitor,2025-07-27,15,89,Debit Card,Paid,Covered,65,0.0,130.0,0.6
PT100177,F003,SUV,Visitor,2025-06-26,13,161,UPI,Paid,Open,65,0.0,195.0,0.47
PT100178,F003,Car,Regular,2025-07-14,17,83,UPI,Paid,Open,50,20.0,100.0,0.9
PT100179,F001,Bike,Regular,2025-10-28,14,56,Credit Card,Paid,Two-Wheeler,25,3.75,25.0,0.58
PT100180,F003,EV Car,Regular,2025-08-27,6,167,UPI,Pending,EV Parking,55,16.5,165.0,0.41
PT100181,F005,Car,Regular,2025-06-03,15,166,UPI,Paid,Covered,50,22.5,150.0,0.31
PT100182,F007,SUV,Regular,2025-06-03,19,137,UPI,Paid,Covered,65,26.32,175.5,0.99
PT100183,F006,Car,Regular,2025-01-30,8,57,Debit Card,Paid,Covered,50,0.0,42.5,0.87
PT100184,F003,EV Car,Regular,2025-01-27,14,104,Credit Card,Paid,EV Parking,55,0.0,110.0,0.85
PT100185,F001,SUV,Regular,2025-08-28,15,379,UPI,Paid,Open,65,40.95,409.5,0.8
PT100186,F005,EV Car,Regular,2025-08-31,10,109,Debit Card,Paid,EV Parking,55,5.22,104.5,0.75
PT100187,F002,Bike,Regular,2025-05-12,15,72,Credit Card,Paid,Two-Wheeler,25,0.0,50.0,0.56
PT100188,F007,Car,Regular,2025-06-28,7,102,Credit Card,Paid,Covered,50,0.0,100.0,0.51
PT100189,F007,EV Car,Regular,2025-12-05,19,80,UPI,Failed,EV Parking,55,10.45,104.5,0.59
PT100190,F006,Car,Regular,2025-04-08,16,71,Credit Card,Paid,Open,50,0.0,100.0,0.77
PT100191,F007,Car,Visitor,2025-11-22,20,48,Wallet,Paid,Covered,50,7.5,50.0,0.86
PT100192,F003,SUV,Visitor,2025-08-25,13,150,UPI,Pending,Covered,65,0.0,195.0,0.66
PT100193,F001,SUV,Member,2025-12-01,7,147,UPI,Paid,Covered,65,0.0,165.75,0.34
PT100194,F007,EV Car,Member,2025-05-18,12,287,UPI,Paid,EV Parking,55,27.5,275.0,0.52
PT100195,F007,Car,Regular,2025-04-28,14,108,UPI,Paid,Covered,50,0.0,95.0,0.28
PT100196,F002,SUV,Regular,2025-04-16,19,58,UPI,Paid,Open,65,0.0,65.0,0.76
PT100197,F002,SUV,Member,2025-02-05,18,166,Cash,Paid,Open,65,8.29,165.75,0.73
PT100198,F004,Car,Member,2025-02-15,14,168,Wallet,Paid,Open,50,22.5,150.0,0.38
PT100199,F005,Car,Regular,2025-04-14,16,50,UPI,Paid,Covered,50,0.0,40.0,0.44
PT100200,F003,Car,Regular,2025-12-30,20,48,Credit Card,Paid,Covered,50,0.0,45.0,0.99
PT100201,F007,Car,Regular,2025-12-26,18,197,Debit Card,Paid,Covered,50,18.0,180.0,0.89
PT100202,F008,EV Car,Regular,2025-03-11,15,31,Credit Card,Paid,EV Parking,55,9.9,49.5,0.53
PT100203,F007,Bike,Regular,2025-07-26,14,170,Credit Card,Paid,Two-Wheeler,25,0.0,71.25,0.37
PT100204,F001,SUV,Member,2025-08-09,13,187,UPI,Paid,Open,65,0.0,260.0,0.58
PT100205,F004,EV Car,Regular,2025-03-30,16,52,Credit Card,Paid,EV Parking,55,0.0,52.25,0.28
PT100206,F005,Car,Member,2025-01-03,17,203,UPI,Paid,Covered,50,0.0,200.0,0.58
PT100207,F008,SUV,Regular,2025-10-25,11,52,Debit Card,Paid,Covered,65,0.0,61.75,0.74
PT100208,F004,Bike,Member,2025-08-19,13,208,Debit Card,Paid,Two-Wheeler,25,5.0,100.0,0.76
PT100209,F006,SUV,Regular,2025-04-28,16,20,UPI,Failed,Covered,65,0.0,65.0,0.19
PT100210,F005,Car,Regular,2025-11-07,15,105,UPI,Paid,Open,50,0.0,100.0,0.56
PT100211,F007,EV Car,Regular,2025-04-24,14,183,Wallet,Paid,EV Parking,55,11.0,220.0,0.83
PT100212,F007,Car,Member,2025-07-21,12,122,Credit Card,Paid,Covered,50,7.5,150.0,0.45
PT100213,F005,Car,Member,2025-01-30,14,127,Cash,Paid,Open,50,0.0,150.0,0.56
PT100214,F007,SUV,Regular,2025-12-30,15,160,UPI,Paid,Covered,65,19.5,195.0,0.43
PT100215,F003,Car,Member,2025-09-04,13,116,Credit Card,Paid,Covered,50,9.5,95.0,0.61
PT100216,F005,Bike,Member,2025-03-22,20,63,Credit Card,Paid,Two-Wheeler,25,5.0,50.0,0.63
PT100217,F004,Bike,Regular,2025-09-03,15,127,Cash,Paid,Two-Wheeler,25,0.0,67.5,0.57
PT100218,F005,SUV,Regular,2025-07-03,18,106,UPI,Paid,Open,65,0.0,130.0,0.99
PT100219,F008,Car,Member,2025-09-30,9,173,UPI,Paid,Open,50,22.5,150.0,0.81
PT100220,F007,Car,Regular,2025-02-02,16,162,UPI,Pending,Open,50,0.0,150.0,0.46
PT100221,F003,Car,Visitor,2025-04-12,14,173,Cash,Paid,Covered,50,0.0,142.5,0.34
PT100222,F003,Bike,Visitor,2025-10-04,12,284,Wallet,Paid,Two-Wheeler,25,0.0,125.0,0.55
PT100223,F006,Car,Member,2025-04-21,9,79,Wallet,Paid,Covered,50,4.75,95.0,0.64
PT100224,F004,Car,Regular,2025-07-25,12,163,Wallet,Failed,Covered,50,27.0,135.0,0.33
PT100225,F002,Car,Regular,2025-09-23,13,46,UPI,Paid,Covered,50,0.0,50.0,0.32
PT100226,F002,Car,Visitor,2025-08-03,10,92,UPI,Pending,Covered,50,15.0,100.0,0.53
PT100227,F005,Bike,Regular,2025-04-13,15,71,UPI,Paid,Two-Wheeler,25,0.0,47.5,0.48
PT100228,F006,SUV,Regular,2025-10-22,12,117,UPI,Paid,Covered,65,5.52,110.5,0.75
PT100229,F001,Car,Regular,2025-03-19,17,185,Cash,Paid,Covered,50,10.0,200.0,0.94
PT100230,F005,Bike,Regular,2025-06-24,15,224,Cash,Paid,Two-Wheeler,25,0.0,95.0,0.64
PT100231,F006,Bike,Regular,2025-12-08,12,170,UPI,Paid,Two-Wheeler,25,0.0,75.0,0.41
PT100232,F004,Car,Member,2025-02-21,12,199,Credit Card,Failed,Open,50,0.0,170.0,0.54
PT100233,F004,SUV,,2025-10-24,20,71,Wallet,Paid,Open,65,23.4,117.0,0.73
PT100234,F004,Car,Regular,2025-06-24,20,295,Credit Card,Paid,Open,50,11.88,237.5,0.99
PT100235,F004,Bike,Visitor,2025-12-09,13,158,UPI,Paid,Two-Wheeler,25,11.25,75.0,0.36
PT100236,F004,Car,Regular,2025-07-18,15,50,Credit Card,Paid,Open,50,5.0,50.0,0.27
PT100237,F006,Bike,Regular,2025-03-29,21,84,UPI,Paid,Two-Wheeler,25,0.0,50.0,0.31
PT100238,F006,Bike,Regular,2025-06-20,22,98,Credit Card,Paid,Two-Wheeler,25,5.0,50.0,0.59
PT100239,F003,Car,Member,2025-02-06,8,199,Credit Card,Paid,Covered,50,0.0,200.0,0.67
PT100240,F008,Car,Regular,2025-05-03,14,95,UPI,Paid,Open,50,0.0,100.0,0.43
PT100241,F002,EV Car,Regular,2025-07-20,16,45,Wallet,Paid,EV Parking,55,5.5,55.0,0.26
PT100242,F007,Bike,Visitor,2025-03-05,10,54,Credit Card,Failed,Two-Wheeler,25,2.12,21.25,0.66
PT100243,F004,Bike,Member,2025-07-07,17,64,Credit Card,Paid,Two-Wheeler,25,0.0,50.0,0.89
PT100244,F001,EV Car,Regular,2025-08-03,13,77,Wallet,Paid,EV Parking,55,0.0,110.0,0.23
PT100245,F007,SUV,Member,2025-08-31,14,119,UPI,Paid,Covered,65,6.5,130.0,0.44
PT100246,F006,Bike,Member,2025-05-30,11,138,UPI,Paid,Two-Wheeler,25,11.25,75.0,0.52
PT100247,F001,SUV,Regular,2025-05-04,12,36,Cash,Paid,Covered,65,3.25,65.0,0.62
PT100248,F001,SUV,Regular,2025-07-17,8,133,UPI,Paid,Open,65,0.0,195.0,0.7
PT100249,F001,Bike,Member,2025-02-05,19,122,Debit Card,Paid,Two-Wheeler,25,0.0,75.0,0.73
PT100250,F003,Bike,,2025-10-29,13,151,UPI,Paid,Two-Wheeler,25,0.0,75.0,0.69
PT100251,F006,Car,Regular,2025-10-05,10,80,UPI,Paid,Covered,50,5.0,100.0,0.73
PT100252,F001,EV Car,Visitor,2025-02-04,10,164,Credit Card,Paid,EV Parking,55,21.04,140.25,0.94
PT100253,F004,Bike,Member,2025-04-23,13,197,UPI,Paid,Two-Wheeler,25,0.0,100.0,0.95
PT100254,F005,Car,Regular,2025-06-24,15,462,Debit Card,Paid,Open,50,0.0,400.0,0.56
PT100255,F001,SUV,Member,2025-02-02,16,134,Debit Card,Paid,Covered,65,0.0,195.0,0.35
PT100256,F003,Bike,Visitor,2025-08-01,19,166,Wallet,Paid,Two-Wheeler,25,7.12,71.25,0.86
PT100257,F007,Car,Regular,2025-07-22,15,79,Debit Card,Paid,Covered,50,9.5,95.0,0.69
PT100258,F006,Bike,Regular,2025-09-11,13,32,UPI,Paid,Two-Wheeler,25,0.0,25.0,0.41
PT100259,F008,Car,Member,2025-02-25,13,69,Cash,Paid,Covered,50,0.0,100.0,0.62
PT100260,F003,SUV,Regular,2025-11-19,14,76,Debit Card,Paid,Covered,65,6.5,130.0,0.22
PT100261,F001,Car,Regular,2025-01-13,14,149,Debit Card,Pending,Covered,50,0.0,150.0,0.67
PT100262,F006,SUV,Member,2025-02-19,15,74,Cash,Paid,Open,65,11.7,117.0,0.4
PT100263,F005,Bike,Member,2025-09-05,14,177,Credit Card,Paid,Two-Wheeler,25,0.0,63.75,0.25
PT100264,F001,Car,Regular,2025-08-21,8,146,Credit Card,Paid,Open,50,0.0,142.5,0.7
PT100265,F003,EV Car,Regular,2025-01-28,14,186,Debit Card,Paid,EV Parking,55,33.0,220.0,0.71
PT100266,F002,Bike,Member,2025-04-14,7,480,UPI,Paid,Two-Wheeler,25,0.0,200.0,0.51
PT100267,F004,Car,Regular,2025-12-20,10,305,UPI,Paid,Covered,50,0.0,270.0,0.75
PT100268,F008,Bike,Member,2025-04-06,13,73,Credit Card,Paid,Two-Wheeler,25,0.0,50.0,0.65
PT100269,F007,SUV,Member,2025-12-09,14,60,UPI,Paid,Covered,65,0.0,65.0,0.58
PT100270,F003,Car,Regular,2025-12-10,10,120,UPI,Paid,Open,50,0.0,95.0,0.69
PT100271,F006,Car,Member,2025-07-12,11,65,UPI,Pending,Covered,50,0.0,100.0,0.51
PT100272,F008,Car,Regular,2025-05-05,12,190,Credit Card,Paid,Covered,50,0.0,200.0,0.81
PT100273,F008,Car,Regular,2025-03-22,10,146,UPI,Paid,Covered,50,0.0,142.5,0.78
PT100274,F008,SUV,Regular,2025-01-07,22,39,Debit Card,Paid,Covered,65,3.09,61.75,0.54
PT100275,F001,Bike,Regular,2025-11-26,17,86,UPI,Paid,Two-Wheeler,25,2.38,47.5,0.99
PT100276,F004,Car,Visitor,2025-03-24,17,145,Credit Card,Failed,Open,50,0.0,120.0,0.55
PT100277,F001,Car,Regular,2025-01-24,14,45,UPI,Paid,Covered,50,0.0,50.0,0.63
PT100278,F006,Car,Regular,2025-04-24,20,150,Debit Card,Paid,Open,50,0.0,120.0,0.83
PT100279,F001,EV Car,Member,2025-01-15,16,287,UPI,Paid,EV Parking,55,41.25,275.0,0.49
PT100280,F002,Car,Regular,2025-04-23,12,193,Wallet,Paid,Covered,50,30.0,200.0,0.67
PT100281,F004,EV Car,Regular,2025-12-08,15,48,Wallet,Paid,EV Parking,55,0.0,46.75,0.35
PT100282,F004,Bike,Member,2025-09-07,14,24,Cash,Paid,Two-Wheeler,25,0.0,25.0,0.48
PT100283,F006,Car,Regular,2025-05-25,14,60,Wallet,Paid,Covered,50,0.0,50.0,0.33
PT100284,F007,SUV,Member,2025-01-19,17,25,Credit Card,Paid,Covered,65,0.0,65.0,0.71
PT100285,F002,Bike,Member,2025-01-09,14,71,Credit Card,Paid,Two-Wheeler,25,2.5,50.0,0.41
PT100286,F003,SUV,Member,2025-11-16,16,69,Debit Card,Paid,Covered,65,0.0,123.5,0.65
PT100287,F001,EV Car,Regular,2025-07-04,11,27,Debit Card,Paid,EV Parking,55,0.0,55.0,0.57
PT100288,F005,Car,Regular,2025-02-07,19,60,Cash,Paid,Covered,50,0.0,45.0,0.63
PT100289,F001,Car,Member,2025-07-30,8,203,Debit Card,Paid,Covered,50,0.0,200.0,0.79
PT100290,F008,SUV,Regular,2025-05-14,22,67,Wallet,Paid,Covered,65,0.0,117.0,0.15
PT100291,F001,Car,Member,2025-04-12,15,209,UPI,Paid,Covered,50,20.0,200.0,0.58
PT100292,F003,Car,Member,2025-05-29,13,118,Cash,Paid,Covered,50,0.0,100.0,0.21
PT100293,F001,Car,Regular,2025-04-03,12,171,Debit Card,Paid,Open,50,22.5,150.0,0.62
PT100294,F002,Car,Regular,2025-10-17,13,57,Debit Card,Paid,Open,50,0.0,42.5,0.46
PT100295,F002,SUV,Member,2025-05-20,16,43,UPI,Paid,Covered,65,5.85,58.5,0.82
PT100296,F004,Car,Member,2025-10-22,9,51,Debit Card,Paid,Covered,50,7.5,50.0,0.52
PT100297,F006,Bike,Regular,2025-12-18,11,126,Wallet,Paid,Two-Wheeler,25,15.0,75.0,0.61
PT100298,F007,Bike,Member,2025-09-19,9,144,UPI,Paid,Two-Wheeler,25,6.75,67.5,0.99
PT100299,F005,Bike,Member,2025-03-22,13,141,Debit Card,Paid,Two-Wheeler,25,7.5,75.0,0.45
PT100300,F008,Car,Regular,2025-02-01,13,33,UPI,Paid,Covered,50,2.12,42.5,0.54
PT100301,F001,SUV,Regular,2025-07-07,15,239,Wallet,Paid,Covered,65,26.0,260.0,0.5
PT100302,F001,Car,Regular,2025-05-16,22,44,Credit Card,Paid,Open,50,0.0,50.0,0.58
PT100303,F003,SUV,Visitor,2025-06-15,18,177,UPI,Paid,Covered,65,0.0,175.5,0.77
PT100304,F006,SUV,Member,2025-05-27,18,90,UPI,Paid,Covered,65,0.0,117.0,0.68
PT100305,F002,Bike,Regular,2025-09-02,15,221,Debit Card,Paid,Two-Wheeler,25,14.25,95.0,0.53
PT100306,F005,Bike,Member,2025-07-02,11,45,UPI,Paid,Two-Wheeler,25,0.0,25.0,0.99
PT100307,F004,Bike,Regular,2025-01-09,13,99,Credit Card,Paid,Two-Wheeler,25,0.0,50.0,0.7
PT100308,F002,Car,Visitor,2025-06-05,11,97,Wallet,Paid,Covered,50,4.5,90.0,0.38
PT100309,F008,SUV,Regular,2025-11-14,9,53,Cash,Paid,Covered,65,0.0,55.25,0.85
PT100310,F006,SUV,Regular,2025-06-25,13,167,UPI,Paid,Open,65,0.0,195.0,0.16
PT100311,F008,Car,Regular,2025-04-24,18,80,Wallet,Paid,Covered,50,0.0,80.0,0.71
PT100312,F007,Bike,Member,2025-08-31,16,30,Debit Card,Pending,Two-Wheeler,25,0.0,23.75,0.48
PT100313,F004,EV Car,Regular,2025-06-16,21,226,UPI,Paid,EV Parking,55,0.0,198.0,0.59
PT100314,F007,EV Car,Visitor,2025-08-11,10,164,UPI,Paid,EV Parking,55,0.0,148.5,0.78
PT100315,F003,Bike,Regular,2025-07-10,14,118,UPI,Paid,Two-Wheeler,25,0.0,50.0,0.46
PT100316,F008,Bike,Member,2025-10-02,17,28,Cash,Paid,Two-Wheeler,25,0.0,25.0,0.8
PT100317,F003,Car,Member,2025-10-16,13,71,UPI,Failed,Open,50,0.0,100.0,0.57
PT100318,F001,EV Car,Member,2025-03-05,12,263,UPI,Pending,EV Parking,55,13.75,275.0,0.69
PT100319,F007,Car,Member,2025-10-09,17,51,Debit Card,Paid,Covered,50,0.0,47.5,0.83
PT100320,F006,Bike,Regular,2025-06-22,13,51,Credit Card,Paid,Two-Wheeler,25,3.56,23.75,0.46
PT100321,F008,Car,Member,2025-09-14,19,69,Debit Card,Paid,Open,50,12.0,80.0,0.63
PT100322,F005,Car,Member,2025-07-22,11,99,Debit Card,Paid,Covered,50,0.0,100.0,0.44
PT100323,F004,Car,Regular,2025-03-18,18,69,UPI,Paid,Open,50,0.0,95.0,0.59
PT100324,F002,EV Car,Regular,2025-04-13,11,119,Cash,Paid,EV Parking,55,0.0,93.5,0.5
PT100325,F006,Car,Regular,2025-08-14,12,76,UPI,Pending,Covered,50,10.0,100.0,0.43
PT100326,F006,Bike,Regular,2025-08-14,13,111,Credit Card,Paid,Two-Wheeler,25,2.5,50.0,0.57
PT100327,F003,Car,Member,2025-08-15,14,117,Debit Card,Paid,Covered,50,10.0,100.0,0.37
PT100328,F007,Car,Member,2025-04-06,13,54,UPI,Paid,Open,50,0.0,40.0,0.83
PT100329,F008,Bike,Member,2025-03-17,18,261,Wallet,Paid,Two-Wheeler,25,5.94,118.75,0.74
PT100330,F008,Bike,Regular,2025-02-02,17,242,Credit Card,Paid,Two-Wheeler,25,0.0,125.0,0.99
PT100331,F001,Car,Member,2025-03-23,12,185,UPI,Paid,Open,50,16.0,160.0,0.38
PT100332,F001,Car,Regular,2025-03-10,14,76,Wallet,Paid,Open,50,0.0,100.0,0.55
PT100333,F004,Car,Member,2025-12-05,13,82,Credit Card,Paid,Open,50,5.0,100.0,0.44
PT100334,F003,Car,Visitor,2025-08-07,8,138,Debit Card,Paid,Covered,50,21.38,142.5,0.93
PT100335,F006,EV Car,Regular,2025-12-28,16,94,Credit Card,Paid,EV Parking,55,0.0,104.5,0.55
PT100336,F008,EV Car,Regular,2025-12-24,10,108,Cash,Paid,EV Parking,55,4.95,99.0,0.57
PT100337,F005,Car,Regular,2025-10-29,19,91,UPI,Paid,Open,50,0.0,95.0,0.84
PT100338,F003,Bike,Regular,2025-04-30,13,88,UPI,Pending,Two-Wheeler,25,4.75,47.5,0.63
PT100339,F004,EV Car,Regular,2025-02-17,15,89,Credit Card,Paid,EV Parking,55,0.0,110.0,0.39
PT100340,F004,Car,Visitor,2025-03-09,17,70,UPI,Paid,Covered,50,15.0,100.0,0.77
PT100341,F003,SUV,Regular,2025-12-05,10,68,Debit Card,Paid,Covered,65,0.0,130.0,0.97
PT100342,F004,EV Car,Regular,2025-03-26,14,318,UPI,Failed,EV Parking,55,66.0,330.0,0.46
PT100343,F003,Car,Regular,2025-10-03,11,73,UPI,Paid,Covered,50,9.0,90.0,0.58
PT100344,F002,Car,Regular,2025-09-13,14,283,UPI,Paid,Open,50,12.5,250.0,0.25
PT100345,F003,EV Car,Member,2025-07-24,14,357,Debit Card,Paid,EV Parking,55,28.05,280.5,0.91
PT100346,F007,Bike,Member,2025-08-21,10,149,Cash,Paid,Two-Wheeler,25,6.75,67.5,0.81
PT100347,F003,Car,Regular,2025-03-06,14,270,UPI,Paid,Covered,50,30.0,200.0,0.38
PT100348,F004,Car,Member,2025-11-13,13,58,Credit Card,Paid,Open,50,0.0,45.0,0.41
PT100349,F008,Bike,Member,2025-03-20,14,221,UPI,Paid,Two-Wheeler,25,5.0,100.0,0.15
PT100350,F007,Bike,Member,2025-01-14,19,112,Debit Card,Paid,Two-Wheeler,25,0.0,47.5,0.85
PT100351,F004,SUV,Regular,2025-11-21,13,182,UPI,Paid,Covered,65,13.0,260.0,0.66
PT100352,F001,EV Car,Visitor,2025-11-01,13,113,Credit Card,Paid,EV Parking,55,0.0,93.5,0.95
PT100353,F001,Car,Regular,2025-06-18,13,24,Debit Card,Paid,Covered,50,2.25,45.0,0.58
PT100354,F008,Bike,Regular,2025-06-08,15,97,Wallet,Paid,Two-Wheeler,25,2.25,45.0,0.55
PT100355,F008,Bike,Regular,2025-04-26,12,206,UPI,Paid,Two-Wheeler,25,0.0,95.0,0.55
PT100356,F007,Car,Member,2025-12-12,17,168,Debit Card,Paid,Covered,50,0.0,120.0,0.66
PT100357,F002,Car,Member,2025-07-11,12,161,Credit Card,Paid,Open,50,15.0,150.0,0.47
PT100358,F008,EV Car,Regular,2025-12-11,12,70,Wallet,Paid,EV Parking,55,11.0,110.0,0.45
PT100359,F001,SUV,Member,2025-07-02,14,43,UPI,Pending,Covered,65,0.0,65.0,0.38
PT100360,F003,Bike,Member,2025-08-19,11,340,UPI,Paid,Two-Wheeler,25,7.12,142.5,0.54
PT100361,F004,Bike,Regular,2025-06-17,8,158,Cash,Paid,Two-Wheeler,25,10.12,67.5,0.91
PT100362,F001,Car,Regular,2025-01-15,11,157,UPI,Paid,Open,50,0.0,135.0,0.27
PT100363,F001,Bike,Regular,2025-07-12,19,233,UPI,Paid,Two-Wheeler,25,0.0,100.0,0.78
PT100364,F002,Bike,Regular,2025-08-21,6,120,UPI,Paid,Two-Wheeler,25,0.0,45.0,0.63
PT100365,F007,Bike,Regular,2025-09-20,9,38,Cash,Paid,Two-Wheeler,25,1.25,25.0,0.83
PT100366,F007,EV Car,Regular,2025-02-23,16,207,UPI,Paid,EV Parking,55,0.0,220.0,0.59
PT100367,F006,Bike,Visitor,2025-06-29,21,108,Cash,Paid,Two-Wheeler,25,5.0,50.0,0.61
PT100368,F002,Car,Member,2025-01-04,15,226,Credit Card,Paid,Covered,50,9.5,190.0,0.59
PT100369,F003,SUV,Regular,2025-09-14,19,151,UPI,Paid,Covered,65,0.0,185.25,0.55
PT100370,F007,Car,Visitor,2025-12-27,18,123,UPI,Paid,Covered,50,22.5,150.0,0.88
PT100371,F004,Car,Regular,2025-11-18,13,80,UPI,Paid,Covered,50,9.0,90.0,0.43
PT100372,F008,Car,Regular,2025-08-28,12,97,Debit Card,Paid,Open,50,0.0,100.0,0.49
PT100373,F002,Bike,Regular,2025-06-12,15,99,Debit Card,Paid,Two-Wheeler,25,0.0,50.0,0.58
PT100374,F008,SUV,Regular,2025-12-03,14,220,Credit Card,Paid,Covered,65,0.0,260.0,0.51
PT100375,F001,Bike,Member,2025-05-18,7,85,UPI,Paid,Two-Wheeler,25,0.0,50.0,0.36
PT100376,F004,SUV,Visitor,2025-11-20,20,180,Debit Card,Paid,Open,65,0.0,165.75,0.92
PT100377,F004,Bike,Regular,2025-08-17,14,92,Cash,Paid,Two-Wheeler,25,6.38,42.5,0.38
PT100378,F001,Car,Visitor,2025-04-12,18,20,Debit Card,Paid,Open,50,0.0,50.0,0.72
PT100379,F002,SUV,Regular,2025-07-12,16,73,Cash,Paid,Covered,65,0.0,130.0,0.66
PT100380,F001,Car,Member,2025-11-03,12,158,UPI,Paid,Covered,50,12.0,120.0,0.39
PT100381,F008,Car,Member,2025-01-30,19,180,Cash,Paid,Covered,50,7.5,150.0,0.99
PT100382,F006,Bike,Visitor,2025-10-22,17,169,UPI,Paid,Two-Wheeler,25,11.25,75.0,0.66
PT100383,F004,Car,Regular,2025-09-04,13,34,UPI,Paid,Open,50,4.5,45.0,0.44
PT100384,F005,Car,Member,2025-08-09,17,20,Cash,Pending,Covered,50,0.0,50.0,0.81
PT100385,F005,Bike,Regular,2025-06-21,11,56,Wallet,Paid,Two-Wheeler,25,0.0,22.5,0.29
PT100386,F008,Bike,Regular,2025-06-09,15,77,Debit Card,Paid,Two-Wheeler,25,9.5,47.5,0.3
PT100387,F003,Bike,Regular,2025-06-21,9,116,UPI,Paid,Two-Wheeler,25,4.75,47.5,0.99
PT100388,F007,EV Car,Regular,2025-03-04,18,149,UPI,Paid,EV Parking,55,33.0,165.0,0.8
PT100389,F001,Bike,Regular,2025-03-02,16,52,Credit Card,Pending,Two-Wheeler,25,0.0,25.0,0.66
PT100390,F001,SUV,Visitor,2025-03-06,10,137,Cash,Paid,Covered,65,27.79,185.25,0.9
PT100391,F003,Car,Member,2025-06-18,7,143,UPI,Paid,Open,50,7.12,142.5,0.54
PT100392,F003,Bike,Member,2025-03-22,13,235,Cash,Paid,Two-Wheeler,25,0.0,85.0,0.51
PT100393,F008,SUV,Regular,2025-09-04,15,221,UPI,Paid,Open,65,13.0,260.0,0.38
PT100394,F008,Bike,Visitor,2025-09-25,12,117,Cash,Pending,Two-Wheeler,25,2.5,50.0,0.72
PT100395,F003,SUV,Regular,2025-09-15,21,107,Wallet,Paid,Covered,65,0.0,130.0,0.45
PT100396,F004,Car,Regular,2025-03-14,19,65,Credit Card,Paid,Covered,50,0.0,80.0,0.7
PT100397,F008,Car,Regular,2025-11-28,14,68,UPI,Paid,Open,50,10.0,100.0,0.15
PT100398,F006,Bike,Regular,2025-07-07,12,83,Cash,Paid,Two-Wheeler,25,0.0,45.0,0.74
PT100399,F008,Car,Visitor,2025-01-25,18,41,Credit Card,Paid,Covered,50,0.0,50.0,0.76
PT100400,F001,SUV,Visitor,2025-08-16,17,24,Debit Card,Paid,Covered,65,0.0,65.0,0.66
PT100401,F008,Car,Regular,2025-04-28,8,80,Debit Card,Paid,Covered,50,0.0,100.0,0.99
PT100402,F004,EV Car,Regular,2025-04-18,13,84,UPI,Paid,EV Parking,55,16.5,110.0,0.22
PT100403,F003,EV Car,Member,2025-08-30,21,204,Cash,Paid,EV Parking,55,22.0,220.0,0.33
PT100404,F001,Car,Regular,2025-04-09,13,107,UPI,Paid,Open,50,0.0,100.0,0.32
PT100405,F008,Car,Regular,2025-01-22,19,55,Wallet,Paid,Open,50,9.5,47.5,0.85
PT100406,F004,SUV,Regular,2025-02-25,21,156,UPI,Pending,Covered,65,27.79,185.25,0.53
PT100407,F006,EV Car,Member,2025-05-29,13,93,Debit Card,Paid,EV Parking,55,0.0,110.0,0.55
PT100408,F008,Bike,Visitor,2025-11-07,20,38,UPI,Paid,Two-Wheeler,25,2.5,25.0,0.93
PT100409,F004,Car,Regular,2025-02-09,9,129,UPI,Paid,Open,50,0.0,150.0,0.8
PT100410,F006,Bike,Regular,2025-05-30,10,125,UPI,Paid,Two-Wheeler,25,15.0,75.0,0.8
PT100411,F003,Bike,Member,2025-05-01,11,153,Debit Card,Pending,Two-Wheeler,25,3.56,71.25,0.21
PT100412,F008,Car,Regular,2025-09-17,13,34,Credit Card,Paid,Open,50,2.38,47.5,0.57
PT100413,F006,SUV,Regular,2025-01-26,10,150,Cash,Paid,Covered,65,0.0,165.75,0.63
PT100414,F001,Car,Regular,2025-04-22,12,340,UPI,Paid,Covered,50,40.5,270.0,0.56
PT100415,F003,Car,Regular,2025-01-23,9,386,Debit Card,Pending,Covered,50,0.0,332.5,0.84
PT100416,F001,Car,Member,2025-06-18,13,267,Debit Card,Paid,Covered,50,0.0,250.0,0.63
PT100417,F005,Car,Regular,2025-11-10,17,92,UPI,Paid,Covered,50,0.0,100.0,0.99
PT100418,F002,Car,Visitor,2025-09-21,14,197,UPI,Paid,Covered,50,20.0,200.0,0.77
PT100419,F008,Bike,Regular,2025-04-26,17,53,Credit Card,Paid,Two-Wheeler,25,0.0,25.0,0.98
PT100420,F006,Car,Visitor,2025-11-03,9,127,UPI,Pending,Open,50,22.5,150.0,0.68
PT100421,F002,Car,Visitor,2025-08-19,13,173,UPI,Paid,Open,50,7.5,150.0,0.87
PT100422,F002,Car,Visitor,2025-07-08,7,79,Debit Card,Paid,Covered,50,0.0,100.0,0.58
PT100423,F006,EV Car,Visitor,2025-09-14,12,77,UPI,Paid,EV Parking,55,0.0,104.5,0.87
PT100424,F003,Car,Member,2025-04-30,15,73,Debit Card,Pending,Covered,50,0.0,85.0,0.63
PT100425,F008,Bike,Visitor,2025-10-13,14,371,Wallet,Paid,Two-Wheeler,25,8.75,175.0,0.15
PT100426,F005,Bike,Member,2025-09-30,8,101,Credit Card,Paid,Two-Wheeler,25,4.25,42.5,0.92
PT100427,F001,EV Car,Member,2025-12-24,8,174,Credit Card,Paid,EV Parking,55,0.0,165.0,0.83
PT100428,F004,Car,Member,2025-06-01,12,159,UPI,Paid,Covered,50,14.25,142.5,0.45
PT100429,F001,Bike,Member,2025-03-27,16,72,Cash,Paid,Two-Wheeler,25,0.0,47.5,0.6
PT100430,F004,SUV,Regular,2025-11-21,7,119,UPI,Paid,Open,65,13.0,130.0,0.51
PT100431,F001,Bike,Regular,2025-12-11,15,102,Credit Card,Paid,Two-Wheeler,25,7.5,50.0,0.59
PT100432,F006,Car,Member,2025-11-23,10,166,Wallet,Paid,Covered,50,15.0,150.0,0.72
PT100433,F005,Bike,Regular,2025-09-03,20,296,Credit Card,Paid,Two-Wheeler,25,5.31,106.25,0.77
PT100434,F008,Car,Regular,2025-11-10,13,92,Debit Card,Paid,Covered,50,10.0,100.0,0.44
PT100435,F004,Bike,Regular,2025-11-11,7,101,Credit Card,Paid,Two-Wheeler,25,0.0,50.0,0.44
PT100436,F008,SUV,Member,2025-10-20,16,148,UPI,Paid,Open,65,0.0,156.0,0.54
PT100437,F008,Car,Member,2025-06-11,13,137,Debit Card,Paid,Covered,50,0.0,135.0,0.62
PT100438,F008,SUV,Member,2025-04-10,18,131,UPI,Paid,Covered,65,0.0,195.0,0.6
PT100439,F007,Car,Member,2025-07-04,15,107,Debit Card,Paid,Covered,50,10.0,100.0,0.47
PT100440,F003,SUV,Regular,2025-10-03,15,210,UPI,Paid,Covered,65,13.0,260.0,0.49
PT100441,F001,Bike,Regular,2025-01-17,16,210,Cash,Paid,Two-Wheeler,25,14.25,95.0,0.68
PT100442,F008,Car,Member,2025-09-17,13,151,UPI,Paid,Covered,50,0.0,150.0,0.56
PT100443,F001,Car,Regular,2025-09-02,17,253,Credit Card,Failed,Open,50,22.5,225.0,0.6
PT100444,F008,EV Car,Regular,2025-11-02,8,30,Credit Card,Paid,EV Parking,55,0.0,55.0,0.82
PT100445,F004,Car,Visitor,2025-12-04,16,269,Credit Card,Paid,Covered,50,0.0,250.0,0.59
PT100446,F003,Car,Member,2025-02-19,15,285,UPI,Paid,Open,50,25.0,250.0,0.64
PT100447,F003,Car,Regular,2025-09-29,14,58,Credit Card,Paid,Covered,50,10.0,50.0,0.43
PT100448,F006,Bike,Regular,2025-08-23,12,158,UPI,Paid,Two-Wheeler,25,3.38,67.5,0.57
PT100449,F007,Bike,Member,2025-03-13,9,99,Credit Card,Paid,Two-Wheeler,25,0.0,50.0,0.8
PT100450,F006,Car,Visitor,2025-11-13,15,202,UPI,Paid,Covered,50,10.0,200.0,0.55
PT100451,F006,Car,Regular,2025-02-13,13,282,Credit Card,Paid,Covered,50,0.0,225.0,0.53
PT100452,F006,Car,Regular,2025-11-02,11,359,UPI,Paid,Covered,50,45.0,300.0,0.84
PT100453,F006,Car,Regular,2025-03-21,7,168,Wallet,Paid,Covered,50,12.0,120.0,0.88
PT100454,F006,Car,Regular,2025-10-13,14,135,Credit Card,Paid,Covered,50,0.0,127.5,0.68
PT100455,F005,SUV,Member,2025-02-18,9,166,UPI,Paid,Open,65,0.0,175.5,0.75
PT100456,F003,Car,Member,2025-04-08,19,51,Credit Card,Paid,Open,50,0.0,50.0,0.88
PT100457,F006,Car,Regular,2025-01-25,10,217,Cash,Paid,Covered,50,34.0,170.0,0.75
PT100458,F008,Car,Visitor,2025-08-02,7,185,UPI,Failed,Open,50,0.0,180.0,0.51
PT100459,F003,EV Car,Member,2025-02-25,11,153,Debit Card,Paid,EV Parking,55,14.85,148.5,0.46
PT100460,F003,EV Car,Regular,2025-09-12,10,57,Credit Card,Paid,EV Parking,55,2.75,55.0,0.54
PT100461,F002,SUV,Regular,2025-06-05,17,88,UPI,Paid,Covered,65,6.18,123.5,0.41
PT100462,F005,Car,Member,2025-06-10,12,95,Cash,Paid,Covered,50,0.0,85.0,0.45
PT100463,F006,Car,Regular,2025-07-13,11,84,UPI,Paid,Open,50,15.0,100.0,0.41
PT100464,F001,Car,Regular,2025-01-04,22,177,UPI,Paid,Open,50,0.0,142.5,0.41
PT100465,F004,Car,Regular,2025-09-25,10,92,Cash,Paid,Open,50,5.0,100.0,0.97
PT100466,F007,Bike,Regular,2025-02-05,8,63,Debit Card,Paid,Two-Wheeler,25,2.38,47.5,0.66
PT100467,F008,SUV,Member,2025-01-16,12,245,Cash,Paid,Open,65,13.81,276.25,0.34
PT100468,F001,SUV,Regular,2025-05-17,13,326,Debit Card,Paid,Covered,65,58.5,390.0,0.69
PT100469,F005,SUV,Regular,2025-03-19,16,30,Debit Card,Paid,Covered,65,0.0,52.0,0.49
PT100470,F004,Car,Regular,2025-11-07,20,45,Cash,Paid,Covered,50,0.0,50.0,0.68
PT100471,F005,Bike,Member,2025-03-14,16,61,UPI,Paid,Two-Wheeler,25,0.0,50.0,0.49
PT100472,F008,Car,Regular,2025-11-16,16,104,Debit Card,Paid,Open,50,0.0,100.0,0.65
PT100473,F003,Car,Visitor,2025-09-02,22,423,Credit Card,Paid,Covered,50,0.0,380.0,0.5
PT100474,F004,SUV,Member,2025-12-12,16,89,UPI,Paid,Covered,65,0.0,117.0,0.52
PT100475,F003,Car,Regular,2025-08-16,9,89,Credit Card,Paid,Open,50,0.0,90.0,0.77
PT100476,F008,Car,Regular,2025-07-14,13,85,UPI,Paid,Covered,50,0.0,80.0,0.55
PT100477,F001,Car,Member,2025-09-03,14,97,Debit Card,Paid,Covered,50,0.0,100.0,0.42
PT100478,F008,Bike,Visitor,2025-03-30,12,119,Credit Card,Paid,Two-Wheeler,25,2.5,50.0,0.27
PT100479,F001,SUV,Member,2025-09-17,10,231,Wallet,Paid,Covered,65,12.35,247.0,0.81
PT100480,F004,Car,Member,2025-10-13,16,248,UPI,Paid,Covered,50,0.0,212.5,0.4
PT100481,F004,SUV,Member,2025-05-19,11,164,Credit Card,Paid,Covered,65,0.0,195.0,0.56
PT100482,F006,Car,Member,2025-02-20,15,77,UPI,Paid,Covered,50,0.0,100.0,0.33
PT100483,F005,Bike,Member,2025-05-27,12,204,Credit Card,Paid,Two-Wheeler,25,4.5,90.0,0.64
PT100484,F006,SUV,Regular,2025-08-30,14,257,Debit Card,Paid,Open,65,0.0,325.0,0.41
PT100485,F005,Bike,Member,2025-11-30,12,62,Debit Card,Paid,Two-Wheeler,25,0.0,42.5,0.47
PT100486,F006,EV Car,Visitor,2025-08-20,13,208,Cash,Paid,EV Parking,55,0.0,198.0,0.38
PT100487,F003,Car,Regular,2025-01-27,16,107,Cash,Failed,Covered,50,0.0,100.0,0.67
PT100488,F004,Bike,Regular,2025-12-10,18,56,UPI,Paid,Two-Wheeler,25,0.0,20.0,0.84
PT100489,F001,Bike,Regular,2025-07-27,14,193,UPI,Paid,Two-Wheeler,25,5.0,100.0,0.35
PT100490,F005,EV Car,Regular,2025-05-18,15,293,Debit Card,Pending,EV Parking,55,11.69,233.75,0.86
PT100491,F008,Car,Regular,2025-06-04,18,246,Credit Card,Paid,Covered,50,25.0,250.0,0.65
PT100492,F005,SUV,Member,2025-01-07,10,20,UPI,Failed,Open,65,3.09,61.75,0.65
PT100493,F001,Bike,Visitor,2025-04-25,10,348,Credit Card,Paid,Two-Wheeler,25,6.75,135.0,0.84
PT100494,F006,Car,Regular,2025-04-02,12,173,UPI,Failed,Covered,50,0.0,142.5,0.71
PT100495,F005,Bike,Member,2025-12-12,12,20,UPI,Paid,Two-Wheeler,25,2.5,25.0,0.53
PT100496,F007,Car,Regular,2025-03-23,21,28,Cash,Paid,Covered,50,0.0,47.5,0.56
PT100497,F003,Bike,Regular,2025-01-13,14,90,UPI,Paid,Two-Wheeler,25,0.0,50.0,0.55
PT100498,F004,SUV,Member,2025-03-13,14,64,UPI,Paid,Covered,65,5.52,110.5,0.44
PT100499,F001,Bike,Regular,2025-04-01,14,158,UPI,Failed,Two-Wheeler,25,0.0,75.0,0.54
PT100500,F004,Bike,Regular,2025-07-07,18,106,Cash,Paid,Two-Wheeler,25,0.0,50.0,0.95
PT100501,F007,Bike,Regular,2025-04-15,11,128,Wallet,Paid,Two-Wheeler,25,7.12,71.25,0.76
PT100502,F005,Car,Regular,2025-10-27,14,210,Debit Card,Paid,Covered,50,28.5,190.0,0.62
PT100503,F005,Car,Visitor,2025-03-25,11,293,UPI,Paid,Open,50,33.75,225.0,0.68
PT100504,F008,Bike,Member,2025-01-28,16,134,Wallet,Paid,Two-Wheeler,25,0.0,75.0,0.62
PT100505,F007,Car,Regular,2025-10-06,16,109,Debit Card,Paid,Open,50,0.0,85.0,0.46
PT100506,F001,Car,Member,2025-01-12,20,118,Cash,Failed,Covered,50,8.5,85.0,0.92
PT100507,F008,Bike,Regular,2025-11-03,13,87,Debit Card,Paid,Two-Wheeler,25,0.0,50.0,0.33
PT100508,F003,Car,Member,2025-12-30,10,143,UPI,Paid,Open,50,15.0,150.0,0.75
PT100509,F008,Car,Member,2025-05-30,18,286,Credit Card,Paid,Covered,50,0.0,225.0,0.99
PT100510,F002,Bike,Regular,2025-11-14,18,202,UPI,Failed,Two-Wheeler,25,0.0,100.0,0.74
PT100511,F001,Car,Regular,2025-01-26,11,399,UPI,Paid,Open,50,0.0,332.5,0.53
PT100512,F002,EV Car,Member,2025-08-02,11,182,Debit Card,Paid,EV Parking,55,20.9,209.0,0.41
PT100513,F007,SUV,Regular,2025-11-10,12,252,Cash,Paid,Covered,65,0.0,325.0,0.36
PT100514,F006,SUV,Regular,2025-08-28,13,104,Debit Card,Paid,Open,65,0.0,130.0,0.56
PT100515,F002,Car,Member,2025-08-10,17,61,Credit Card,Paid,Covered,50,0.0,90.0,0.8
PT100516,F003,SUV,Member,2025-03-09,10,149,UPI,Pending,Covered,65,0.0,175.5,0.98
PT100517,F008,SUV,Visitor,2025-09-19,15,94,UPI,Pending,Open,65,0.0,110.5,0.29
PT100518,F006,SUV,Regular,2025-04-21,12,109,UPI,Failed,Covered,65,11.05,110.5,0.6
PT100519,F008,Car,Regular,2025-05-10,10,20,Credit Card,Paid,Covered,50,0.0,50.0,0.85
PT100520,F002,Bike,Regular,2025-06-08,12,103,Credit Card,Paid,Two-Wheeler,25,4.5,45.0,0.44
PT100521,F008,SUV,Regular,2025-10-07,14,80,UPI,Paid,Covered,65,18.52,123.5,0.64
PT100522,F007,Bike,Member,2025-10-18,19,271,Wallet,Paid,Two-Wheeler,25,0.0,118.75,0.55
PT100523,F006,Bike,Member,2025-10-30,15,96,UPI,Paid,Two-Wheeler,25,0.0,50.0,0.32
PT100524,F007,Bike,Regular,2025-01-31,14,44,Cash,Paid,Two-Wheeler,25,1.12,22.5,0.24
PT100525,F002,Bike,Visitor,2025-03-30,9,73,Credit Card,Pending,Two-Wheeler,25,0.0,40.0,0.71
PT100526,F007,Car,Member,2025-11-28,8,81,UPI,Paid,Covered,50,0.0,100.0,0.82
PT100527,F003,Bike,Member,2025-04-28,9,106,Debit Card,Paid,Two-Wheeler,25,9.0,45.0,0.82
PT100528,F002,Car,Visitor,2025-05-10,9,105,Debit Card,Pending,Open,50,20.0,100.0,0.69
PT100529,F002,Bike,Member,2025-07-26,14,60,Credit Card,Paid,Two-Wheeler,25,2.5,25.0,0.77
PT100530,F002,Car,Regular,2025-12-26,13,95,Credit Card,Paid,Covered,50,0.0,100.0,0.54
PT100531,F001,Bike,Member,2025-02-28,6,37,UPI,Paid,Two-Wheeler,25,1.25,25.0,0.23
PT100532,F008,Car,Regular,2025-04-06,12,78,Debit Card,Paid,Covered,50,8.5,85.0,0.82
PT100533,F001,Bike,Regular,2025-11-15,9,27,Wallet,Paid,Two-Wheeler,25,0.0,25.0,0.99
PT100534,F001,SUV,Member,2025-09-03,21,59,UPI,Paid,Open,65,2.76,55.25,0.65
PT100535,F003,Car,Regular,2025-05-25,13,145,UPI,Paid,Open,50,0.0,127.5,0.57
PT100536,F006,Car,Regular,2025-11-06,13,85,Wallet,Paid,Covered,50,0.0,100.0,0.54
PT100537,F008,Car,Regular,2025-05-05,15,77,UPI,Paid,Covered,50,0.0,95.0,0.36
PT100538,F007,SUV,Regular,2025-01-22,12,76,Debit Card,Paid,Covered,65,0.0,130.0,0.54
PT100539,F005,Bike,Regular,2025-12-19,16,101,Credit Card,Paid,Two-Wheeler,25,0.0,50.0,0.53
PT100540,F002,Bike,Regular,2025-10-12,19,133,Credit Card,Paid,Two-Wheeler,25,7.5,75.0,0.82
PT100541,F007,Car,Regular,2025-07-26,14,261,UPI,Paid,Covered,50,45.0,225.0,0.45
PT100542,F002,Bike,Regular,2025-09-15,13,459,UPI,Paid,Two-Wheeler,25,10.0,200.0,0.25
PT100543,F003,SUV,Regular,2025-10-25,14,165,UPI,Paid,Covered,65,15.6,156.0,0.66
PT100544,F002,SUV,Regular,2025-02-21,14,255,Debit Card,Paid,Covered,65,65.0,325.0,0.5
PT100545,F001,Bike,Member,2025-02-07,17,219,Debit Card,Paid,Two-Wheeler,25,0.0,100.0,0.72
PT100546,F008,Car,Member,2025-06-02,13,41,Debit Card,Failed,Open,50,0.0,47.5,0.59
PT100547,F005,Car,Member,2025-11-29,8,172,Debit Card,Paid,Covered,50,0.0,120.0,0.94
PT100548,F004,Car,Visitor,2025-08-04,15,216,UPI,Paid,Covered,50,0.0,180.0,0.41
PT100549,F002,Car,Regular,2025-08-11,21,223,UPI,Paid,Covered,50,20.0,200.0,0.61
PT100550,F007,Car,Regular,2025-05-23,18,29,Cash,Paid,Covered,50,0.0,50.0,0.87
PT100551,F001,Car,Member,2025-04-15,16,88,Credit Card,Paid,Open,50,0.0,80.0,0.59
PT100552,F004,Car,Member,2025-01-10,10,150,UPI,Paid,Covered,50,0.0,150.0,0.84
PT100553,F005,EV Car,Visitor,2025-08-30,16,146,UPI,Paid,EV Parking,55,0.0,165.0,0.61
PT100554,F004,Bike,Visitor,2025-04-24,8,104,UPI,Paid,Two-Wheeler,25,7.5,50.0,0.78
PT100555,F001,SUV,Member,2025-08-21,14,193,UPI,Paid,Covered,65,0.0,234.0,0.64
PT100556,F008,SUV,Regular,2025-03-10,12,67,Cash,Paid,Covered,65,0.0,117.0,0.52
PT100557,F008,Car,Regular,2025-12-31,19,169,Wallet,Paid,Covered,50,0.0,150.0,0.99
PT100558,F006,SUV,Member,2025-02-13,10,72,Cash,Paid,Covered,65,0.0,130.0,0.99
PT100559,F008,Car,Regular,2025-06-18,16,253,Wallet,Paid,Covered,50,11.25,225.0,0.72
PT100560,F006,Bike,Regular,2025-07-30,7,75,Wallet,Paid,Two-Wheeler,25,0.0,50.0,0.21
PT100561,F004,Car,Regular,2025-10-03,15,61,Credit Card,Pending,Open,50,0.0,90.0,0.42
PT100562,F003,EV Car,Member,2025-04-17,12,70,UPI,Paid,EV Parking,55,0.0,110.0,0.82
PT100563,F007,Car,Member,2025-06-16,21,86,Debit Card,Paid,Covered,50,10.0,100.0,0.29
PT100564,F007,Car,Member,2025-07-24,15,79,UPI,Paid,Covered,50,5.0,100.0,0.85
PT100565,F004,EV Car,Member,2025-04-29,12,257,UPI,Paid,EV Parking,55,13.75,275.0,0.58
PT100566,F002,Car,Regular,2025-04-19,11,44,UPI,Paid,Covered,50,2.5,50.0,0.51
PT100567,F002,Bike,Member,2025-08-27,15,94,Credit Card,Paid,Two-Wheeler,25,5.0,50.0,0.43
PT100568,F008,SUV,Regular,2025-01-08,11,147,UPI,Paid,Covered,65,0.0,185.25,0.52
PT100569,F007,SUV,,2025-02-12,10,90,UPI,Paid,Open,65,0.0,117.0,0.77
PT100570,F007,EV Car,Regular,2025-10-24,15,245,Credit Card,Paid,EV Parking,55,0.0,247.5,0.39
PT100571,F006,EV Car,Regular,2025-05-12,16,121,Cash,Paid,EV Parking,55,0.0,165.0,0.33
PT100572,F003,Car,Regular,2025-07-25,11,76,Credit Card,Paid,Open,50,9.5,95.0,0.33
PT100573,F001,SUV,Member,2025-10-07,14,146,Cash,Paid,Covered,65,0.0,195.0,0.71
PT100574,F002,Bike,Member,2025-08-27,15,45,UPI,Paid,Two-Wheeler,25,2.5,25.0,0.62
PT100575,F007,Bike,Member,2025-10-04,20,59,UPI,Paid,Two-Wheeler,25,3.75,25.0,0.84
PT100576,F006,Car,Member,2025-02-15,17,131,Credit Card,Paid,Covered,50,0.0,150.0,0.63
PT100577,F005,Bike,Member,2025-07-17,13,140,Credit Card,Paid,Two-Wheeler,25,10.69,71.25,0.58
PT100578,F006,EV Car,Member,2025-05-01,17,81,Debit Card,Paid,EV Parking,55,5.22,104.5,0.99
PT100579,F002,EV Car,Regular,2025-10-27,13,31,,Paid,EV Parking,55,8.25,55.0,0.47
PT100580,F002,Bike,Visitor,2025-08-08,9,118,Debit Card,Paid,Two-Wheeler,25,0.0,47.5,0.76
PT100581,F006,Car,Member,2025-12-22,12,88,Wallet,Paid,Covered,50,0.0,100.0,0.59
PT100582,F001,Car,Regular,2025-10-16,17,163,UPI,Paid,Covered,50,0.0,150.0,0.56
PT100583,F004,SUV,Member,2025-04-04,20,79,UPI,Paid,Covered,65,0.0,130.0,0.99
PT100584,F002,SUV,Regular,2025-10-19,21,79,Credit Card,Paid,Open,65,0.0,123.5,0.65
PT100585,F006,Bike,Regular,2025-06-02,15,285,UPI,Paid,Two-Wheeler,25,18.75,125.0,0.62
PT100586,F007,Car,Visitor,2025-01-13,13,66,UPI,Paid,Open,50,5.0,100.0,0.53
PT100587,F006,Bike,Member,2025-07-26,10,118,UPI,Paid,Two-Wheeler,25,0.0,50.0,0.59
PT100588,F003,Bike,Member,2025-09-12,9,62,UPI,Failed,Two-Wheeler,25,0.0,47.5,0.87
PT100589,F004,EV Car,Member,2025-06-07,14,314,UPI,Paid,EV Parking,55,0.0,330.0,0.49
PT100590,F005,Bike,Regular,2025-09-27,16,203,UPI,Pending,Two-Wheeler,25,0.0,100.0,0.67
PT100591,F001,Car,Visitor,2025-11-02,12,358,Debit Card,Paid,Covered,50,45.0,300.0,0.49
PT100592,F008,Bike,Regular,2025-03-09,15,118,Credit Card,Paid,Two-Wheeler,25,0.0,42.5,0.86
PT100593,F005,Car,Regular,2025-09-14,14,66,Debit Card,Paid,Open,50,0.0,90.0,0.41
PT100594,F004,EV Car,Regular,2025-07-08,20,89,Debit Card,Paid,EV Parking,55,5.22,104.5,0.69
PT100595,F004,Car,Visitor,2025-01-03,11,144,UPI,Paid,Covered,50,0.0,150.0,0.4
PT100596,F004,Bike,Regular,2025-08-25,14,117,UPI,Paid,Two-Wheeler,25,0.0,50.0,0.88
PT100597,F005,Car,Member,2025-05-12,13,91,UPI,Paid,Covered,50,10.0,100.0,0.37
PT100598,F007,Bike,Regular,2025-06-20,11,40,Cash,Paid,Two-Wheeler,25,1.12,22.5,0.74
PT100599,F004,Bike,Member,2025-09-27,12,133,Debit Card,Paid,Two-Wheeler,25,15.0,75.0,0.15
PT100600,F006,SUV,Member,2025-03-30,12,27,UPI,Paid,Open,65,2.92,58.5,0.51
PT100601,F005,Car,Member,2025-04-13,14,59,UPI,Paid,Open,50,0.0,50.0,0.4
PT100602,F008,Car,Regular,2025-05-05,14,151,Wallet,Pending,Open,50,13.5,135.0,0.56
PT100603,F004,Car,Regular,2025-03-08,18,334,Credit Card,Pending,Open,50,45.0,300.0,0.99
PT100604,F006,Bike,Member,2025-09-20,16,101,Cash,Paid,Two-Wheeler,25,4.0,40.0,0.4
PT100605,F007,Car,Regular,2025-01-08,12,46,UPI,Paid,Covered,50,8.5,42.5,0.51
PT100606,F003,Bike,Regular,2025-02-13,19,63,UPI,Paid,Two-Wheeler,25,4.25,42.5,0.78
PT100607,F007,SUV,Visitor,2025-05-15,18,147,Debit Card,Paid,Covered,65,29.25,195.0,0.84
PT100608,F008,SUV,Regular,2025-09-05,15,32,Debit Card,Paid,Open,65,0.0,65.0,0.4
PT100609,F004,Bike,Regular,2025-10-31,6,151,Debit Card,Paid,Two-Wheeler,25,6.0,60.0,0.51
PT100610,F008,Bike,Regular,2025-11-14,11,256,Credit Card,Paid,Two-Wheeler,25,0.0,125.0,0.39
PT100611,F005,Car,Member,2025-01-25,16,187,Credit Card,Paid,Open,50,8.5,170.0,0.66
PT100612,F002,Bike,Member,2025-07-15,13,87,Debit Card,Paid,Two-Wheeler,25,2.5,50.0,0.55
PT100613,F004,SUV,Regular,2025-07-11,9,20,UPI,Paid,Covered,65,12.35,61.75,0.72
PT100614,F002,Car,Member,2025-05-02,13,149,UPI,Paid,Open,50,27.0,135.0,0.42
PT100615,F006,Bike,Member,2025-09-17,11,128,Cash,Paid,Two-Wheeler,25,0.0,75.0,0.52
PT100616,F003,SUV,Regular,2025-02-16,18,106,UPI,Paid,Covered,65,11.05,110.5,0.75
PT100617,F001,SUV,Member,2025-07-28,18,260,Credit Card,Paid,Covered,65,32.5,325.0,0.95
PT100618,F008,Car,Member,2025-10-28,13,421,Debit Card,Paid,Covered,50,0.0,360.0,0.46
PT100619,F007,Bike,Regular,2025-03-30,9,66,Wallet,Paid,Two-Wheeler,25,0.0,47.5,0.64
PT100620,F003,Car,Regular,2025-01-03,12,244,Credit Card,Paid,Open,50,0.0,250.0,0.5
PT100621,F004,Car,Regular,2025-05-25,9,250,Credit Card,Paid,Open,50,25.0,250.0,0.54
PT100622,F002,EV Car,Regular,2025-01-22,12,78,Cash,Paid,EV Parking,55,0.0,110.0,0.65
PT100623,F007,SUV,Regular,2025-02-08,16,202,Cash,Failed,Covered,65,52.0,260.0,0.73
PT100624,F002,SUV,Regular,2025-10-22,12,135,Debit Card,Paid,Covered,65,0.0,195.0,0.78
PT100625,F005,Car,Member,2025-04-17,14,80,Credit Card,Pending,Covered,50,20.0,100.0,0.2
PT100626,F002,SUV,Member,2025-04-10,9,103,UPI,Pending,Covered,65,0.0,130.0,0.72
PT100627,F005,Bike,Regular,2025-09-29,12,71,Credit Card,Paid,Two-Wheeler,25,5.0,50.0,0.64
PT100628,F006,Car,Regular,2025-08-17,7,209,Cash,Paid,Open,50,0.0,180.0,0.56
PT100629,F007,Bike,Regular,2025-10-12,14,132,Cash,Paid,Two-Wheeler,25,3.75,75.0,0.4
PT100630,F007,Car,Regular,2025-07-25,12,236,UPI,Paid,Covered,50,20.0,200.0,0.56
PT100631,F001,SUV,Member,2025-03-12,18,126,Credit Card,Paid,Open,65,29.25,195.0,0.86
PT100632,F004,Bike,Regular,2025-06-18,13,61,Credit Card,Failed,Two-Wheeler,25,4.75,47.5,0.49
PT100633,F005,Car,Regular,2025-07-04,14,106,Wallet,Paid,Covered,50,0.0,80.0,0.42
PT100634,F001,Car,Regular,2025-11-29,21,20,Debit Card,Paid,Open,50,0.0,50.0,0.38
PT100635,F002,Car,Regular,2025-07-27,15,403,UPI,Paid,Covered,50,0.0,350.0,0.64
PT100636,F002,Car,Visitor,2025-12-21,14,135,UPI,Paid,Covered,50,0.0,142.5,0.68
PT100637,F001,Bike,Regular,2025-09-28,9,51,Credit Card,Paid,Two-Wheeler,25,1.25,25.0,0.99
PT100638,F007,SUV,Visitor,2025-12-12,17,231,UPI,Paid,Covered,65,26.0,260.0,0.82
PT100639,F002,Car,Member,2025-05-15,15,84,Cash,Paid,Covered,50,9.0,90.0,0.45
PT100640,F008,Car,Member,2025-05-26,9,72,Debit Card,Pending,Covered,50,15.0,100.0,0.6
PT100641,F006,Bike,Member,2025-12-11,11,49,Credit Card,Paid,Two-Wheeler,25,2.5,25.0,0.49
PT100642,F006,SUV,Member,2025-05-29,14,41,Credit Card,Paid,Covered,65,6.5,65.0,0.54
PT100643,F008,Car,Regular,2025-04-26,7,98,Cash,Paid,Covered,50,0.0,80.0,0.55
PT100644,F001,Car,Regular,2025-07-06,16,196,UPI,Paid,Covered,50,0.0,180.0,0.46
PT100645,F008,Bike,Regular,2025-01-20,11,294,UPI,Paid,Two-Wheeler,25,6.25,125.0,0.78
PT100646,F005,Car,Visitor,2025-12-04,13,67,Wallet,Paid,Covered,50,13.5,90.0,0.72
PT100647,F005,Car,Visitor,2025-09-01,11,35,Cash,Paid,Covered,50,0.0,47.5,0.72
PT100648,F001,SUV,Member,2025-03-08,13,55,Cash,Paid,Covered,65,0.0,65.0,0.48
PT100649,F008,Bike,Visitor,2025-03-03,10,249,UPI,Paid,Two-Wheeler,25,6.25,125.0,0.82
PT100650,F005,Bike,Regular,2025-10-01,14,90,UPI,Paid,Two-Wheeler,25,0.0,50.0,0.45
PT100651,F007,SUV,Regular,2025-12-13,19,48,UPI,Paid,Covered,65,0.0,65.0,0.75
PT100652,F008,Bike,Regular,2025-04-20,17,203,UPI,Paid,Two-Wheeler,25,15.0,100.0,0.97
PT100653,F007,Car,Member,2025-02-25,11,64,Debit Card,Paid,Covered,50,5.0,100.0,0.39
PT100654,F005,Car,Visitor,2025-03-26,14,31,UPI,Paid,Open,50,0.0,47.5,0.52
PT100655,F006,Car,Regular,2025-09-21,13,193,Debit Card,Paid,Open,50,27.0,180.0,0.49
PT100656,F005,Car,Visitor,2025-04-17,20,295,UPI,Paid,Open,50,0.0,250.0,0.72
PT100657,F007,Bike,Visitor,2025-01-12,17,63,UPI,Paid,Two-Wheeler,25,6.0,40.0,0.9
PT100658,F003,SUV,Regular,2025-06-25,9,28,Wallet,Paid,Open,65,0.0,65.0,0.77
PT100659,F004,EV Car,Member,2025-12-25,10,152,UPI,Paid,EV Parking,55,7.01,140.25,0.79
PT100660,F002,Bike,Member,2025-11-15,15,119,UPI,Pending,Two-Wheeler,25,0.0,50.0,0.67
PT100661,F008,Car,Member,2025-01-27,10,43,UPI,Paid,Open,50,0.0,45.0,0.8
PT100662,F003,Car,Member,2025-10-18,20,286,UPI,Paid,Open,50,30.0,200.0,0.99
PT100663,F005,SUV,Regular,2025-05-10,22,45,Credit Card,Paid,Open,65,0.0,58.5,0.32
PT100664,F006,Bike,Member,2025-08-15,16,128,UPI,Paid,Two-Wheeler,25,0.0,75.0,0.73
PT100665,F001,Bike,Visitor,2025-05-16,7,110,Debit Card,Paid,Two-Wheeler,25,0.0,50.0,0.64
PT100666,F005,SUV,Regular,2025-01-20,13,139,Cash,Paid,Covered,65,15.6,156.0,0.63
PT100667,F006,SUV,Member,2025-09-21,13,20,Credit Card,Pending,Covered,65,5.85,58.5,0.4
PT100668,F004,SUV,Regular,2025-11-20,17,40,UPI,Paid,Open,65,11.7,58.5,0.86
PT100669,F005,Car,Regular,2025-06-08,12,208,Credit Card,Paid,Covered,50,0.0,190.0,0.31
PT100670,F007,SUV,Regular,2025-06-09,13,145,UPI,Paid,Covered,65,0.0,195.0,0.59
PT100671,F001,SUV,Regular,2025-12-08,9,175,Credit Card,Paid,Covered,65,0.0,195.0,0.67
PT100672,F006,Car,Member,2025-01-26,12,110,Debit Card,Paid,Open,50,5.0,100.0,0.66
PT100673,F006,Bike,Regular,2025-03-22,21,245,UPI,Paid,Two-Wheeler,25,23.75,118.75,0.32
PT100674,F006,Car,Regular,2025-01-18,20,92,Cash,Paid,Open,50,10.0,100.0,0.71
PT100675,F004,EV Car,Regular,2025-03-10,16,90,Wallet,Paid,EV Parking,55,5.22,104.5,0.43
PT100676,F005,Car,Regular,2025-05-10,19,138,Cash,Paid,Covered,50,0.0,120.0,0.81
PT100677,F004,Bike,Member,2025-05-15,11,69,UPI,Paid,Two-Wheeler,25,7.5,50.0,0.48
PT100678,F008,Car,Member,2025-10-30,15,123,Credit Card,Paid,Covered,50,0.0,135.0,0.58
PT100679,F002,SUV,Regular,2025-08-06,14,34,Wallet,Paid,Open,65,0.0,55.25,0.4
PT100680,F002,Car,Visitor,2025-11-06,13,387,UPI,Paid,Covered,50,0.0,315.0,0.75
PT100681,F008,Car,Regular,2025-01-15,12,83,Cash,Paid,Open,50,0.0,100.0,0.62
PT100682,F005,Bike,Member,2025-07-05,18,140,UPI,Paid,Two-Wheeler,25,0.0,71.25,0.63
PT100683,F007,EV Car,Member,2025-07-14,13,115,UPI,Paid,EV Parking,55,0.0,110.0,0.73
PT100684,F004,Car,Member,2025-07-10,16,30,Debit Card,Paid,Covered,50,0.0,42.5,0.52
PT100685,F001,Car,Member,2025-08-22,15,38,Debit Card,Paid,Covered,50,2.5,50.0,0.62
PT100686,F006,SUV,Regular,2025-03-07,9,200,Debit Card,Paid,Covered,65,0.0,260.0,0.77
PT100687,F006,Bike,Regular,2025-03-22,7,50,Wallet,Paid,Two-Wheeler,25,0.0,25.0,0.57
PT100688,F005,EV Car,Member,2025-02-05,17,39,UPI,Paid,EV Parking,55,11.0,55.0,0.99
PT100689,F007,Car,Member,2025-08-23,14,223,UPI,Paid,Open,50,20.0,200.0,0.64
PT100690,F002,Bike,Regular,2025-01-17,17,113,Wallet,Paid,Two-Wheeler,25,0.0,50.0,0.99
PT100691,F002,Car,Visitor,2025-01-02,12,29,UPI,Paid,Covered,50,0.0,50.0,0.63
PT100692,F006,Car,Regular,2025-02-02,18,63,Debit Card,Paid,Covered,50,15.0,100.0,0.73
PT100693,F005,Bike,Visitor,2025-12-15,17,20,Credit Card,Paid,Two-Wheeler,25,0.0,25.0,0.76
PT100694,F004,Bike,Regular,2025-05-14,13,34,UPI,Paid,Two-Wheeler,25,0.0,25.0,0.56
PT100695,F002,SUV,Member,2025-12-22,13,214,UPI,Paid,Covered,65,39.0,260.0,0.31
PT100696,F004,Car,Member,2025-12-10,12,142,Credit Card,Paid,Covered,50,0.0,142.5,0.51
PT100697,F007,Bike,Regular,2025-09-24,7,39,Cash,Paid,Two-Wheeler,25,2.38,23.75,0.69
PT100698,F002,Car,Regular,2025-01-05,15,75,Debit Card,Paid,Open,50,4.75,95.0,0.69
PT100699,F002,EV Car,Regular,2025-10-13,11,112,Debit Card,Paid,EV Parking,55,5.5,110.0,0.39
PT100700,F003,Car,Regular,2025-12-13,18,85,Credit Card,Paid,Covered,50,0.0,95.0,0.96
PT100701,F002,Car,Regular,2025-04-01,18,75,UPI,Paid,Open,50,0.0,95.0,0.72
PT100702,F008,Car,Member,2025-06-01,16,283,UPI,Paid,Open,50,0.0,237.5,0.15
PT100703,F001,Bike,Regular,2025-04-28,10,157,UPI,Paid,Two-Wheeler,25,0.0,75.0,0.69
PT100704,F008,Car,Regular,2025-03-02,8,103,UPI,Paid,Open,50,12.0,80.0,0.91
PT100705,F005,EV Car,Regular,2025-12-24,17,55,UPI,Paid,EV Parking,55,0.0,44.0,0.69
PT100706,F005,Car,Regular,2025-01-26,18,317,Credit Card,Paid,Open,50,12.75,255.0,0.81
PT100707,F004,SUV,Regular,2025-04-19,12,274,UPI,Failed,Covered,65,32.5,325.0,0.45
PT100708,F008,Car,Member,2025-10-22,12,127,UPI,Paid,Covered,50,13.5,135.0,0.48
PT100709,F008,Bike,Regular,2025-07-29,13,242,Credit Card,Paid,Two-Wheeler,25,0.0,125.0,0.65
PT100710,F008,EV Car,Member,2025-09-16,17,160,Credit Card,Paid,EV Parking,55,0.0,140.25,0.99
PT100711,F007,Car,Regular,2025-10-21,15,130,UPI,Paid,Covered,50,30.0,150.0,0.45
PT100712,F002,EV Car,Member,2025-02-11,9,142,Wallet,Paid,EV Parking,55,8.25,165.0,0.66
PT100713,F001,Bike,Member,2025-10-31,15,77,UPI,Paid,Two-Wheeler,25,4.75,47.5,0.59
PT100714,F004,EV Car,Member,2025-01-13,6,192,Cash,Paid,EV Parking,55,33.0,220.0,0.54
PT100715,F008,Bike,Regular,2025-03-30,16,96,UPI,Paid,Two-Wheeler,25,5.0,50.0,0.63
PT100716,F008,Car,Visitor,2025-03-29,16,158,Cash,Paid,Covered,50,0.0,135.0,0.77
PT100717,F003,Car,Member,2025-11-08,17,78,UPI,Paid,Open,50,4.5,90.0,0.96
PT100718,F004,Car,Regular,2025-07-06,15,76,Debit Card,Paid,Open,50,0.0,100.0,0.46
PT100719,F008,Car,Member,2025-03-04,10,97,UPI,Failed,Covered,50,5.0,100.0,0.85
PT100720,F004,Car,Regular,2025-12-02,17,175,Debit Card,Pending,Covered,50,27.0,135.0,0.79
PT100721,F002,Car,Member,2025-02-12,18,60,UPI,Paid,Covered,50,0.0,42.5,0.8
PT100722,F003,Bike,Member,2025-08-21,15,83,UPI,Paid,Two-Wheeler,25,0.0,45.0,0.62
PT100723,F004,SUV,Member,2025-08-22,11,139,Debit Card,Paid,Open,65,0.0,185.25,0.43
PT100724,F001,Car,Visitor,2025-03-16,10,100,UPI,Paid,Open,50,20.0,100.0,0.99
PT100725,F001,Car,Regular,2025-09-10,11,35,Wallet,Pending,Covered,50,0.0,42.5,0.54
PT100726,F005,Bike,Member,2025-11-09,6,42,UPI,Paid,Two-Wheeler,25,0.0,21.25,0.54
PT100727,F003,Car,Member,2025-05-29,6,116,Credit Card,Paid,Open,50,0.0,100.0,0.56
PT100728,F003,Car,Member,2025-07-01,12,134,Debit Card,Paid,Covered,50,0.0,142.5,0.71
PT100729,F005,Car,Member,2025-07-26,19,219,UPI,Paid,Covered,50,0.0,200.0,0.65
PT100730,F004,EV Car,Regular,2025-06-30,15,56,UPI,Paid,EV Parking,55,0.0,55.0,0.53
PT100731,F003,SUV,Regular,2025-06-22,13,82,Debit Card,Paid,Open,65,0.0,130.0,0.3
PT100732,F001,Car,Regular,2025-08-29,6,162,Debit Card,Paid,Open,50,0.0,150.0,0.44
PT100733,F001,Bike,Member,2025-06-13,21,122,Wallet,Paid,Two-Wheeler,25,0.0,75.0,0.61
PT100734,F008,Bike,Regular,2025-03-04,13,112,UPI,Paid,Two-Wheeler,25,0.0,50.0,0.44
PT100735,F002,Bike,Member,2025-08-23,22,110,Credit Card,Paid,Two-Wheeler,25,0.0,50.0,0.53
PT100736,F003,Bike,Member,2025-05-05,16,115,UPI,Paid,Two-Wheeler,25,2.5,50.0,0.45
PT100737,F004,Bike,Regular,2025-09-14,8,192,UPI,Paid,Two-Wheeler,25,0.0,95.0,0.93
PT100738,F005,Car,Member,2025-04-02,18,105,Debit Card,Paid,Covered,50,0.0,100.0,0.6
PT100739,F005,Car,Regular,2025-08-13,14,137,UPI,Paid,Covered,50,0.0,150.0,0.4
PT100740,F004,Bike,Visitor,2025-07-14,13,155,Credit Card,Paid,Two-Wheeler,25,0.0,75.0,0.4
PT100741,F007,SUV,Member,2025-07-26,16,126,UPI,Paid,Covered,65,0.0,185.25,0.6
PT100742,F006,Bike,Visitor,2025-10-15,16,189,Debit Card,Paid,Two-Wheeler,25,0.0,90.0,0.46
PT100743,F002,SUV,Member,2025-08-03,17,169,Wallet,Paid,Covered,65,27.79,185.25,0.8
PT100744,F005,EV Car,Member,2025-07-05,16,110,Debit Card,Paid,EV Parking,55,0.0,110.0,0.72
PT100745,F003,Car,Regular,2025-05-06,15,248,Credit Card,Paid,Covered,50,0.0,237.5,0.47
PT100746,F002,Bike,Regular,2025-10-09,15,42,Debit Card,Paid,Two-Wheeler,25,0.0,22.5,0.75
PT100747,F003,Bike,Member,2025-09-12,18,127,Debit Card,Paid,Two-Wheeler,25,0.0,75.0,0.46
PT100748,F007,EV Car,Regular,2025-03-02,15,172,UPI,Paid,EV Parking,55,0.0,156.75,0.33
PT100749,F001,EV Car,Visitor,2025-07-20,9,131,UPI,Paid,EV Parking,55,16.5,165.0,0.74
PT100750,F002,Bike,Member,2025-03-10,15,197,,Paid,Two-Wheeler,25,8.5,85.0,0.3
PT100751,F008,Car,Visitor,2025-10-12,10,378,Credit Card,Paid,Open,50,0.0,350.0,0.89
PT100752,F005,SUV,Regular,2025-03-04,6,48,Cash,Pending,Covered,65,0.0,55.25,0.59
PT100753,F002,Car,Visitor,2025-05-14,11,144,UPI,Paid,Open,50,0.0,150.0,0.6
PT100754,F002,SUV,Member,2025-08-27,10,217,UPI,Paid,Covered,65,0.0,221.0,0.58
PT100755,F002,EV Car,Regular,2025-09-09,9,20,Wallet,Paid,EV Parking,55,2.61,52.25,0.75
PT100756,F006,Car,Member,2025-12-27,11,203,Cash,Paid,Covered,50,0.0,200.0,0.52
PT100757,F002,Bike,Visitor,2025-07-06,14,480,Debit Card,Paid,Two-Wheeler,25,0.0,200.0,0.43
PT100758,F003,Bike,Regular,2025-01-21,10,253,UPI,Paid,Two-Wheeler,25,16.88,112.5,0.72
PT100759,F001,Bike,Regular,2025-12-09,11,117,UPI,Paid,Two-Wheeler,25,0.0,40.0,0.44
PT100760,F007,Car,Member,2025-10-18,17,51,UPI,Paid,Covered,50,0.0,42.5,0.72
PT100761,F004,SUV,Regular,2025-11-04,18,104,UPI,Paid,Covered,65,11.05,110.5,0.99
PT100762,F002,EV Car,Regular,2025-02-15,12,35,UPI,Paid,EV Parking,55,0.0,55.0,0.32
PT100763,F005,EV Car,Regular,2025-07-13,18,197,Credit Card,Paid,EV Parking,55,0.0,220.0,0.57
PT100764,F002,Car,Regular,2025-02-26,14,155,UPI,Paid,Covered,50,0.0,135.0,0.87
PT100765,F005,SUV,Regular,2025-02-11,11,90,UPI,Paid,Covered,65,19.5,130.0,0.82
PT100766,F003,SUV,Member,2025-11-29,16,113,UPI,Paid,Covered,65,0.0,123.5,0.7
PT100767,F005,Car,Member,2025-08-23,19,215,Debit Card,Paid,Covered,50,0.0,200.0,0.62
PT100768,F008,Car,Visitor,2025-12-20,15,147,Credit Card,Paid,Covered,50,0.0,135.0,0.37
PT100769,F004,Car,Regular,2025-01-16,11,218,Credit Card,Paid,Open,50,0.0,200.0,0.4
PT100770,F001,EV Car,Member,2025-05-13,8,108,UPI,Paid,EV Parking,55,4.68,93.5,0.79
PT100771,F005,Bike,Member,2025-01-01,11,313,UPI,Paid,Two-Wheeler,25,0.0,150.0,0.59
PT100772,F005,SUV,Visitor,2025-08-20,12,240,UPI,Paid,Open,65,10.4,208.0,0.33
PT100773,F001,Car,Member,2025-05-30,12,127,UPI,Paid,Covered,50,7.12,142.5,0.47
PT100774,F004,SUV,Regular,2025-10-31,14,266,Cash,Paid,Open,65,32.5,325.0,0.47
PT100775,F002,Car,Visitor,2025-05-02,14,140,Wallet,Failed,Covered,50,0.0,135.0,0.47
PT100776,F005,Car,Member,2025-10-09,13,63,Debit Card,Paid,Open,50,15.0,100.0,0.52
PT100777,F001,Bike,Regular,2025-10-17,12,384,Wallet,Paid,Two-Wheeler,25,8.75,175.0,0.54
PT100778,F008,Car,Regular,2025-11-10,9,168,Debit Card,Failed,Covered,50,0.0,150.0,0.99
PT100779,F008,SUV,Regular,2025-08-01,13,44,UPI,Paid,Open,65,6.5,65.0,0.4
PT100780,F003,Car,Regular,2025-10-08,21,82,Wallet,Paid,Covered,50,13.5,90.0,0.57
PT100781,F001,Bike,Regular,2025-05-20,15,242,UPI,Paid,Two-Wheeler,25,0.0,125.0,0.42
PT100782,F003,Car,Member,2025-06-08,13,20,Debit Card,Paid,Open,50,7.5,50.0,0.84
PT100783,F008,Bike,Member,2025-01-27,8,64,UPI,Paid,Two-Wheeler,25,0.0,45.0,0.74
PT100784,F004,Car,Visitor,2025-12-08,11,108,UPI,Paid,Open,50,5.0,100.0,0.39
PT100785,F002,Car,Member,2025-06-11,14,104,Debit Card,Paid,Covered,50,20.0,100.0,0.39
PT100786,F001,EV Car,Regular,2025-04-28,14,184,Credit Card,Paid,EV Parking,55,0.0,220.0,0.48
PT100787,F007,Car,Member,2025-12-03,6,397,UPI,Paid,Covered,50,33.25,332.5,0.66
PT100788,F008,SUV,Regular,2025-03-16,8,75,UPI,Paid,Open,65,0.0,130.0,0.7
PT100789,F008,EV Car,Regular,2025-04-03,12,406,UPI,Paid,EV Parking,55,38.5,385.0,0.57
PT100790,F007,Car,Member,2025-02-03,10,200,Wallet,Paid,Covered,50,10.0,200.0,0.86
PT100791,F006,Car,Visitor,2025-04-25,20,111,Debit Card,Paid,Covered,50,0.0,100.0,0.85
PT100792,F008,Bike,Regular,2025-04-23,7,131,Credit Card,Paid,Two-Wheeler,25,0.0,75.0,0.33
PT100793,F005,EV Car,Regular,2025-03-01,21,111,UPI,Paid,EV Parking,55,0.0,99.0,0.58
PT100794,F004,EV Car,Regular,2025-10-09,15,61,Cash,Paid,EV Parking,55,0.0,104.5,0.51
PT100795,F001,Bike,Member,2025-08-25,13,35,UPI,Paid,Two-Wheeler,25,0.0,25.0,0.73
PT100796,F007,SUV,Member,2025-05-06,14,320,UPI,Paid,Covered,65,0.0,351.0,0.55
PT100797,F005,Car,Regular,2025-02-14,13,22,UPI,Paid,Open,50,0.0,50.0,0.53
PT100798,F007,EV Car,Member,2025-10-15,14,154,Cash,Paid,EV Parking,55,0.0,165.0,0.66
PT100799,F001,EV Car,Member,2025-08-17,10,272,UPI,Paid,EV Parking,55,27.5,275.0,0.72
PT100800,F003,Car,Regular,2025-07-16,9,40,UPI,Paid,Open,50,5.0,50.0,0.99
PT100801,F001,Car,Regular,2025-07-31,14,59,Credit Card,Paid,Open,50,4.75,47.5,0.4
PT100802,F006,Car,Regular,2025-03-12,8,38,UPI,Paid,Open,50,0.0,40.0,0.74
PT100803,F001,Car,Regular,2025-08-23,12,136,Credit Card,Paid,Covered,50,22.5,150.0,0.36
PT100804,F001,SUV,Regular,2025-10-06,19,74,Credit Card,Paid,Open,65,6.18,123.5,0.52
PT100805,F006,Car,Regular,2025-06-16,18,123,Credit Card,Failed,Covered,50,0.0,150.0,0.72
PT100806,F004,Car,Regular,2025-07-14,17,301,UPI,Pending,Open,50,0.0,300.0,0.74
PT100807,F008,Car,Visitor,2025-06-22,14,132,UPI,Paid,Open,50,6.38,127.5,0.42
PT100808,F001,EV Car,Member,2025-07-14,7,178,Cash,Paid,EV Parking,55,0.0,165.0,0.28
PT100809,F006,Bike,Regular,2025-03-04,9,76,Cash,Paid,Two-Wheeler,25,0.0,50.0,0.98
PT100810,F005,Car,Visitor,2025-03-11,19,180,UPI,Paid,Open,50,30.0,150.0,0.67
PT100811,F003,Car,Regular,2025-08-11,17,223,UPI,Paid,Covered,50,0.0,200.0,0.69
PT100812,F003,EV Car,Visitor,2025-11-06,12,224,UPI,Paid,EV Parking,55,0.0,198.0,0.58
PT100813,F001,SUV,Member,2025-10-10,16,27,Credit Card,Paid,Open,65,13.0,65.0,0.51
PT100814,F004,Car,Member,2025-12-15,18,123,Debit Card,Paid,Covered,50,7.12,142.5,0.66
PT100815,F004,Car,Visitor,2025-03-20,15,68,UPI,Paid,Covered,50,0.0,90.0,0.56
PT100816,F005,Car,Regular,2025-02-05,18,480,Debit Card,Paid,Open,50,60.0,400.0,0.82
PT100817,F001,Car,Regular,2025-07-14,11,77,Debit Card,Paid,Covered,50,15.0,100.0,0.36
PT100818,F003,Bike,Member,2025-08-05,13,53,Wallet,Paid,Two-Wheeler,25,0.0,23.75,0.62
PT100819,F004,EV Car,Regular,2025-10-15,14,159,UPI,Pending,EV Parking,55,8.25,165.0,0.44
PT100820,F001,Bike,Regular,2025-05-29,15,309,UPI,Paid,Two-Wheeler,25,0.0,150.0,0.73
PT100821,F007,SUV,Member,2025-09-30,21,315,UPI,Paid,Open,65,0.0,390.0,0.7
PT100822,F004,Bike,Regular,2025-07-20,17,118,Cash,Paid,Two-Wheeler,25,2.5,50.0,0.88
PT100823,F006,SUV,Regular,2025-06-03,8,133,Debit Card,Paid,Covered,65,0.0,185.25,0.84
PT100824,F007,SUV,Member,2025-01-22,10,38,Credit Card,Paid,Open,65,3.25,65.0,0.68
PT100825,F008,Car,Regular,2025-10-24,15,365,UPI,Paid,Covered,50,35.0,350.0,0.3
PT100826,F004,Car,Regular,2025-11-11,11,92,UPI,Paid,Open,50,0.0,100.0,0.29
PT100827,F003,Bike,Member,2025-08-03,10,270,UPI,Paid,Two-Wheeler,25,6.25,125.0,0.59
PT100828,F002,Car,Regular,2025-11-27,15,134,Credit Card,Failed,Covered,50,0.0,150.0,0.69
PT100829,F007,Car,Member,2025-05-02,14,43,UPI,Paid,Covered,50,7.5,50.0,0.62
PT100830,F008,Bike,Member,2025-09-23,17,41,UPI,Paid,Two-Wheeler,25,0.0,25.0,0.78
PT100831,F005,EV Car,Regular,2025-12-09,12,155,Debit Card,Paid,EV Parking,55,7.84,156.75,0.52
PT100832,F005,Bike,Regular,2025-09-18,12,119,UPI,Paid,Two-Wheeler,25,2.5,50.0,0.54
PT100833,F003,SUV,Visitor,2025-02-24,10,53,Credit Card,Paid,Covered,65,0.0,65.0,0.76
PT100834,F004,Bike,Member,2025-10-09,15,237,UPI,Paid,Two-Wheeler,25,5.0,100.0,0.65
PT100835,F001,SUV,Regular,2025-09-17,15,189,Cash,Paid,Covered,65,26.0,260.0,0.63
PT100836,F004,Bike,Member,2025-12-29,9,64,Credit Card,Paid,Two-Wheeler,25,2.38,47.5,0.85
PT100837,F003,SUV,Regular,2025-10-10,11,222,Wallet,Paid,Covered,65,26.0,260.0,0.42
PT100838,F005,Car,Regular,2025-08-18,10,63,Credit Card,Paid,Covered,50,20.0,100.0,0.69
PT100839,F004,Bike,Regular,2025-05-06,16,132,Wallet,Paid,Two-Wheeler,25,0.0,75.0,0.54
PT100840,F005,Bike,Member,2025-09-16,11,72,Cash,Paid,Two-Wheeler,25,0.0,50.0,0.38
PT100841,F007,Car,Regular,2025-02-19,10,188,Credit Card,Paid,Covered,50,0.0,180.0,0.67
PT100842,F008,Car,Regular,2025-08-12,8,113,Wallet,Paid,Open,50,10.0,100.0,0.64
PT100843,F001,Car,Visitor,2025-10-09,17,70,UPI,Paid,Covered,50,0.0,100.0,0.68
PT100844,F007,Car,Member,2025-05-26,9,206,UPI,Paid,Open,50,0.0,160.0,0.58
PT100845,F005,SUV,Regular,2025-02-14,7,140,UPI,Paid,Covered,65,0.0,195.0,0.45
PT100846,F005,Car,Regular,2025-09-19,8,293,Credit Card,Paid,Covered,50,37.5,250.0,0.75
PT100847,F002,Car,Regular,2025-08-22,12,204,Debit Card,Paid,Open,50,0.0,200.0,0.51
PT100848,F002,SUV,Member,2025-02-22,14,203,Debit Card,Paid,Covered,65,13.0,260.0,0.4
PT100849,F007,Car,Visitor,2025-08-23,13,126,UPI,Paid,Covered,50,0.0,150.0,0.71
PT100850,F006,Bike,Member,2025-07-15,13,52,Credit Card,Paid,Two-Wheeler,25,5.0,25.0,0.63
PT100851,F007,Car,Member,2025-01-04,19,30,UPI,Paid,Covered,50,0.0,47.5,0.71
PT100852,F002,EV Car,Regular,2025-03-01,16,216,Debit Card,Paid,EV Parking,55,0.0,198.0,0.61
PT100853,F005,SUV,Regular,2025-06-22,12,80,UPI,Paid,Covered,65,16.58,110.5,0.58
PT100854,F003,SUV,Regular,2025-03-13,10,173,Wallet,Paid,Open,65,29.25,195.0,0.84
PT100855,F007,Car,Regular,2025-03-16,16,178,UPI,Paid,Covered,50,0.0,150.0,0.61
PT100856,F005,SUV,Regular,2025-11-18,14,146,UPI,Paid,Covered,65,0.0,195.0,0.51
PT100857,F003,Car,Regular,2025-01-22,20,20,Cash,Pending,Covered,50,5.0,50.0,0.76
PT100858,F003,Car,Regular,2025-07-28,19,110,Credit Card,Paid,Open,50,13.5,90.0,0.51
PT100859,F002,Car,Visitor,2025-02-20,14,147,UPI,Paid,Covered,50,0.0,135.0,0.64
PT100860,F007,Bike,Visitor,2025-05-25,8,24,Credit Card,Paid,Two-Wheeler,25,0.0,25.0,0.86
PT100861,F004,Bike,Regular,2025-12-15,7,95,UPI,Paid,Two-Wheeler,25,4.5,45.0,0.69
PT100862,F001,Bike,Member,2025-11-01,17,93,Wallet,Paid,Two-Wheeler,25,5.0,50.0,0.59
PT100863,F002,Car,Visitor,2025-09-29,15,129,Credit Card,Paid,Open,50,15.0,150.0,0.72
PT100864,F002,Bike,Member,2025-02-13,14,44,UPI,Paid,Two-Wheeler,25,1.25,25.0,0.74
PT100865,F004,SUV,Member,2025-04-17,15,105,Credit Card,Paid,Open,65,0.0,110.5,0.62
PT100866,F001,Bike,Member,2025-05-30,14,149,UPI,Paid,Two-Wheeler,25,11.25,75.0,0.57
PT100867,F005,SUV,Member,2025-04-04,14,182,Debit Card,Paid,Open,65,39.0,260.0,0.53
PT100868,F006,Car,Regular,2025-09-21,11,20,Wallet,Paid,Open,50,5.0,50.0,0.4
PT100869,F007,SUV,Regular,2025-04-20,13,216,Cash,Paid,Open,65,0.0,234.0,0.54
PT100870,F006,Bike,Visitor,2025-01-18,6,90,UPI,Paid,Two-Wheeler,25,0.0,50.0,0.58
PT100871,F005,Car,Member,2025-08-26,15,179,UPI,Failed,Open,50,15.0,150.0,0.66
PT100872,F008,Car,Regular,2025-12-02,12,57,UPI,Paid,Covered,50,0.0,50.0,0.75
PT100873,F002,Bike,Visitor,2025-08-27,15,190,Debit Card,Paid,Two-Wheeler,25,20.0,100.0,0.53
PT100874,F001,SUV,Regular,2025-07-31,19,426,Credit Card,Paid,Covered,65,0.0,520.0,0.82
PT100875,F002,Car,Regular,2025-08-19,14,136,Credit Card,Paid,Covered,50,15.0,150.0,0.54
PT100876,F003,Car,Member,2025-11-24,12,111,Wallet,Paid,Open,50,13.5,90.0,0.79
PT100877,F002,SUV,Regular,2025-12-16,11,189,UPI,Paid,Covered,65,0.0,260.0,0.47
PT100878,F002,Bike,Member,2025-10-21,11,224,UPI,Paid,Two-Wheeler,25,0.0,90.0,0.26
PT100879,F005,Bike,Regular,2025-03-22,21,97,UPI,Paid,Two-Wheeler,25,2.12,42.5,0.47
PT100880,F005,Bike,Regular,2025-09-12,15,56,UPI,Paid,Two-Wheeler,25,1.19,23.75,0.65
PT100881,F005,Car,Regular,2025-08-20,13,32,UPI,Paid,Open,50,0.0,47.5,0.27
PT100882,F006,Bike,Regular,2025-12-29,11,118,Credit Card,Paid,Two-Wheeler,25,2.38,47.5,0.52
PT100883,F003,Car,Regular,2025-07-28,16,29,UPI,Paid,Covered,50,7.5,50.0,0.32
PT100884,F008,EV Car,Member,2025-10-25,13,90,UPI,Paid,EV Parking,55,0.0,93.5,0.57
PT100885,F008,Bike,Regular,2025-01-21,12,323,Debit Card,Paid,Two-Wheeler,25,0.0,135.0,0.8
PT100886,F005,Bike,Regular,2025-08-26,11,117,UPI,Paid,Two-Wheeler,25,0.0,50.0,0.31
PT100887,F001,Bike,Member,2025-09-18,10,106,Debit Card,Paid,Two-Wheeler,25,0.0,50.0,0.83
PT100888,F006,EV Car,Member,2025-09-30,11,197,UPI,Pending,EV Parking,55,0.0,220.0,0.68
PT100889,F004,SUV,Member,2025-10-07,15,183,Credit Card,Paid,Open,65,0.0,260.0,0.77
PT100890,F001,Bike,Regular,2025-05-30,11,56,Wallet,Paid,Two-Wheeler,25,1.0,20.0,0.8
PT100891,F007,SUV,Visitor,2025-11-11,8,50,UPI,Paid,Open,65,0.0,65.0,0.83
PT100892,F007,Bike,Member,2025-06-01,12,68,Credit Card,Paid,Two-Wheeler,25,9.5,47.5,0.68
PT100893,F001,Bike,Regular,2025-10-09,14,130,Cash,Paid,Two-Wheeler,25,0.0,75.0,0.69
PT100894,F005,Car,Regular,2025-03-02,8,97,Credit Card,Paid,Covered,50,0.0,85.0,0.82
PT100895,F004,Bike,Member,2025-05-16,13,316,UPI,Paid,Two-Wheeler,25,15.0,150.0,0.36
PT100896,F004,Car,Visitor,2025-01-12,8,30,UPI,Paid,Covered,50,6.38,42.5,0.91
PT100897,F006,EV Car,Regular,2025-01-14,16,215,Debit Card,Pending,EV Parking,55,0.0,187.0,0.75
PT100898,F004,Car,Visitor,2025-01-30,18,174,Cash,Paid,Open,50,0.0,142.5,0.58
PT100899,F007,EV Car,Member,2025-12-21,20,24,UPI,Paid,EV Parking,55,0.0,55.0,0.86
PT100900,F003,Bike,Member,2025-11-14,15,310,UPI,Paid,Two-Wheeler,25,0.0,150.0,0.47
PT100901,F005,Bike,Member,2025-10-14,15,180,UPI,Paid,Two-Wheeler,25,0.0,71.25,0.57
PT100902,F004,Bike,Member,2025-08-08,15,183,UPI,Pending,Two-Wheeler,25,0.0,95.0,0.45
PT100903,F006,Car,Regular,2025-08-26,18,196,UPI,Paid,Covered,50,0.0,200.0,0.85
PT100904,F007,Car,Member,2025-01-27,17,216,UPI,Paid,Covered,50,0.0,200.0,0.91
PT100905,F003,Car,Regular,2025-09-14,13,210,UPI,Paid,Covered,50,40.0,200.0,0.44
PT100906,F002,Bike,Member,2025-10-24,15,151,UPI,Paid,Two-Wheeler,25,3.75,75.0,0.47
PT100907,F002,Bike,Regular,2025-05-22,10,21,Wallet,Paid,Two-Wheeler,25,0.0,23.75,0.73
PT100908,F003,SUV,Regular,2025-09-07,15,115,UPI,Pending,Open,65,0.0,130.0,0.72
PT100909,F007,Car,Regular,2025-03-15,16,191,UPI,Paid,Covered,50,0.0,200.0,0.75
PT100910,F006,Car,Member,2025-10-25,17,99,UPI,Paid,Covered,50,0.0,100.0,0.54
PT100911,F003,Car,Regular,2025-07-18,17,86,Wallet,Paid,Covered,50,9.5,95.0,0.82
PT100912,F005,EV Car,Member,2025-10-23,13,163,Debit Card,Paid,EV Parking,55,24.75,165.0,0.51
PT100913,F005,SUV,Member,2025-01-14,19,176,Debit Card,Paid,Covered,65,27.79,185.25,0.7
PT100914,F002,Car,Regular,2025-04-10,21,101,UPI,Paid,Covered,50,20.0,100.0,0.63
PT100915,F004,Bike,Visitor,2025-04-01,21,159,Cash,Paid,Two-Wheeler,25,12.0,60.0,0.52
PT100916,F006,Car,Visitor,2025-07-10,14,93,UPI,Paid,Open,50,18.0,90.0,0.75
PT100917,F002,EV Car,Regular,2025-12-28,14,70,UPI,Paid,EV Parking,55,0.0,110.0,0.58
PT100918,F004,Bike,Regular,2025-11-01,13,31,Credit Card,Paid,Two-Wheeler,25,0.0,20.0,0.4
PT100919,F004,Car,Visitor,2025-04-16,12,70,Cash,Paid,Open,50,0.0,100.0,0.5
PT100920,F008,Bike,Regular,2025-01-07,12,42,Debit Card,Paid,Two-Wheeler,25,1.25,25.0,0.42
PT100921,F005,Car,Regular,2025-03-22,11,62,Cash,Paid,Covered,50,0.0,100.0,0.76
PT100922,F007,EV Car,Visitor,2025-09-10,20,69,Wallet,Paid,EV Parking,55,9.9,99.0,0.83
PT100923,F001,Car,Member,2025-05-20,15,289,UPI,Paid,Covered,50,12.5,250.0,0.67
PT100924,F007,Bike,Member,2025-12-23,19,122,Credit Card,Paid,Two-Wheeler,25,0.0,60.0,0.59
PT100925,F001,Car,Regular,2025-11-07,13,41,UPI,Paid,Covered,50,0.0,47.5,0.5
PT100926,F003,SUV,Member,2025-01-07,12,226,Cash,Paid,Covered,65,0.0,260.0,0.44
PT100927,F005,SUV,Regular,2025-06-01,9,169,UPI,Pending,Covered,65,0.0,195.0,0.62
PT100928,F004,Bike,Regular,2025-10-17,12,31,Cash,Paid,Two-Wheeler,25,3.75,25.0,0.51
PT100929,F006,Bike,Regular,2025-05-06,18,174,UPI,Paid,Two-Wheeler,25,3.38,67.5,0.76
PT100930,F001,SUV,Visitor,2025-10-12,14,82,UPI,Failed,Open,65,12.35,123.5,0.39
PT100931,F007,Car,Member,2025-10-09,13,88,UPI,Paid,Covered,50,0.0,100.0,0.54
PT100932,F004,Car,Regular,2025-03-15,14,67,UPI,Paid,Covered,50,0.0,100.0,0.63
PT100933,F001,Car,Member,2025-02-14,18,149,Cash,Failed,Covered,50,0.0,150.0,0.94
PT100934,F001,EV Car,Regular,2025-01-17,10,119,UPI,Paid,EV Parking,55,11.0,110.0,0.7
PT100935,F008,Car,Regular,2025-08-21,20,148,UPI,Paid,Open,50,15.0,150.0,0.8
PT100936,F001,SUV,Regular,2025-06-13,15,175,UPI,Paid,Open,65,0.0,165.75,0.36
PT100937,F006,Bike,Member,2025-03-04,18,65,UPI,Paid,Two-Wheeler,25,6.75,45.0,0.57
PT100938,F005,Car,Regular,2025-04-03,14,141,UPI,Pending,Covered,50,0.0,150.0,0.48
PT100939,F006,Car,Regular,2025-11-18,11,134,UPI,Paid,Covered,50,22.5,150.0,0.42
PT100940,F002,Car,Member,2025-04-02,14,123,Cash,Paid,Covered,50,0.0,142.5,0.24
PT100941,F004,Car,Regular,2025-02-11,8,127,Credit Card,Paid,Open,50,0.0,150.0,0.88
PT100942,F005,Car,Regular,2025-08-29,18,219,UPI,Paid,Open,50,20.0,200.0,0.75
PT100943,F008,Car,Visitor,2025-11-23,15,205,Credit Card,Pending,Covered,50,0.0,190.0,0.57
PT100944,F005,SUV,Regular,2025-09-12,12,183,UPI,Paid,Covered,65,0.0,260.0,0.6
PT100945,F005,EV Car,Regular,2025-11-27,11,34,UPI,Paid,EV Parking,55,0.0,55.0,0.83
PT100946,F007,Car,Visitor,2025-03-12,19,217,Credit Card,Paid,Covered,50,0.0,190.0,0.83
PT100947,F005,Car,Regular,2025-10-26,17,127,UPI,Paid,Open,50,12.75,127.5,0.77
PT100948,F008,Car,Visitor,2025-08-04,16,36,Debit Card,Paid,Covered,50,7.5,50.0,0.47
PT100949,F006,Bike,Member,2025-11-07,13,79,Credit Card,Paid,Two-Wheeler,25,6.75,45.0,0.58
PT100950,F005,SUV,Regular,2025-02-25,18,208,Debit Card,Paid,Covered,65,0.0,221.0,0.58
PT100951,F003,Car,Regular,2025-03-20,11,37,Wallet,Failed,Open,50,0.0,50.0,0.31
PT100952,F004,Car,Regular,2025-12-05,7,42,UPI,Paid,Covered,50,0.0,42.5,0.57
PT100953,F005,SUV,Member,2025-05-01,13,97,UPI,Paid,Covered,65,0.0,130.0,0.5
PT100954,F004,Bike,Member,2025-07-21,19,202,UPI,Paid,Two-Wheeler,25,0.0,100.0,0.79
PT100955,F003,Car,Member,2025-11-24,14,38,UPI,Paid,Covered,50,7.5,50.0,0.37
PT100956,F003,Bike,Member,2025-09-14,11,67,Cash,Paid,Two-Wheeler,25,7.5,50.0,0.74
PT100957,F004,Car,Member,2025-05-10,15,177,Debit Card,Paid,Covered,50,14.25,142.5,0.24
PT100958,F001,Car,Regular,2025-12-15,16,453,Credit Card,Paid,Open,50,0.0,400.0,0.57
PT100959,F002,SUV,Visitor,2025-02-11,14,265,Credit Card,Paid,Covered,65,0.0,308.75,0.4
PT100960,F007,SUV,Regular,2025-03-15,17,414,UPI,Paid,Open,65,0.0,409.5,0.64
PT100961,F001,Car,Regular,2025-08-22,14,91,Credit Card,Paid,Covered,50,0.0,100.0,0.92
PT100962,F001,EV Car,Visitor,2025-01-09,9,90,Debit Card,Paid,EV Parking,55,0.0,110.0,0.71
PT100963,F006,Car,Regular,2025-01-31,17,98,Credit Card,Paid,Covered,50,0.0,90.0,0.79
PT100964,F007,SUV,Member,2025-04-06,10,22,UPI,Paid,Open,65,0.0,65.0,0.9
PT100965,F007,Bike,Member,2025-09-15,18,121,Debit Card,Paid,Two-Wheeler,25,14.25,71.25,0.94
PT100966,F001,SUV,Visitor,2025-10-07,14,199,UPI,Paid,Covered,65,0.0,247.0,0.73
PT100967,F005,EV Car,Member,2025-08-17,16,196,Credit Card,Paid,EV Parking,55,39.6,198.0,0.43
PT100968,F006,Car,Regular,2025-09-02,21,122,Credit Card,Paid,Covered,50,0.0,150.0,0.75
PT100969,F006,EV Car,Regular,2025-07-17,13,146,UPI,Paid,EV Parking,55,8.25,165.0,0.41
PT100970,F003,SUV,Visitor,2025-08-20,13,115,Debit Card,Paid,Covered,65,0.0,130.0,0.53
PT100971,F008,SUV,Regular,2025-10-26,17,177,Cash,Paid,Covered,65,0.0,195.0,0.78
PT100972,F007,Car,Regular,2025-02-20,9,297,UPI,Paid,Covered,50,0.0,225.0,0.82
PT100973,F001,SUV,Member,2025-08-05,7,228,Wallet,Paid,Open,65,0.0,234.0,0.38
PT100974,F003,SUV,Member,2025-06-23,14,407,Credit Card,Paid,Covered,65,58.01,386.75,0.54
PT100975,F004,Car,Regular,2025-03-16,10,201,Debit Card,Paid,Covered,50,0.0,200.0,0.86
PT100976,F002,EV Car,Visitor,2025-04-09,11,68,Cash,Pending,EV Parking,55,4.68,93.5,0.44
PT100977,F008,Car,Regular,2025-01-01,21,260,Credit Card,Paid,Covered,50,0.0,225.0,0.43
PT100978,F008,Car,Visitor,2025-05-04,15,148,Cash,Paid,Open,50,0.0,150.0,0.51
PT100979,F008,Bike,Regular,2025-04-27,18,98,UPI,Paid,Two-Wheeler,25,0.0,50.0,0.74
PT100980,F006,Bike,Regular,2025-12-09,18,150,UPI,Paid,Two-Wheeler,25,0.0,63.75,0.97
PT100981,F004,Bike,Regular,2025-07-14,9,152,Debit Card,Paid,Two-Wheeler,25,15.0,75.0,0.83
PT100982,F008,Car,Regular,2025-08-21,19,109,Cash,Paid,Covered,50,8.0,80.0,0.9
PT100983,F004,EV Car,Member,2025-05-09,18,99,Cash,Pending,EV Parking,55,10.45,104.5,0.8
PT100984,F005,Car,Visitor,2025-03-04,7,203,Debit Card,Paid,Covered,50,0.0,190.0,0.6
PT100985,F008,Car,Visitor,2025-08-24,21,262,Credit Card,Paid,Covered,50,0.0,250.0,0.8
PT100986,F002,Car,Regular,2025-11-28,13,127,UPI,Paid,Covered,50,22.5,150.0,0.61
PT100987,F004,Bike,Member,2025-08-18,21,139,Wallet,Paid,Two-Wheeler,25,0.0,67.5,0.42
PT100988,F004,EV Car,Member,2025-07-09,17,70,UPI,Pending,EV Parking,55,0.0,110.0,0.62
PT100989,F002,Bike,Visitor,2025-07-08,13,126,Debit Card,Paid,Two-Wheeler,25,0.0,75.0,0.34
PT100990,F008,SUV,Member,2025-06-17,14,72,Credit Card,Paid,Covered,65,13.0,130.0,0.36
PT100991,F002,Car,Regular,2025-04-05,11,243,Credit Card,Paid,Covered,50,12.5,250.0,0.5
PT100992,F004,Bike,Regular,2025-06-06,13,124,UPI,Paid,Two-Wheeler,25,6.75,67.5,0.67
PT100993,F002,Bike,Regular,2025-10-18,9,187,Wallet,Paid,Two-Wheeler,25,10.0,100.0,0.71
PT100994,F004,Bike,Regular,2025-12-14,19,362,Credit Card,Paid,Two-Wheeler,25,0.0,175.0,0.94
PT100995,F004,Car,,2025-12-07,16,114,Wallet,Paid,Open,50,14.25,95.0,0.29
PT100996,F005,Bike,Regular,2025-05-19,17,101,UPI,Paid,Two-Wheeler,25,0.0,50.0,0.76
PT100997,F001,Bike,Visitor,2025-07-10,14,157,Credit Card,Paid,Two-Wheeler,25,3.75,75.0,0.54
PT100998,F004,SUV,Regular,2025-02-25,9,172,Debit Card,Paid,Covered,65,0.0,195.0,0.79
PT100999,F008,Bike,Regular,2025-01-07,14,56,Debit Card,Paid,Two-Wheeler,25,4.5,22.5,0.62
PT101000,F003,Car,Regular,2025-02-20,12,130,Wallet,Paid,Open,50,0.0,150.0,0.62
PT101001,F006,Bike,Member,2025-02-08,6,137,UPI,Paid,Two-Wheeler,25,0.0,75.0,0.58
PT101002,F007,Car,Member,2025-10-25,15,190,UPI,Paid,Covered,50,0.0,180.0,0.41
PT101003,F001,SUV,Regular,2025-03-13,18,81,Credit Card,Paid,Covered,65,0.0,123.5,0.89
PT101004,F001,Bike,Regular,2025-09-13,16,157,UPI,Pending,Two-Wheeler,25,0.0,75.0,0.41
PT101005,F001,Car,Regular,2025-11-05,11,116,Wallet,Paid,Covered,50,4.75,95.0,0.44
PT101006,F005,EV Car,Regular,2025-04-01,17,175,UPI,Paid,EV Parking,55,0.0,156.75,0.86
PT101007,F004,Bike,Member,2025-05-29,12,200,Credit Card,Paid,Two-Wheeler,25,15.0,100.0,0.44
PT101008,F005,Car,Regular,2025-01-30,11,304,UPI,Paid,Covered,50,0.0,300.0,0.36
PT101009,F004,Bike,Member,2025-05-03,20,160,Credit Card,Paid,Two-Wheeler,25,7.5,75.0,0.81
PT101010,F008,Car,Member,2025-08-25,6,41,UPI,Paid,Open,50,0.0,45.0,0.45
PT101011,F005,SUV,Regular,2025-10-07,10,152,UPI,Paid,Open,65,9.75,195.0,0.75
PT101012,F005,SUV,Regular,2025-05-05,13,99,UPI,Pending,Covered,65,6.5,130.0,0.58
PT101013,F006,EV Car,Member,2025-05-14,10,83,UPI,Paid,EV Parking,55,0.0,110.0,0.95
PT101014,F003,Bike,Regular,2025-01-06,10,171,Wallet,Paid,Two-Wheeler,25,13.5,67.5,0.83
PT101015,F005,Bike,Regular,2025-07-16,15,186,UPI,Paid,Two-Wheeler,25,0.0,100.0,0.47
PT101016,F006,SUV,Member,2025-07-09,17,361,Credit Card,Paid,Open,65,0.0,455.0,0.83
PT101017,F002,Car,Regular,2025-10-18,15,112,Wallet,Paid,Covered,50,4.5,90.0,0.61
PT101018,F003,Bike,Visitor,2025-08-24,9,52,Debit Card,Paid,Two-Wheeler,25,2.25,22.5,0.99
PT101019,F008,Bike,Regular,2025-03-20,18,125,Wallet,Failed,Two-Wheeler,25,0.0,71.25,0.78
PT101020,F005,Car,Member,2025-02-04,19,111,Wallet,Paid,Open,50,0.0,100.0,0.64
PT101021,F007,Car,Regular,2025-10-31,12,171,Credit Card,Pending,Open,50,22.5,150.0,0.2
PT101022,F001,SUV,Regular,2025-12-27,14,355,Debit Card,Paid,Covered,65,33.15,331.5,0.58
PT101023,F002,SUV,Member,2025-03-13,13,81,UPI,Paid,Covered,65,26.0,130.0,0.51
PT101024,F002,Car,Member,2025-02-12,15,91,Credit Card,Paid,Open,50,0.0,90.0,0.51
PT101025,F008,Car,Member,2025-10-18,21,87,Cash,Paid,Open,50,5.0,100.0,0.21
PT101026,F006,Car,Member,2025-05-13,21,223,Credit Card,Paid,Open,50,0.0,200.0,0.67
PT101027,F002,SUV,Member,2025-10-14,14,106,Debit Card,Pending,Open,65,18.52,123.5,0.39
PT101028,F003,Car,Regular,2025-04-16,9,109,Debit Card,Paid,Covered,50,0.0,100.0,0.84
PT101029,F005,SUV,Regular,2025-06-08,12,58,UPI,Paid,Open,65,5.85,58.5,0.77
PT101030,F005,Car,Visitor,2025-12-23,13,84,Cash,Paid,Covered,50,0.0,100.0,0.36
PT101031,F007,Bike,Regular,2025-01-08,14,53,Credit Card,Paid,Two-Wheeler,25,1.25,25.0,0.67
PT101032,F008,Car,Visitor,2025-09-19,20,201,UPI,Pending,Open,50,17.0,170.0,0.72
PT101033,F001,SUV,Regular,2025-12-09,11,277,Cash,Pending,Covered,65,0.0,325.0,0.54
PT101034,F006,Car,Member,2025-03-21,14,64,UPI,Failed,Covered,50,12.75,85.0,0.61
PT101035,F001,Bike,Regular,2025-02-13,12,137,Debit Card,Failed,Two-Wheeler,25,0.0,60.0,0.4
PT101036,F002,Car,Regular,2025-06-26,19,128,Credit Card,Paid,Open,50,7.5,150.0,0.83
PT101037,F008,SUV,Member,2025-03-05,21,32,UPI,Paid,Covered,65,0.0,58.5,0.54
PT101038,F007,SUV,Member,2025-10-15,18,189,Cash,Paid,Open,65,0.0,260.0,0.74
PT101039,F001,Car,Member,2025-11-05,12,245,Credit Card,Paid,Covered,50,0.0,237.5,0.5
PT101040,F003,SUV,Regular,2025-04-23,11,76,UPI,Paid,Covered,65,0.0,117.0,0.47
PT101041,F005,Bike,Member,2025-11-15,13,237,UPI,Paid,Two-Wheeler,25,0.0,95.0,0.33
PT101042,F002,Car,Member,2025-07-27,16,335,Cash,Paid,Open,50,15.0,300.0,0.64
PT101043,F007,Bike,Member,2025-08-14,6,30,UPI,Pending,Two-Wheeler,25,1.25,25.0,0.39
PT101044,F001,Car,Regular,2025-11-29,22,153,Cash,Paid,Open,50,6.38,127.5,0.61
PT101045,F006,SUV,Regular,2025-10-05,18,214,UPI,Paid,Covered,65,0.0,247.0,0.51
PT101046,F003,SUV,Regular,2025-10-14,7,214,Debit Card,Paid,Covered,65,0.0,221.0,0.6
PT101047,F003,Car,Regular,2025-10-07,13,62,Wallet,Paid,Covered,50,0.0,100.0,0.26
PT101048,F001,Bike,Regular,2025-01-03,15,77,UPI,Paid,Two-Wheeler,25,5.0,50.0,0.68
PT101049,F005,SUV,Member,2025-02-02,11,195,Credit Card,Paid,Covered,65,37.05,247.0,0.4
PT101050,F001,EV Car,Regular,2025-11-03,10,216,Debit Card,Paid,EV Parking,55,0.0,187.0,0.9
PT101051,F002,Bike,Member,2025-08-02,15,119,Debit Card,Paid,Two-Wheeler,25,2.5,50.0,0.62
PT101052,F001,EV Car,Regular,2025-01-30,19,39,Credit Card,Paid,EV Parking,55,0.0,55.0,0.72
PT101053,F003,Bike,Regular,2025-01-25,20,73,Debit Card,Paid,Two-Wheeler,25,0.0,50.0,0.95
PT101054,F007,Car,Member,2025-01-28,6,105,Debit Card,Paid,Open,50,0.0,100.0,0.36
PT101055,F001,SUV,Member,2025-04-07,18,42,Cash,Paid,Open,65,0.0,55.25,0.67
PT101056,F005,Bike,Member,2025-03-28,14,113,Debit Card,Paid,Two-Wheeler,25,2.5,50.0,0.21
PT101057,F008,Bike,Member,2025-01-26,11,230,UPI,Paid,Two-Wheeler,25,14.25,95.0,0.38
PT101058,F007,Bike,Member,2025-04-30,15,183,Wallet,Paid,Two-Wheeler,25,0.0,100.0,0.58
PT101059,F006,SUV,Visitor,2025-07-20,22,256,Credit Card,Paid,Open,65,0.0,292.5,0.51
PT101060,F004,SUV,Regular,2025-12-23,11,229,UPI,Paid,Covered,65,26.0,260.0,0.54
PT101061,F001,Car,Regular,2025-12-19,11,50,UPI,Paid,Covered,50,10.0,50.0,0.53
PT101062,F005,Car,Regular,2025-01-15,15,60,UPI,Paid,Covered,50,2.25,45.0,0.57
PT101063,F007,Bike,Regular,2025-11-01,7,50,UPI,Paid,Two-Wheeler,25,0.0,22.5,0.52
PT101064,F005,Bike,,2025-09-11,17,187,UPI,Pending,Two-Wheeler,25,5.0,100.0,0.82
PT101065,F006,Car,Visitor,2025-04-21,15,174,UPI,Paid,Covered,50,0.0,150.0,0.31
PT101066,F003,SUV,Regular,2025-01-08,17,165,Debit Card,Paid,Open,65,37.05,185.25,0.65
PT101067,F005,Bike,Visitor,2025-12-07,11,204,UPI,Paid,Two-Wheeler,25,0.0,100.0,0.41
PT101068,F007,Car,Member,2025-05-08,17,38,UPI,Paid,Covered,50,2.5,50.0,0.8
PT101069,F005,Car,Regular,2025-07-05,13,94,UPI,Paid,Covered,50,0.0,100.0,0.62
PT101070,F005,Car,Visitor,2025-01-14,9,123,UPI,Failed,Open,50,0.0,127.5,0.75
PT101071,F005,EV Car,Regular,2025-08-18,19,302,UPI,Pending,EV Parking,55,49.5,330.0,0.68
PT101072,F002,Car,Visitor,2025-04-01,15,37,Credit Card,Pending,Covered,50,2.25,45.0,0.45
PT101073,F002,Car,Member,2025-01-04,10,318,Wallet,Paid,Covered,50,0.0,270.0,0.81
PT101074,F003,Bike,Regular,2025-06-01,11,87,Cash,Paid,Two-Wheeler,25,6.0,40.0,0.53
PT101075,F001,Car,Visitor,2025-08-07,11,181,Cash,Paid,Open,50,25.5,170.0,0.77
PT101076,F005,Car,Regular,2025-03-17,20,189,UPI,Paid,Covered,50,0.0,170.0,0.93
PT101077,F006,Car,Regular,2025-10-11,18,312,UPI,Paid,Open,50,0.0,300.0,0.54
PT101078,F001,Bike,Member,2025-12-21,12,46,UPI,Paid,Two-Wheeler,25,0.0,25.0,0.41
PT101079,F006,Bike,Regular,2025-08-04,13,84,Debit Card,Paid,Two-Wheeler,25,2.12,42.5,0.45
PT101080,F001,Car,Visitor,2025-06-08,12,118,UPI,Paid,Open,50,0.0,100.0,0.7
PT101081,F003,Bike,Regular,2025-09-08,16,144,Credit Card,Paid,Two-Wheeler,25,0.0,75.0,0.51
PT101082,F005,EV Car,Member,2025-03-08,10,54,UPI,Paid,EV Parking,55,7.01,46.75,0.94
PT101083,F005,Car,Member,2025-08-10,12,167,UPI,Paid,Covered,50,22.5,150.0,0.62
PT101084,F004,Car,Visitor,2025-07-11,14,117,Wallet,Paid,Covered,50,10.0,100.0,0.52
PT101085,F006,Car,Regular,2025-08-07,18,405,Debit Card,Paid,Open,50,70.0,350.0,0.66
PT101086,F001,Bike,Member,2025-01-17,15,101,Cash,Pending,Two-Wheeler,25,4.25,42.5,0.71
PT101087,F001,SUV,Member,2025-04-17,19,133,Credit Card,Paid,Covered,65,17.55,175.5,0.52
PT101088,F008,Car,Regular,2025-08-15,19,190,Cash,Paid,Covered,50,16.0,160.0,0.72
PT101089,F008,SUV,Regular,2025-03-22,16,122,Debit Card,Paid,Covered,65,0.0,195.0,0.39
PT101090,F002,Car,Member,2025-09-24,11,99,Wallet,Pending,Covered,50,0.0,100.0,0.37
PT101091,F004,Car,Member,2025-06-15,15,126,UPI,Paid,Covered,50,0.0,150.0,0.58
PT101092,F007,SUV,Regular,2025-12-23,10,206,Credit Card,Paid,Open,65,13.0,260.0,0.83
PT101093,F008,Car,Regular,2025-08-22,12,106,Debit Card,Pending,Open,50,0.0,100.0,0.46
PT101094,F007,Bike,Visitor,2025-06-11,16,190,UPI,Paid,Two-Wheeler,25,0.0,95.0,0.62
PT101095,F002,Car,Regular,2025-06-24,18,77,Cash,Paid,Covered,50,4.5,90.0,0.94
PT101096,F002,SUV,Regular,2025-06-09,13,196,Wallet,Paid,Covered,65,0.0,234.0,0.75
PT101097,F002,Car,Regular,2025-12-29,14,64,Credit Card,Paid,Covered,50,0.0,90.0,0.24
PT101098,F006,SUV,Visitor,2025-07-04,13,167,UPI,Paid,Covered,65,19.5,195.0,0.75
PT101099,F006,Car,Regular,2025-06-23,13,53,Credit Card,Paid,Open,50,7.5,50.0,0.67
PT101100,F003,SUV,Member,2025-08-26,14,93,Cash,Paid,Covered,65,0.0,130.0,0.53
PT101101,F003,Car,Member,2025-06-12,15,189,Debit Card,Paid,Covered,50,0.0,190.0,0.28
PT101102,F002,SUV,Visitor,2025-08-26,16,281,UPI,Paid,Covered,65,0.0,325.0,0.67
PT101103,F004,Car,Regular,2025-04-16,21,115,Credit Card,Paid,Open,50,10.0,100.0,0.6
PT101104,F001,EV Car,Regular,2025-04-28,13,32,UPI,Failed,EV Parking,55,4.95,49.5,0.67
PT101105,F006,Car,Regular,2025-08-20,8,201,Debit Card,Paid,Covered,50,0.0,180.0,0.91
PT101106,F004,Car,Member,2025-03-17,15,185,UPI,Paid,Open,50,19.0,190.0,0.44
PT101107,F005,Bike,Member,2025-01-05,14,123,Credit Card,Paid,Two-Wheeler,25,0.0,75.0,0.7
PT101108,F006,Car,Member,2025-08-06,17,27,Debit Card,Paid,Covered,50,0.0,47.5,0.92
PT101109,F006,Car,Regular,2025-10-09,10,60,UPI,Pending,Covered,50,10.0,50.0,0.79
PT101110,F003,EV Car,Regular,2025-11-29,15,75,UPI,Paid,EV Parking,55,0.0,99.0,0.46
PT101111,F001,EV Car,Regular,2025-08-24,13,190,UPI,Paid,EV Parking,55,0.0,220.0,0.48
PT101112,F001,Car,Visitor,2025-11-19,13,338,UPI,Paid,Open,50,0.0,270.0,0.79
PT101113,F008,EV Car,Regular,2025-02-01,14,210,UPI,Paid,EV Parking,55,11.0,220.0,0.65
PT101114,F007,Bike,Regular,2025-06-26,15,74,Wallet,Paid,Two-Wheeler,25,6.0,40.0,0.46
PT101115,F007,Car,Member,2025-04-29,18,234,Cash,Paid,Covered,50,40.0,200.0,0.77
PT101116,F007,SUV,Member,2025-07-09,11,121,Cash,Paid,Covered,65,0.0,195.0,0.48
PT101117,F007,Bike,Member,2025-04-12,12,324,Wallet,Paid,Two-Wheeler,25,0.0,135.0,0.46
PT101118,F005,EV Car,Regular,2025-12-31,14,114,UPI,Paid,EV Parking,55,10.45,104.5,0.42
PT101119,F005,Car,Member,2025-03-20,12,194,UPI,Paid,Covered,50,0.0,200.0,0.36
PT101120,F006,Bike,Member,2025-11-18,14,137,UPI,Paid,Two-Wheeler,25,11.25,75.0,0.42
PT101121,F002,Car,Regular,2025-05-19,11,113,Cash,Paid,Open,50,5.0,100.0,0.53
PT101122,F003,Car,Regular,2025-12-02,12,41,Debit Card,Paid,Covered,50,0.0,50.0,0.62
PT101123,F003,Car,,2025-08-14,12,146,UPI,Paid,Covered,50,15.0,150.0,0.43
PT101124,F007,EV Car,Regular,2025-09-23,22,200,UPI,Paid,EV Parking,55,0.0,220.0,0.44
PT101125,F006,SUV,Member,2025-11-29,18,192,Credit Card,Paid,Covered,65,0.0,260.0,0.65
PT101126,F008,SUV,Member,2025-08-12,17,192,Credit Card,Paid,Covered,65,12.35,247.0,0.6
PT101127,F004,Bike,Member,2025-03-01,14,142,Cash,Paid,Two-Wheeler,25,0.0,63.75,0.5
PT101128,F002,Car,Member,2025-09-21,13,20,UPI,Paid,Covered,50,2.5,50.0,0.74
PT101129,F006,Car,Regular,2025-02-17,8,100,Wallet,Paid,Covered,50,4.75,95.0,0.45
PT101130,F002,Car,Regular,2025-03-22,10,141,Credit Card,Paid,Covered,50,28.5,142.5,0.84
PT101131,F002,Car,Member,2025-10-24,18,154,Debit Card,Pending,Open,50,27.0,135.0,0.67
PT101132,F002,SUV,Regular,2025-01-08,14,227,Wallet,Paid,Open,65,0.0,260.0,0.54
PT101133,F006,Bike,Regular,2025-12-15,21,135,Wallet,Paid,Two-Wheeler,25,0.0,60.0,0.38
PT101134,F007,Car,Member,2025-09-06,14,262,UPI,Paid,Covered,50,23.75,237.5,0.71
PT101135,F003,Car,Member,2025-09-01,12,42,UPI,Paid,Covered,50,10.0,50.0,0.56
PT101136,F003,Car,Regular,2025-06-14,11,41,Credit Card,Paid,Covered,50,0.0,50.0,0.38
PT101137,F007,Car,Regular,2025-12-13,19,206,Credit Card,Paid,Covered,50,0.0,170.0,0.97
PT101138,F002,EV Car,Regular,2025-11-16,12,154,Debit Card,Paid,EV Parking,55,0.0,165.0,0.42
PT101139,F004,Bike,Regular,2025-07-06,10,235,Wallet,Paid,Two-Wheeler,25,0.0,100.0,0.78
PT101140,F001,SUV,Member,2025-09-06,11,229,UPI,Paid,Covered,65,13.0,260.0,0.49
PT101141,F006,Bike,Regular,2025-05-07,15,235,Credit Card,Paid,Two-Wheeler,25,0.0,100.0,0.66
PT101142,F001,Car,Member,2025-03-29,9,330,UPI,Paid,Open,50,30.0,300.0,0.78
PT101143,F008,Car,Regular,2025-02-14,9,102,Cash,Failed,Covered,50,10.0,100.0,0.99
PT101144,F007,SUV,Visitor,2025-10-09,13,93,Wallet,Paid,Covered,65,10.4,104.0,0.65
PT101145,F004,SUV,Member,2025-09-03,8,173,Credit Card,Paid,Covered,65,0.0,195.0,0.63
PT101146,F006,Car,Member,2025-08-06,13,132,UPI,Paid,Covered,50,0.0,150.0,0.9
PT101147,F007,Bike,Member,2025-01-15,12,129,Debit Card,Paid,Two-Wheeler,25,6.75,67.5,0.48
PT101148,F002,Bike,Member,2025-09-13,13,266,Debit Card,Paid,Two-Wheeler,25,11.88,118.75,0.46
PT101149,F003,Bike,Member,2025-11-10,13,175,UPI,Pending,Two-Wheeler,25,0.0,75.0,0.56
PT101150,F001,EV Car,Regular,2025-06-26,10,164,Cash,Paid,EV Parking,55,24.75,165.0,0.68
PT101151,F005,Bike,Visitor,2025-12-01,13,316,Wallet,Paid,Two-Wheeler,25,0.0,127.5,0.79
PT101152,F005,Bike,Regular,2025-08-03,12,213,Credit Card,Paid,Two-Wheeler,25,15.0,100.0,0.64
PT101153,F004,Car,Member,2025-01-25,17,72,Credit Card,Paid,Open,50,0.0,95.0,0.91
PT101154,F002,Car,Member,2025-11-20,15,146,UPI,Paid,Open,50,0.0,150.0,0.55
PT101155,F008,Car,Member,2025-10-19,18,92,Credit Card,Paid,Open,50,0.0,100.0,0.82
PT101156,F001,Car,Member,2025-04-27,15,256,Credit Card,Paid,Open,50,0.0,212.5,0.7
PT101157,F002,SUV,Regular,2025-03-21,9,294,UPI,Paid,Covered,65,0.0,325.0,0.62
PT101158,F001,SUV,Member,2025-06-24,14,87,UPI,Paid,Open,65,0.0,117.0,0.56
PT101159,F004,Car,Visitor,2025-08-20,16,20,UPI,Paid,Covered,50,0.0,47.5,0.57
PT101160,F004,SUV,Regular,2025-11-11,17,175,UPI,Paid,Open,65,19.5,195.0,0.79
PT101161,F008,Car,Regular,2025-02-09,10,43,Credit Card,Paid,Covered,50,0.0,50.0,0.99
PT101162,F005,Car,Regular,2025-06-20,11,99,Credit Card,Paid,Covered,50,4.75,95.0,0.48
PT101163,F002,Car,Regular,2025-04-27,18,100,Credit Card,Paid,Covered,50,9.5,95.0,0.69
PT101164,F006,Car,Regular,2025-07-03,13,229,UPI,Paid,Open,50,0.0,160.0,0.73
PT101165,F005,Car,Member,2025-03-22,13,76,Credit Card,Paid,Covered,50,0.0,90.0,0.8
PT101166,F002,Bike,Member,2025-03-12,14,222,Cash,Paid,Two-Wheeler,25,13.5,90.0,0.6
PT101167,F005,Car,Visitor,2025-05-20,10,105,Credit Card,Paid,Covered,50,10.0,100.0,0.83
PT101168,F006,EV Car,Member,2025-07-12,15,198,Wallet,Paid,EV Parking,55,0.0,198.0,0.82
PT101169,F003,Car,Regular,2025-06-20,17,46,Credit Card,Paid,Open,50,5.0,50.0,0.91
PT101170,F003,Car,Regular,2025-04-11,17,69,Debit Card,Paid,Covered,50,0.0,80.0,0.68
PT101171,F008,Car,Member,2025-03-11,7,118,UPI,Paid,Covered,50,0.0,100.0,0.5
PT101172,F003,Bike,Member,2025-06-23,16,68,Debit Card,Paid,Two-Wheeler,25,5.0,50.0,0.59
PT101173,F003,Car,Member,2025-07-08,9,73,Cash,Paid,Open,50,0.0,100.0,0.48
PT101174,F007,SUV,Regular,2025-08-03,20,225,Wallet,Paid,Covered,65,26.0,260.0,0.99
PT101175,F001,Bike,Regular,2025-01-25,13,126,Wallet,Paid,Two-Wheeler,25,0.0,75.0,0.47
PT101176,F007,Bike,Regular,2025-03-30,16,309,UPI,Paid,Two-Wheeler,25,15.0,150.0,0.43
PT101177,F007,Bike,Regular,2025-05-11,15,267,Credit Card,Paid,Two-Wheeler,25,0.0,125.0,0.55
PT101178,F008,Car,Member,2025-07-15,20,111,Credit Card,Pending,Covered,50,0.0,100.0,0.47
PT101179,F007,Car,Regular,2025-11-15,21,67,Credit Card,Paid,Open,50,0.0,95.0,0.59
PT101180,F003,Car,Regular,2025-10-13,11,114,UPI,Paid,Covered,50,0.0,100.0,0.8
PT101181,F006,Bike,Regular,2025-08-13,13,118,Cash,Paid,Two-Wheeler,25,4.0,40.0,0.68
PT101182,F008,Car,Regular,2025-12-15,14,26,Wallet,Paid,Open,50,0.0,42.5,0.57
PT101183,F008,Car,Regular,2025-11-30,10,220,Credit Card,Paid,Open,50,0.0,200.0,0.6
PT101184,F004,EV Car,Member,2025-12-07,19,117,UPI,Paid,EV Parking,55,0.0,104.5,0.61
PT101185,F008,Car,Regular,2025-11-23,12,28,UPI,Paid,Covered,50,0.0,47.5,0.43
PT101186,F004,SUV,Member,2025-05-29,8,96,Debit Card,Paid,Covered,65,13.0,130.0,0.81
PT101187,F008,SUV,Regular,2025-03-12,10,80,UPI,Paid,Covered,65,0.0,130.0,0.83
PT101188,F001,Car,Member,2025-05-09,14,134,Wallet,Pending,Covered,50,30.0,150.0,0.41
PT101189,F003,Car,Regular,2025-10-17,18,38,Debit Card,Paid,Covered,50,0.0,50.0,0.61
PT101190,F008,Car,Regular,2025-03-28,15,22,Debit Card,Paid,Open,50,2.5,50.0,0.23
PT101191,F003,Bike,Regular,2025-01-18,11,135,Credit Card,Paid,Two-Wheeler,25,0.0,67.5,0.33
PT101192,F003,Bike,Regular,2025-02-12,12,124,UPI,Paid,Two-Wheeler,25,0.0,67.5,0.74
PT101193,F005,SUV,Visitor,2025-03-17,21,184,Wallet,Paid,Covered,65,31.2,208.0,0.63
PT101194,F008,EV Car,Regular,2025-11-30,8,302,Debit Card,Paid,EV Parking,55,66.0,330.0,0.98
PT101195,F002,Bike,Member,2025-02-10,22,77,Wallet,Paid,Two-Wheeler,25,7.5,50.0,0.41
PT101196,F005,Car,Visitor,2025-12-28,19,347,Credit Card,Paid,Covered,50,0.0,300.0,0.87
PT101197,F002,Car,Regular,2025-12-31,15,88,Debit Card,Paid,Covered,50,0.0,90.0,0.57
PT101198,F003,SUV,Regular,2025-10-07,20,54,UPI,Paid,Covered,65,3.25,65.0,0.68
PT101199,F003,Car,Visitor,2025-10-07,10,98,Debit Card,Paid,Covered,50,0.0,80.0,0.83
PT101200,F005,Car,Member,2025-09-16,20,95,Debit Card,Paid,Covered,50,10.0,100.0,0.99
PT101201,F005,SUV,Member,2025-11-25,11,31,Debit Card,Paid,Covered,65,3.09,61.75,0.62
PT101202,F002,Car,Regular,2025-01-24,14,253,Debit Card,Paid,Covered,50,12.5,250.0,0.57
PT101203,F004,EV Car,Regular,2025-10-23,13,78,UPI,Paid,EV Parking,55,11.0,110.0,0.7
PT101204,F002,Bike,Regular,2025-11-23,14,44,Wallet,Paid,Two-Wheeler,25,2.5,25.0,0.37
PT101205,F005,Car,Regular,2025-04-19,11,76,Wallet,Paid,Open,50,0.0,100.0,0.58
PT101206,F006,EV Car,Regular,2025-12-25,16,132,UPI,Paid,EV Parking,55,0.0,156.75,0.48
PT101207,F005,Car,Regular,2025-10-16,16,239,Wallet,Paid,Covered,50,9.5,190.0,0.29
PT101208,F006,Car,Regular,2025-11-14,20,223,UPI,Paid,Covered,50,0.0,200.0,0.54
PT101209,F001,Car,Member,2025-12-07,14,122,Debit Card,Paid,Covered,50,0.0,150.0,0.39
PT101210,F005,Car,Regular,2025-11-13,14,33,UPI,Pending,Covered,50,0.0,40.0,0.49
PT101211,F001,Bike,Regular,2025-12-15,19,133,Wallet,Failed,Two-Wheeler,25,7.5,75.0,0.61
PT101212,F004,Car,Regular,2025-01-27,19,77,UPI,Paid,Covered,50,10.0,100.0,0.78
PT101213,F002,Car,Member,2025-05-06,15,24,Credit Card,Pending,Covered,50,2.5,50.0,0.6
PT101214,F006,Car,Member,2025-11-12,17,144,Credit Card,Paid,Open,50,0.0,150.0,0.67
PT101215,F002,SUV,Regular,2025-06-19,14,78,UPI,Paid,Covered,65,0.0,130.0,0.74
PT101216,F001,SUV,Member,2025-02-16,13,269,Debit Card,Paid,Covered,65,0.0,325.0,0.67
PT101217,F006,Car,Regular,2025-12-09,18,223,UPI,Paid,Covered,50,0.0,200.0,0.61
PT101218,F002,Car,Member,2025-06-30,16,40,Debit Card,Paid,Covered,50,2.12,42.5,0.37
PT101219,F005,Car,Regular,2025-12-31,11,175,Wallet,Failed,Covered,50,7.12,142.5,0.73
PT101220,F003,Car,Regular,2025-03-14,7,231,Cash,Paid,Open,50,0.0,200.0,0.5
PT101221,F001,SUV,Regular,2025-05-02,14,150,Cash,Paid,Covered,65,0.0,175.5,0.6
PT101222,F002,SUV,Regular,2025-12-19,17,162,UPI,Paid,Open,65,0.0,165.75,0.97
PT101223,F001,Car,Regular,2025-07-05,11,228,UPI,Paid,Covered,50,30.0,200.0,0.44
PT101224,F007,Car,Regular,2025-11-20,16,201,Credit Card,Paid,Covered,50,10.0,200.0,0.43
PT101225,F001,Car,Member,2025-11-15,13,103,UPI,Paid,Covered,50,0.0,90.0,0.65
PT101226,F006,Bike,Member,2025-03-23,12,208,Wallet,Paid,Two-Wheeler,25,14.25,95.0,0.67
PT101227,F007,Car,Visitor,2025-01-30,10,104,UPI,Paid,Covered,50,0.0,95.0,0.99
PT101228,F008,EV Car,Regular,2025-10-08,19,121,Wallet,Failed,EV Parking,55,0.0,156.75,0.9
PT101229,F006,SUV,Regular,2025-05-01,11,52,UPI,Paid,Covered,65,9.75,65.0,0.46
PT101230,F003,Car,Member,2025-12-19,11,91,Cash,Paid,Covered,50,0.0,85.0,0.54
PT101231,F007,Bike,Regular,2025-12-21,12,234,UPI,Paid,Two-Wheeler,25,0.0,100.0,0.46
PT101232,F008,EV Car,Regular,2025-04-16,12,57,UPI,Paid,EV Parking,55,2.75,55.0,0.54
PT101233,F005,Bike,Regular,2025-11-08,10,141,Debit Card,Paid,Two-Wheeler,25,0.0,75.0,0.99
PT101234,F001,Car,Visitor,2025-05-10,12,138,UPI,Paid,Covered,50,6.75,135.0,0.5
PT101235,F002,Car,Visitor,2025-07-24,13,221,Debit Card,Paid,Covered,50,0.0,170.0,0.62
PT101236,F004,SUV,Visitor,2025-02-22,14,27,Credit Card,Paid,Covered,65,0.0,61.75,0.54
PT101237,F001,Bike,Member,2025-10-24,10,240,UPI,Paid,Two-Wheeler,25,0.0,100.0,0.71
PT101238,F008,Bike,Visitor,2025-10-06,16,98,Wallet,Paid,Two-Wheeler,25,0.0,45.0,0.44
PT101239,F001,SUV,Member,2025-07-08,12,77,Credit Card,Paid,Covered,65,0.0,117.0,0.64
PT101240,F003,SUV,Visitor,2025-08-03,19,96,Debit Card,Paid,Covered,65,0.0,110.5,0.95
PT101241,F005,EV Car,Member,2025-01-31,12,162,Credit Card,Pending,EV Parking,55,24.75,165.0,0.34
PT101242,F004,Car,Regular,2025-09-15,18,107,Credit Card,Paid,Covered,50,0.0,100.0,0.74
PT101243,F007,Bike,Member,2025-03-01,12,148,UPI,Paid,Two-Wheeler,25,0.0,75.0,0.72
PT101244,F007,SUV,Regular,2025-03-19,14,62,UPI,Paid,Covered,65,0.0,130.0,0.55
PT101245,F007,SUV,Member,2025-01-23,12,61,Credit Card,Paid,Open,65,0.0,117.0,0.47
PT101246,F008,Bike,Regular,2025-07-04,13,157,Credit Card,Paid,Two-Wheeler,25,0.0,71.25,0.65
PT101247,F006,Car,Regular,2025-02-04,15,83,UPI,Pending,Open,50,5.0,100.0,0.5
PT101248,F006,SUV,Regular,2025-01-01,15,238,Debit Card,Paid,Covered,65,0.0,260.0,0.48
PT101249,F002,SUV,Member,2025-04-15,18,165,Debit Card,Paid,Covered,65,29.25,195.0,0.53
PT101250,F004,Car,Regular,2025-06-25,14,129,UPI,Paid,Open,50,22.5,150.0,0.37
PT101251,F007,Bike,Member,2025-02-18,11,77,UPI,Paid,Two-Wheeler,25,0.0,50.0,0.64
PT101252,F006,Car,Regular,2025-06-17,21,113,UPI,Paid,Open,50,0.0,100.0,0.63
PT101253,F008,Car,Visitor,2025-11-14,15,190,UPI,Paid,Covered,50,0.0,160.0,0.39
PT101254,F002,Car,Regular,2025-09-28,12,204,UPI,Paid,Open,50,9.0,180.0,0.5
PT101255,F005,Car,Member,2025-06-07,20,326,UPI,Paid,Covered,50,0.0,285.0,0.77
PT101256,F002,Bike,,2025-01-21,20,75,Wallet,Paid,Two-Wheeler,25,7.12,47.5,0.89
PT101257,F006,Bike,Visitor,2025-04-15,8,101,Debit Card,Paid,Two-Wheeler,25,4.75,47.5,0.7
PT101258,F003,Bike,Member,2025-10-17,6,85,UPI,Paid,Two-Wheeler,25,5.0,50.0,0.52
PT101259,F008,SUV,Regular,2025-05-01,7,42,UPI,Paid,Open,65,0.0,65.0,0.62
PT101260,F003,Car,Regular,2025-07-11,15,368,Debit Card,Paid,Covered,50,59.5,297.5,0.53
PT101261,F007,Car,Regular,2025-08-17,16,215,Credit Card,Paid,Open,50,0.0,200.0,0.18
PT101262,F003,SUV,Visitor,2025-06-30,16,153,Debit Card,Paid,Covered,65,0.0,195.0,0.74
PT101263,F007,Car,Member,2025-12-18,15,59,Wallet,Paid,Covered,50,0.0,50.0,0.58
PT101264,F007,EV Car,Regular,2025-08-13,12,80,Credit Card,Pending,EV Parking,55,16.5,110.0,0.6
PT101265,F006,SUV,Regular,2025-08-22,10,54,UPI,Paid,Covered,65,3.25,65.0,0.31
PT101266,F003,Bike,Member,2025-09-23,19,118,Debit Card,Paid,Two-Wheeler,25,4.75,47.5,0.76
PT101267,F007,EV Car,Member,2025-12-12,19,75,Wallet,Paid,EV Parking,55,0.0,110.0,0.99
PT101268,F004,Car,Regular,2025-11-10,11,191,Credit Card,Paid,Covered,50,40.0,200.0,0.49
PT101269,F005,Car,Member,2025-12-31,10,133,Debit Card,Paid,Covered,50,0.0,150.0,0.74
PT101270,F002,Bike,Regular,2025-08-06,12,69,UPI,Paid,Two-Wheeler,25,0.0,50.0,0.53
PT101271,F002,Car,Member,2025-07-30,7,271,UPI,Paid,Covered,50,40.0,200.0,0.83
PT101272,F006,EV Car,Member,2025-04-09,10,172,Debit Card,Pending,EV Parking,55,0.0,165.0,0.71
PT101273,F003,Car,Member,2025-04-19,13,125,Wallet,Paid,Open,50,0.0,135.0,0.71
PT101274,F003,Bike,Member,2025-12-11,11,65,Debit Card,Paid,Two-Wheeler,25,2.38,47.5,0.47
PT101275,F007,Bike,Regular,2025-09-10,16,50,Debit Card,Paid,Two-Wheeler,25,0.0,25.0,0.44
PT101276,F008,Bike,Regular,2025-01-12,19,127,UPI,Paid,Two-Wheeler,25,0.0,63.75,0.77
PT101277,F001,Car,Regular,2025-04-28,19,128,UPI,Paid,Open,50,0.0,150.0,0.63
PT101278,F007,Car,Visitor,2025-03-29,14,75,Credit Card,Paid,Covered,50,0.0,90.0,0.4
PT101279,F005,SUV,Regular,2025-12-10,15,74,UPI,Paid,Covered,65,19.5,130.0,0.51
PT101280,F004,Car,Member,2025-07-28,14,26,Debit Card,Paid,Covered,50,2.5,50.0,0.47
PT101281,F002,SUV,Visitor,2025-05-10,10,201,UPI,Paid,Open,65,0.0,260.0,0.73
PT101282,F007,Bike,Regular,2025-11-25,15,181,Debit Card,Paid,Two-Wheeler,25,0.0,90.0,0.5
PT101283,F001,SUV,Regular,2025-07-02,12,65,Cash,Paid,Covered,65,0.0,117.0,0.31
PT101284,F001,SUV,Regular,2025-03-24,6,39,Credit Card,Failed,Covered,65,2.6,52.0,0.4
PT101285,F007,Car,Member,2025-09-11,14,148,UPI,Paid,Covered,50,18.0,120.0,0.59
PT101286,F006,Bike,Visitor,2025-01-05,10,40,Debit Card,Paid,Two-Wheeler,25,3.75,25.0,0.66
PT101287,F002,SUV,Member,2025-10-30,18,150,Wallet,Paid,Covered,65,0.0,195.0,0.76
PT101288,F006,Bike,Regular,2025-01-24,19,134,Debit Card,Paid,Two-Wheeler,25,0.0,75.0,0.61
PT101289,F004,EV Car,Member,2025-05-01,10,386,UPI,Paid,EV Parking,55,0.0,385.0,0.99
PT101290,F001,Bike,Regular,2025-04-05,7,229,UPI,Paid,Two-Wheeler,25,5.0,100.0,0.56
PT101291,F001,Car,Regular,2025-08-12,6,106,UPI,Pending,Covered,50,0.0,100.0,0.55
PT101292,F005,Car,Member,2025-08-27,19,297,UPI,Paid,Covered,50,11.88,237.5,0.7
PT101293,F004,EV Car,Regular,2025-08-15,10,64,Cash,Paid,EV Parking,55,4.68,93.5,0.56
PT101294,F001,Car,Regular,2025-05-22,13,42,Cash,Paid,Open,50,0.0,40.0,0.55
PT101295,F004,SUV,Regular,2025-02-20,8,60,UPI,Paid,Covered,65,0.0,58.5,0.78
PT101296,F002,SUV,Regular,2025-05-25,12,146,UPI,Paid,Open,65,0.0,175.5,0.86
PT101297,F003,Car,Regular,2025-12-04,16,62,UPI,Paid,Covered,50,0.0,100.0,0.33
PT101298,F001,Car,Member,2025-11-24,13,140,Wallet,Paid,Covered,50,0.0,142.5,0.58
PT101299,F005,SUV,Regular,2025-11-03,16,102,Credit Card,Paid,Covered,65,12.35,123.5,0.35
PT101300,F002,Car,Regular,2025-02-21,15,159,Debit Card,Paid,Covered,50,0.0,150.0,0.69
PT101301,F007,SUV,Regular,2025-01-12,14,159,UPI,Paid,Covered,65,0.0,195.0,0.67
PT101302,F004,Bike,Visitor,2025-12-03,16,113,Debit Card,Paid,Two-Wheeler,25,2.5,50.0,0.7
PT101303,F007,Bike,Member,2025-04-05,18,70,UPI,Paid,Two-Wheeler,25,4.5,45.0,0.71
PT101304,F006,SUV,Member,2025-05-09,17,128,UPI,Paid,Covered,65,0.0,185.25,0.77
PT101305,F002,Car,Member,2025-01-11,15,204,Debit Card,Paid,Open,50,19.0,190.0,0.59
PT101306,F007,Bike,Member,2025-09-29,15,97,Credit Card,Paid,Two-Wheeler,25,7.5,50.0,0.56
PT101307,F008,Car,Member,2025-12-23,10,46,UPI,Paid,Covered,50,2.12,42.5,0.85
PT101308,F008,Car,Visitor,2025-04-02,20,39,UPI,Paid,Covered,50,2.0,40.0,0.73
PT101309,F001,Bike,Member,2025-01-09,11,136,UPI,Paid,Two-Wheeler,25,0.0,75.0,0.4
PT101310,F004,SUV,Regular,2025-05-03,12,239,UPI,Paid,Open,65,39.0,260.0,0.47
PT101311,F003,Car,Member,2025-09-21,14,48,Debit Card,Paid,Open,50,0.0,50.0,0.76
PT101312,F002,Bike,Regular,2025-10-08,9,84,Wallet,Paid,Two-Wheeler,25,6.0,40.0,0.96
PT101313,F001,Bike,Visitor,2025-04-29,14,107,UPI,Paid,Two-Wheeler,25,2.5,50.0,0.63
PT101314,F005,Car,Member,2025-07-09,10,112,UPI,Paid,Open,50,0.0,95.0,0.95
PT101315,F006,Car,Regular,2025-10-06,19,128,UPI,Paid,Covered,50,0.0,150.0,0.69
PT101316,F004,EV Car,Visitor,2025-10-27,18,105,Credit Card,Paid,EV Parking,55,4.68,93.5,0.99
PT101317,F002,SUV,Regular,2025-02-25,14,38,Credit Card,Paid,Covered,65,3.25,65.0,0.33
PT101318,F008,Bike,Member,2025-07-15,13,256,Debit Card,Paid,Two-Wheeler,25,0.0,125.0,0.52
PT101319,F002,Bike,Regular,2025-01-23,9,258,UPI,Paid,Two-Wheeler,25,12.5,125.0,0.82
PT101320,F003,Car,Regular,2025-09-22,17,63,Credit Card,Paid,Covered,50,14.25,95.0,0.53
PT101321,F008,Bike,Member,2025-09-02,12,71,Cash,Paid,Two-Wheeler,25,0.0,50.0,0.45
PT101322,F003,Bike,Regular,2025-09-17,11,237,Wallet,Paid,Two-Wheeler,25,0.0,100.0,0.56
PT101323,F005,Bike,Member,2025-08-19,22,202,Wallet,Paid,Two-Wheeler,25,0.0,90.0,0.15
PT101324,F006,Car,Member,2025-07-29,15,228,Debit Card,Paid,Open,50,20.0,200.0,0.33
PT101325,F005,Car,Visitor,2025-06-11,8,96,Wallet,Paid,Open,50,0.0,100.0,0.77
PT101326,F001,Car,Regular,2025-12-20,17,176,UPI,Paid,Open,50,22.5,150.0,0.74
PT101327,F001,EV Car,Member,2025-06-19,16,89,UPI,Paid,EV Parking,55,0.0,99.0,0.35
PT101328,F005,Car,Regular,2025-12-05,13,139,UPI,Paid,Covered,50,7.5,150.0,0.64
PT101329,F006,Bike,Member,2025-10-17,9,48,Debit Card,Paid,Two-Wheeler,25,0.0,25.0,0.99
PT101330,F005,Car,Member,2025-08-15,14,162,Wallet,Paid,Open,50,0.0,142.5,0.48
PT101331,F006,Car,Regular,2025-12-27,16,54,UPI,Paid,Open,50,4.5,45.0,0.45
PT101332,F006,SUV,Regular,2025-12-29,8,88,Debit Card,Paid,Covered,65,0.0,123.5,0.52
PT101333,F007,Bike,Member,2025-02-12,10,480,Debit Card,Paid,Two-Wheeler,25,0.0,200.0,0.65
PT101334,F008,Bike,Member,2025-07-14,15,83,Wallet,Paid,Two-Wheeler,25,9.5,47.5,0.21
PT101335,F004,Car,Regular,2025-01-12,14,123,Debit Card,Paid,Open,50,30.0,150.0,0.25
PT101336,F006,SUV,Regular,2025-09-29,19,73,Wallet,Paid,Open,65,19.5,130.0,0.83
PT101337,F003,Car,Visitor,2025-03-03,17,182,UPI,Paid,Open,50,0.0,190.0,0.83
PT101338,F006,Car,Member,2025-01-17,19,72,UPI,Paid,Open,50,4.75,95.0,0.79
PT101339,F006,Bike,Regular,2025-09-28,13,480,Credit Card,Paid,Two-Wheeler,25,28.5,190.0,0.63
PT101340,F006,Car,Visitor,2025-01-26,16,89,UPI,Paid,Open,50,0.0,95.0,0.66
PT101341,F007,Car,Regular,2025-02-14,7,207,UPI,Paid,Covered,50,0.0,200.0,0.35
PT101342,F008,Bike,Visitor,2025-05-25,12,84,Debit Card,Paid,Two-Wheeler,25,4.25,42.5,0.42
PT101343,F007,Bike,Visitor,2025-03-06,15,33,Debit Card,Failed,Two-Wheeler,25,0.0,20.0,0.7
PT101344,F001,SUV,Member,2025-12-16,16,63,Debit Card,Pending,Covered,65,6.18,123.5,0.6
PT101345,F007,Car,Member,2025-10-13,14,271,UPI,Paid,Covered,50,50.0,250.0,0.66
PT101346,F003,Car,Member,2025-03-09,13,121,Credit Card,Paid,Open,50,7.5,150.0,0.51
PT101347,F003,Car,Member,2025-12-28,11,148,UPI,Paid,Covered,50,0.0,135.0,0.55
PT101348,F007,EV Car,Visitor,2025-10-27,10,53,UPI,Paid,EV Parking,55,0.0,55.0,0.75
PT101349,F008,Bike,,2025-04-06,18,232,Credit Card,Paid,Two-Wheeler,25,0.0,95.0,0.87
PT101350,F005,SUV,Member,2025-03-01,10,159,UPI,Paid,Covered,65,0.0,195.0,0.72
PT101351,F004,Car,Regular,2025-09-14,13,48,UPI,Paid,Covered,50,4.0,40.0,0.64
PT101352,F008,Bike,Regular,2025-01-19,18,290,Debit Card,Paid,Two-Wheeler,25,11.25,112.5,0.69
PT101353,F007,Car,Regular,2025-02-02,10,146,UPI,Paid,Open,50,0.0,135.0,0.76
PT101354,F006,Bike,Regular,2025-04-01,9,145,Wallet,Paid,Two-Wheeler,25,0.0,67.5,0.55
PT101355,F002,EV Car,Visitor,2025-08-26,15,202,Credit Card,Paid,EV Parking,55,33.0,220.0,0.25
PT101356,F004,EV Car,Member,2025-01-24,12,106,Wallet,Paid,EV Parking,55,0.0,110.0,0.63
PT101357,F004,Bike,Member,2025-08-15,13,169,UPI,Pending,Two-Wheeler,25,0.0,71.25,0.44
PT101358,F003,Bike,Member,2025-12-05,15,223,Credit Card,Paid,Two-Wheeler,25,0.0,90.0,0.6
PT101359,F004,EV Car,Regular,2025-09-22,12,432,UPI,Pending,EV Parking,55,19.8,396.0,0.38
PT101360,F007,Bike,Member,2025-01-06,17,141,Cash,Paid,Two-Wheeler,25,0.0,75.0,0.75
PT101361,F006,Car,Regular,2025-02-27,20,54,UPI,Paid,Open,50,2.5,50.0,0.84
PT101362,F006,Bike,Regular,2025-04-10,19,196,UPI,Paid,Two-Wheeler,25,0.0,100.0,0.79
PT101363,F001,Car,Regular,2025-05-02,14,156,Cash,Paid,Covered,50,6.38,127.5,0.49
PT101364,F006,Bike,Regular,2025-12-23,12,168,UPI,Paid,Two-Wheeler,25,0.0,75.0,0.54
PT101365,F008,Bike,Member,2025-06-06,13,90,UPI,Paid,Two-Wheeler,25,0.0,50.0,0.65
PT101366,F006,Bike,Regular,2025-07-20,12,145,UPI,Paid,Two-Wheeler,25,0.0,71.25,0.5
PT101367,F003,Car,Regular,2025-08-13,13,150,Debit Card,Paid,Covered,50,0.0,150.0,0.55
PT101368,F006,Car,Member,2025-09-24,6,74,UPI,Failed,Open,50,0.0,80.0,0.59
PT101369,F001,Bike,Member,2025-05-31,8,175,Credit Card,Paid,Two-Wheeler,25,0.0,75.0,0.75
PT101370,F002,SUV,Regular,2025-09-14,16,95,UPI,Paid,Open,65,0.0,130.0,0.29
PT101371,F007,Bike,Member,2025-03-22,12,130,Credit Card,Paid,Two-Wheeler,25,0.0,75.0,0.47
PT101372,F003,Car,Member,2025-04-10,17,79,Debit Card,Paid,Covered,50,15.0,100.0,0.51
PT101373,F008,EV Car,Regular,2025-04-15,13,163,UPI,Paid,EV Parking,55,0.0,165.0,0.37
PT101374,F002,EV Car,Member,2025-09-09,17,22,Credit Card,Paid,EV Parking,55,5.5,55.0,0.72
PT101375,F003,Car,Member,2025-05-13,15,229,UPI,Paid,Covered,50,40.0,200.0,0.72
PT101376,F005,Car,Regular,2025-04-09,11,132,UPI,Paid,Covered,50,0.0,150.0,0.55
PT101377,F004,SUV,Regular,2025-06-27,13,87,UPI,Paid,Open,65,5.85,117.0,0.41
PT101378,F005,SUV,Regular,2025-09-22,15,102,Credit Card,Paid,Covered,65,17.55,117.0,0.47
PT101379,F006,EV Car,Visitor,2025-05-12,12,52,Credit Card,Paid,EV Parking,55,2.61,52.25,0.52
PT101380,F002,SUV,Member,2025-07-18,10,90,Wallet,Paid,Covered,65,0.0,117.0,0.67
PT101381,F006,Bike,Member,2025-07-12,14,197,UPI,Paid,Two-Wheeler,25,0.0,95.0,0.88
PT101382,F004,Bike,Regular,2025-07-27,11,182,Credit Card,Paid,Two-Wheeler,25,0.0,100.0,0.55
PT101383,F003,Car,Regular,2025-02-26,14,20,Credit Card,Pending,Covered,50,0.0,42.5,0.56
PT101384,F004,Car,Member,2025-09-19,11,196,Credit Card,Paid,Covered,50,40.0,200.0,0.59
PT101385,F001,Bike,Member,2025-08-18,19,166,Cash,Paid,Two-Wheeler,25,13.5,67.5,0.55
PT101386,F004,Bike,Member,2025-05-22,12,77,UPI,Paid,Two-Wheeler,25,0.0,42.5,0.58
PT101387,F001,Bike,Regular,2025-03-04,19,91,UPI,Paid,Two-Wheeler,25,4.25,42.5,0.86
PT101388,F004,SUV,Member,2025-04-28,11,49,Debit Card,Pending,Covered,65,0.0,55.25,0.51
PT101389,F007,Car,Visitor,2025-11-17,14,51,UPI,Paid,Open,50,7.12,47.5,0.72
PT101390,F001,Bike,Member,2025-11-04,9,187,UPI,Paid,Two-Wheeler,25,0.0,95.0,0.76
PT101391,F002,Car,Visitor,2025-11-17,16,44,UPI,Paid,Open,50,7.5,50.0,0.51
PT101392,F006,Car,Regular,2025-09-02,11,240,UPI,Paid,Open,50,20.0,200.0,0.57
PT101393,F008,SUV,Regular,2025-12-22,18,80,Credit Card,Paid,Open,65,0.0,123.5,0.76
PT101394,F006,Bike,Regular,2025-05-16,13,138,UPI,Paid,Two-Wheeler,25,0.0,75.0,0.56
PT101395,F005,EV Car,Regular,2025-04-06,9,148,UPI,Paid,EV Parking,55,16.5,165.0,0.76
PT101396,F006,Car,Member,2025-08-13,12,47,Credit Card,Paid,Open,50,0.0,50.0,0.44
PT101397,F003,Bike,Member,2025-01-08,16,110,Credit Card,Paid,Two-Wheeler,25,0.0,45.0,0.33
PT101398,F007,Car,Regular,2025-01-14,8,246,Wallet,Paid,Covered,50,35.62,237.5,0.75
PT101399,F004,Bike,Regular,2025-01-24,15,229,UPI,Paid,Two-Wheeler,25,4.5,90.0,0.54
PT101400,F005,SUV,Regular,2025-07-11,14,139,Wallet,Paid,Open,65,0.0,195.0,0.29
PT101401,F003,Bike,Regular,2025-08-29,12,61,Credit Card,Paid,Two-Wheeler,25,0.0,45.0,0.57
PT101402,F003,SUV,Regular,2025-12-15,16,101,Debit Card,Paid,Open,65,0.0,130.0,0.61
PT101403,F001,Car,Regular,2025-01-25,8,43,Credit Card,Paid,Covered,50,10.0,50.0,0.98
PT101404,F006,SUV,Regular,2025-05-09,14,118,Credit Card,Paid,Covered,65,0.0,130.0,0.63
PT101405,F002,Car,Regular,2025-03-28,14,112,Cash,Paid,Covered,50,0.0,100.0,0.55
PT101406,F008,SUV,Visitor,2025-08-21,8,42,Cash,Paid,Open,65,0.0,58.5,0.65
PT101407,F002,Car,Regular,2025-10-16,9,480,UPI,Paid,Covered,50,68.0,340.0,0.84
PT101408,F005,Car,Regular,2025-02-25,13,142,UPI,Paid,Covered,50,0.0,150.0,0.44
PT101409,F007,Bike,Regular,2025-07-09,14,106,Credit Card,Paid,Two-Wheeler,25,6.75,45.0,0.4
PT101410,F002,EV Car,Regular,2025-01-28,8,210,Wallet,Paid,EV Parking,55,22.0,220.0,0.76
PT101411,F004,Car,Regular,2025-01-29,6,66,UPI,Paid,Covered,50,9.0,90.0,0.46
PT101412,F002,Car,Member,2025-10-06,10,61,Debit Card,Paid,Open,50,19.0,95.0,0.99
PT101413,F005,SUV,Visitor,2025-06-21,13,202,Debit Card,Paid,Open,65,26.0,260.0,0.39
PT101414,F008,Car,Member,2025-02-07,7,316,Debit Card,Paid,Covered,50,45.0,300.0,0.65
PT101415,F002,Car,Regular,2025-10-26,16,85,Credit Card,Paid,Covered,50,0.0,95.0,0.46
PT101416,F004,Bike,Member,2025-09-23,10,194,UPI,Paid,Two-Wheeler,25,10.0,100.0,0.93
PT101417,F001,Car,Member,2025-01-27,16,103,Wallet,Paid,Covered,50,0.0,95.0,0.51
PT101418,F007,EV Car,Regular,2025-05-16,11,122,Credit Card,Paid,EV Parking,55,0.0,148.5,0.92
PT101419,F005,SUV,Regular,2025-08-24,12,71,Debit Card,Paid,Covered,65,19.5,130.0,0.88
PT101420,F001,Bike,Regular,2025-09-02,13,226,UPI,Paid,Two-Wheeler,25,19.0,95.0,0.47
PT101421,F001,EV Car,Member,2025-03-26,12,60,Debit Card,Paid,EV Parking,55,5.22,52.25,0.32
PT101422,F001,Bike,Member,2025-01-13,7,120,UPI,Paid,Two-Wheeler,25,0.0,40.0,0.85
PT101423,F003,Car,Member,2025-02-27,19,158,UPI,Paid,Covered,50,0.0,142.5,0.82
PT101424,F007,Car,Regular,2025-09-16,12,84,Debit Card,Paid,Covered,50,0.0,100.0,0.36
PT101425,F008,Bike,Regular,2025-04-10,9,282,Credit Card,Failed,Two-Wheeler,25,0.0,125.0,0.64
PT101426,F006,Car,Regular,2025-04-14,9,180,Debit Card,Paid,Open,50,0.0,142.5,0.78
PT101427,F007,EV Car,Regular,2025-09-18,21,92,UPI,Paid,EV Parking,55,0.0,110.0,0.71
PT101428,F003,SUV,Visitor,2025-10-05,9,204,Credit Card,Paid,Open,65,0.0,260.0,0.81
PT101429,F006,Car,Member,2025-03-07,12,133,Credit Card,Paid,Open,50,15.0,150.0,0.59
PT101430,F007,Bike,Regular,2025-03-30,8,179,Credit Card,Paid,Two-Wheeler,25,0.0,75.0,0.73
PT101431,F001,SUV,Regular,2025-10-23,16,93,UPI,Paid,Covered,65,17.55,117.0,0.58
PT101432,F005,EV Car,Member,2025-03-29,14,82,Debit Card,Paid,EV Parking,55,5.5,110.0,0.54
PT101433,F006,SUV,Member,2025-01-05,14,176,Cash,Paid,Covered,65,0.0,195.0,0.58
PT101434,F004,Bike,Member,2025-05-24,18,238,UPI,Paid,Two-Wheeler,25,0.0,90.0,0.69
PT101435,F004,SUV,Visitor,2025-04-27,14,214,UPI,Paid,Covered,65,0.0,260.0,0.54
PT101436,F002,Bike,Regular,2025-09-28,20,56,Debit Card,Pending,Two-Wheeler,25,4.75,23.75,0.45
PT101437,F006,Bike,Regular,2025-07-24,15,100,Debit Card,Paid,Two-Wheeler,25,0.0,40.0,0.68
PT101438,F005,Car,Regular,2025-03-16,12,186,Debit Card,Paid,Covered,50,0.0,180.0,0.38
PT101439,F008,Car,Regular,2025-03-21,7,188,Debit Card,Paid,Covered,50,25.5,170.0,0.45
PT101440,F003,Bike,Regular,2025-01-18,16,29,UPI,Paid,Two-Wheeler,25,5.0,25.0,0.59
PT101441,F001,Car,Visitor,2025-08-05,12,119,UPI,Pending,Covered,50,0.0,100.0,0.68
PT101442,F002,Car,Member,2025-04-12,14,201,UPI,Pending,Covered,50,0.0,160.0,0.56
PT101443,F004,SUV,Member,2025-05-12,18,233,UPI,Paid,Covered,65,0.0,260.0,0.66
PT101444,F003,Car,Regular,2025-11-05,6,154,Debit Card,Paid,Covered,50,0.0,150.0,0.55
PT101445,F003,Bike,Visitor,2025-02-27,16,309,UPI,Paid,Two-Wheeler,25,0.0,150.0,0.72
PT101446,F001,Bike,Visitor,2025-04-22,13,112,Wallet,Paid,Two-Wheeler,25,2.0,40.0,0.35
PT101447,F008,EV Car,Regular,2025-03-26,9,136,Cash,Paid,EV Parking,55,24.75,165.0,0.69
PT101448,F008,Bike,Member,2025-11-27,14,60,Cash,Paid,Two-Wheeler,25,0.0,25.0,0.43
PT101449,F006,Car,Member,2025-11-10,14,142,Wallet,Paid,Covered,50,7.5,150.0,0.74
PT101450,F004,Bike,Visitor,2025-04-26,17,56,UPI,Paid,Two-Wheeler,25,0.0,23.75,0.86
PT101451,F008,SUV,Regular,2025-11-11,14,221,Cash,Paid,Covered,65,22.1,221.0,0.62
PT101452,F005,EV Car,Member,2025-06-11,17,99,UPI,Failed,EV Parking,55,5.5,110.0,0.89
PT101453,F008,Bike,Visitor,2025-10-13,14,210,UPI,Paid,Two-Wheeler,25,12.75,85.0,0.62
PT101454,F003,Car,Member,2025-11-20,13,94,Debit Card,Paid,Covered,50,15.0,100.0,0.74
PT101455,F001,EV Car,Regular,2025-07-25,12,216,UPI,Paid,EV Parking,55,0.0,220.0,0.56
PT101456,F005,Car,Regular,2025-11-27,10,140,Wallet,Paid,Open,50,0.0,135.0,0.72
PT101457,F006,Bike,Member,2025-03-09,14,53,Debit Card,Paid,Two-Wheeler,25,0.0,25.0,0.62
PT101458,F004,Car,Member,2025-09-05,14,147,Debit Card,Paid,Covered,50,0.0,150.0,0.48
PT101459,F006,Car,Member,2025-02-26,21,124,UPI,Paid,Open,50,20.25,135.0,0.27
PT101460,F003,Car,Regular,2025-06-14,13,64,Debit Card,Paid,Open,50,0.0,90.0,0.45
PT101461,F005,Car,Regular,2025-06-15,13,77,UPI,Paid,Open,50,10.0,100.0,0.53
PT101462,F005,Bike,Member,2025-10-24,10,34,Cash,Paid,Two-Wheeler,25,0.0,23.75,0.99
PT101463,F005,EV Car,Visitor,2025-01-04,14,91,UPI,Paid,EV Parking,55,0.0,110.0,0.57
PT101464,F003,Car,Member,2025-10-22,17,53,Debit Card,Paid,Covered,50,0.0,42.5,0.81
PT101465,F003,SUV,Member,2025-12-31,11,102,UPI,Paid,Covered,65,6.5,130.0,0.71
PT101466,F006,Car,Member,2025-04-16,6,44,UPI,Paid,Open,50,2.5,50.0,0.54
PT101467,F002,Bike,Member,2025-04-18,15,140,Credit Card,Paid,Two-Wheeler,25,0.0,71.25,0.44
PT101468,F006,Car,Visitor,2025-06-19,7,80,UPI,Paid,Covered,50,0.0,85.0,0.68
PT101469,F004,EV Car,Member,2025-09-24,13,243,Debit Card,Paid,EV Parking,55,24.75,247.5,0.47
PT101470,F001,SUV,Regular,2025-09-24,15,52,UPI,Paid,Covered,65,0.0,61.75,0.76
PT101471,F005,Bike,Visitor,2025-02-23,13,33,UPI,Paid,Two-Wheeler,25,3.19,21.25,0.42
PT101472,F002,SUV,Regular,2025-06-15,11,241,Credit Card,Paid,Covered,65,0.0,325.0,0.51
PT101473,F001,Bike,Regular,2025-09-11,17,379,UPI,Paid,Two-Wheeler,25,0.0,140.0,0.77
PT101474,F002,EV Car,Visitor,2025-10-03,12,213,UPI,Paid,EV Parking,55,0.0,220.0,0.46
PT101475,F008,SUV,Regular,2025-06-03,10,58,Cash,Pending,Covered,65,0.0,58.5,0.71
PT101476,F008,EV Car,Member,2025-05-08,13,20,UPI,Pending,EV Parking,55,0.0,55.0,0.39
PT101477,F007,Bike,Regular,2025-03-17,9,229,,Paid,Two-Wheeler,25,0.0,100.0,0.99
PT101478,F008,Car,Visitor,2025-08-09,15,171,UPI,Paid,Covered,50,25.5,127.5,0.66
PT101479,F006,Bike,Regular,2025-09-27,16,165,Credit Card,Paid,Two-Wheeler,25,0.0,75.0,0.62
PT101480,F008,Car,Regular,2025-05-03,6,66,Credit Card,Paid,Covered,50,0.0,85.0,0.9
PT101481,F003,Bike,Visitor,2025-01-25,15,88,UPI,Paid,Two-Wheeler,25,0.0,50.0,0.59
PT101482,F005,Bike,Regular,2025-04-16,12,393,Debit Card,Paid,Two-Wheeler,25,0.0,175.0,0.49
PT101483,F006,Bike,Member,2025-04-16,15,102,UPI,Paid,Two-Wheeler,25,2.5,50.0,0.54
PT101484,F001,Car,Member,2025-04-13,15,79,Credit Card,Paid,Open,50,0.0,100.0,0.69
PT101485,F007,Car,Regular,2025-09-23,11,131,UPI,Paid,Covered,50,7.5,150.0,0.15
PT101486,F007,Bike,Member,2025-01-14,10,42,Debit Card,Paid,Two-Wheeler,25,0.0,22.5,0.93
PT101487,F007,EV Car,Visitor,2025-05-13,17,103,Wallet,Paid,EV Parking,55,22.0,110.0,0.99
PT101488,F001,Car,Regular,2025-01-22,16,167,Credit Card,Paid,Open,50,0.0,150.0,0.32
PT101489,F001,Bike,Regular,2025-03-16,17,68,Wallet,Paid,Two-Wheeler,25,7.5,50.0,0.64
PT101490,F001,SUV,Regular,2025-10-12,13,181,UPI,Paid,Covered,65,0.0,234.0,0.41
PT101491,F001,Bike,Regular,2025-09-01,13,403,UPI,Paid,Two-Wheeler,25,0.0,157.5,0.51
PT101492,F007,Car,Regular,2025-09-13,12,20,UPI,Paid,Open,50,4.25,42.5,0.6
PT101493,F007,Car,Member,2025-05-26,14,74,UPI,Paid,Covered,50,5.0,100.0,0.52
PT101494,F002,Car,Regular,2025-07-31,15,211,UPI,Paid,Covered,50,20.0,200.0,0.73
PT101495,F006,EV Car,Visitor,2025-09-06,17,321,UPI,Paid,EV Parking,55,0.0,313.5,0.91
PT101496,F005,Car,Regular,2025-02-04,10,188,Credit Card,Paid,Covered,50,10.0,200.0,0.91
PT101497,F008,Car,Regular,2025-11-23,13,125,UPI,Paid,Covered,50,22.5,150.0,0.51
PT101498,F008,Car,Member,2025-09-10,13,204,UPI,Paid,Covered,50,10.0,200.0,0.37
PT101499,F003,Car,Regular,2025-12-16,13,135,UPI,Paid,Open,50,0.0,150.0,0.51
PT101500,F007,SUV,Visitor,2025-09-17,14,49,Cash,Paid,Covered,65,3.09,61.75,0.82
PT101501,F003,Car,Regular,2025-11-03,17,182,UPI,Paid,Covered,50,8.5,170.0,0.36
PT101502,F006,Car,Regular,2025-12-16,18,150,Debit Card,Paid,Covered,50,30.0,150.0,0.9
PT101503,F006,Bike,Regular,2025-10-13,10,140,Credit Card,Paid,Two-Wheeler,25,0.0,75.0,0.76
PT101504,F003,Car,Regular,2025-12-16,16,108,Credit Card,Paid,Covered,50,0.0,90.0,0.81
PT101505,F007,Car,Regular,2025-06-30,13,62,UPI,Paid,Covered,50,10.0,100.0,0.49
PT101506,F003,SUV,Member,2025-07-29,13,180,UPI,Paid,Covered,65,0.0,195.0,0.79
PT101507,F008,SUV,Regular,2025-04-20,9,64,Credit Card,Paid,Covered,65,11.7,117.0,0.79
PT101508,F002,EV Car,Member,2025-11-26,8,31,UPI,Paid,EV Parking,55,0.0,55.0,0.55
PT101509,F008,SUV,Member,2025-05-22,21,164,UPI,Paid,Open,65,0.0,175.5,0.66
PT101510,F004,Bike,Regular,2025-06-13,15,139,UPI,Paid,Two-Wheeler,25,6.75,67.5,0.64
PT101511,F007,Car,Member,2025-03-28,13,112,Cash,Paid,Covered,50,0.0,80.0,0.39
PT101512,F007,SUV,Regular,2025-05-20,16,248,Credit Card,Paid,Covered,65,0.0,325.0,0.46
PT101513,F005,SUV,Member,2025-11-28,9,102,Debit Card,Paid,Covered,65,6.5,130.0,0.53
PT101514,F001,SUV,Regular,2025-06-11,14,80,Credit Card,Paid,Covered,65,11.7,117.0,0.67
PT101515,F004,Bike,Member,2025-01-26,15,78,Cash,Paid,Two-Wheeler,25,6.38,42.5,0.57
PT101516,F006,Car,Regular,2025-05-14,13,94,Credit Card,Paid,Covered,50,0.0,100.0,0.59
PT101517,F007,SUV,Regular,2025-12-23,11,135,Credit Card,Paid,Open,65,0.0,195.0,0.67
PT101518,F003,SUV,Visitor,2025-04-25,20,128,Wallet,Failed,Covered,65,39.0,195.0,0.67
PT101519,F004,EV Car,Visitor,2025-06-30,12,90,Debit Card,Paid,EV Parking,55,0.0,110.0,0.44
PT101520,F005,Car,Member,2025-12-28,9,88,UPI,Paid,Covered,50,0.0,100.0,0.93
PT101521,F006,Car,Member,2025-12-25,15,165,UPI,Paid,Covered,50,0.0,150.0,0.54
PT101522,F001,Car,Regular,2025-05-27,14,205,Debit Card,Paid,Open,50,0.0,200.0,0.75
PT101523,F001,SUV,Regular,2025-12-26,16,112,Cash,Paid,Open,65,15.6,104.0,0.43
PT101524,F005,Car,Member,2025-08-03,16,436,Credit Card,Paid,Open,50,40.0,400.0,0.44
PT101525,F005,Car,Member,2025-03-18,15,417,Credit Card,Paid,Open,50,28.0,280.0,0.63
PT101526,F003,EV Car,Regular,2025-04-05,11,289,Debit Card,Paid,EV Parking,55,0.0,247.5,0.78
PT101527,F007,Car,Visitor,2025-08-06,18,101,Credit Card,Paid,Covered,50,0.0,100.0,0.92
PT101528,F001,SUV,Visitor,2025-12-29,11,89,Debit Card,Paid,Open,65,0.0,117.0,0.84
PT101529,F006,Car,Member,2025-02-21,9,170,UPI,Paid,Covered,50,0.0,150.0,0.92
PT101530,F004,SUV,Regular,2025-10-01,12,59,Wallet,Paid,Covered,65,0.0,61.75,0.45
PT101531,F006,Bike,Member,2025-06-24,13,115,Debit Card,Paid,Two-Wheeler,25,0.0,50.0,0.46
PT101532,F002,EV Car,Regular,2025-11-09,11,109,Debit Card,Paid,EV Parking,55,0.0,93.5,0.53
PT101533,F002,EV Car,Regular,2025-02-02,12,65,UPI,Paid,EV Parking,55,5.5,110.0,0.5
PT101534,F005,Car,Regular,2025-12-26,14,146,UPI,Paid,Open,50,15.0,150.0,0.55
PT101535,F003,Car,Regular,2025-05-12,12,50,UPI,Paid,Covered,50,0.0,50.0,0.6
PT101536,F002,Car,Member,2025-10-02,8,43,Debit Card,Paid,Open,50,0.0,50.0,0.85
PT101537,F001,Bike,Regular,2025-01-07,10,131,Debit Card,Paid,Two-Wheeler,25,7.5,75.0,0.99
PT101538,F006,SUV,Visitor,2025-08-15,17,33,UPI,Paid,Open,65,5.52,55.25,0.99
PT101539,F006,Bike,Member,2025-09-12,20,123,Credit Card,Paid,Two-Wheeler,25,7.5,75.0,0.9
PT101540,F005,Bike,Member,2025-10-09,10,198,Cash,Paid,Two-Wheeler,25,0.0,90.0,0.85
PT101541,F007,Car,Regular,2025-08-24,15,221,UPI,Paid,Open,50,18.0,180.0,0.41
PT101542,F007,SUV,Regular,2025-12-09,19,119,Credit Card,Paid,Open,65,0.0,130.0,0.71
PT101543,F004,EV Car,Visitor,2025-12-20,12,214,Debit Card,Paid,EV Parking,55,0.0,220.0,0.4
PT101544,F005,Car,Regular,2025-07-03,17,103,Credit Card,Paid,Covered,50,0.0,100.0,0.59
PT101545,F008,Bike,Regular,2025-07-18,19,115,Debit Card,Paid,Two-Wheeler,25,0.0,47.5,0.64
PT101546,F004,Car,Regular,2025-07-22,12,43,Credit Card,Paid,Covered,50,0.0,50.0,0.92
PT101547,F008,Bike,Visitor,2025-05-16,8,239,Wallet,Paid,Two-Wheeler,25,0.0,90.0,0.96
PT101548,F007,Bike,Regular,2025-10-15,19,58,UPI,Paid,Two-Wheeler,25,2.5,25.0,0.83
PT101549,F005,Car,Regular,2025-10-17,12,62,Credit Card,Paid,Covered,50,0.0,85.0,0.71
PT101550,F008,Bike,Member,2025-05-26,6,107,UPI,Paid,Two-Wheeler,25,0.0,47.5,0.62
PT101551,F005,Car,Regular,2025-07-26,13,108,UPI,Paid,Open,50,0.0,95.0,0.33
PT101552,F005,Bike,Regular,2025-02-24,9,246,UPI,Paid,Two-Wheeler,25,0.0,118.75,0.47
PT101553,F007,Bike,Member,2025-10-26,19,112,UPI,Paid,Two-Wheeler,25,0.0,47.5,0.54
PT101554,F004,Car,Member,2025-09-07,10,63,Wallet,Paid,Open,50,0.0,95.0,0.67
PT101555,F004,SUV,Regular,2025-10-02,12,60,Wallet,Paid,Covered,65,0.0,65.0,0.37
PT101556,F005,SUV,Regular,2025-07-24,17,37,UPI,Paid,Open,65,6.5,65.0,0.8
PT101557,F002,Car,Visitor,2025-11-09,17,131,Debit Card,Paid,Covered,50,22.5,150.0,0.86
PT101558,F003,Car,Regular,2025-07-11,19,101,Credit Card,Paid,Covered,50,0.0,90.0,0.61
PT101559,F007,SUV,Member,2025-12-02,14,62,Cash,Paid,Covered,65,6.5,130.0,0.79
PT101560,F003,EV Car,Regular,2025-01-02,21,86,Debit Card,Paid,EV Parking,55,15.68,104.5,0.36
PT101561,F003,Car,Member,2025-07-04,14,55,UPI,Paid,Covered,50,8.0,40.0,0.58
PT101562,F004,Car,Regular,2025-06-11,17,218,Debit Card,Paid,Open,50,10.0,200.0,0.72
PT101563,F004,Car,Regular,2025-02-18,12,78,Debit Card,Paid,Open,50,15.0,100.0,0.61
PT101564,F002,Bike,Visitor,2025-03-31,20,140,Credit Card,Paid,Two-Wheeler,25,11.25,75.0,0.84
PT101565,F003,Car,Regular,2025-09-08,15,139,Wallet,Paid,Open,50,12.75,127.5,0.63
PT101566,F003,Car,Regular,2025-01-22,8,43,Wallet,Paid,Covered,50,0.0,50.0,0.88
PT101567,F005,Bike,Regular,2025-07-31,9,233,Credit Card,Paid,Two-Wheeler,25,0.0,100.0,0.7
PT101568,F004,Bike,Regular,2025-08-22,18,107,Credit Card,Failed,Two-Wheeler,25,0.0,50.0,0.82
PT101569,F003,Car,Regular,2025-06-21,17,282,Wallet,Paid,Covered,50,0.0,250.0,0.71
PT101570,F006,Bike,Regular,2025-04-01,12,186,UPI,Paid,Two-Wheeler,25,0.0,80.0,0.33
PT101571,F002,Bike,Member,2025-06-12,14,131,UPI,Paid,Two-Wheeler,25,0.0,75.0,0.6
PT101572,F008,Car,Visitor,2025-10-12,18,149,UPI,Paid,Covered,50,6.75,135.0,0.63
PT101573,F006,Car,Regular,2025-01-06,9,252,Cash,Paid,Covered,50,10.62,212.5,0.77
PT101574,F006,SUV,Member,2025-09-01,9,116,Debit Card,Paid,Covered,65,13.0,130.0,0.93
PT101575,F008,Car,Visitor,2025-12-07,16,359,UPI,Paid,Open,50,0.0,300.0,0.63
PT101576,F007,SUV,Member,2025-06-08,8,65,Wallet,Paid,Open,65,0.0,110.5,0.99
PT101577,F007,EV Car,Visitor,2025-05-03,12,201,Debit Card,Paid,EV Parking,55,20.9,209.0,0.6
PT101578,F002,Car,Member,2025-12-26,11,137,Cash,Paid,Covered,50,15.0,150.0,0.6
PT101579,F006,Car,Regular,2025-07-07,16,129,UPI,Paid,Covered,50,30.0,150.0,0.55
PT101580,F003,Bike,Regular,2025-01-14,6,226,Credit Card,Failed,Two-Wheeler,25,13.5,90.0,0.93
PT101581,F004,SUV,Regular,2025-03-11,9,145,Debit Card,Paid,Covered,65,27.79,185.25,0.55
PT101582,F002,EV Car,Member,2025-05-19,9,151,Credit Card,Paid,EV Parking,55,0.0,140.25,0.56
PT101583,F005,SUV,Member,2025-12-24,12,131,Debit Card,Paid,Covered,65,0.0,156.0,0.33
PT101584,F008,Car,Member,2025-11-21,11,92,Cash,Paid,Covered,50,0.0,90.0,0.41
PT101585,F006,Bike,Visitor,2025-03-20,11,92,UPI,Pending,Two-Wheeler,25,2.38,47.5,0.26
PT101586,F002,Car,Member,2025-10-21,12,104,Cash,Paid,Covered,50,15.0,100.0,0.66
PT101587,F001,Bike,Regular,2025-11-14,11,170,UPI,Paid,Two-Wheeler,25,0.0,67.5,0.46
PT101588,F001,Car,Regular,2025-03-21,9,112,UPI,Paid,Covered,50,5.0,100.0,0.79
PT101589,F007,Car,Visitor,2025-05-26,14,63,UPI,Paid,Covered,50,0.0,85.0,0.66
PT101590,F008,SUV,Member,2025-08-13,20,45,UPI,Paid,Covered,65,0.0,55.25,0.58
PT101591,F004,Bike,Visitor,2025-08-15,14,79,UPI,Paid,Two-Wheeler,25,0.0,50.0,0.26
PT101592,F003,Car,Member,2025-06-29,16,83,Cash,Paid,Covered,50,0.0,85.0,0.59
PT101593,F004,Car,Regular,2025-01-24,21,95,Debit Card,Paid,Open,50,14.25,95.0,0.59
PT101594,F004,SUV,Regular,2025-04-09,10,152,Credit Card,Paid,Open,65,0.0,195.0,0.83
PT101595,F004,SUV,Member,2025-09-27,13,28,Debit Card,Pending,Open,65,6.5,65.0,0.56
PT101596,F008,Car,Member,2025-04-04,14,46,UPI,Paid,Covered,50,2.25,45.0,0.31
PT101597,F004,Car,Regular,2025-10-07,12,35,UPI,Paid,Open,50,0.0,42.5,0.62
PT101598,F005,Car,Regular,2025-09-26,15,28,Debit Card,Paid,Covered,50,0.0,47.5,0.77
PT101599,F008,EV Car,Visitor,2025-05-27,15,62,Debit Card,Paid,EV Parking,55,11.0,110.0,0.65
PT101600,F005,Bike,Regular,2025-10-12,17,239,Debit Card,Paid,Two-Wheeler,25,0.0,100.0,0.49
PT101601,F008,Bike,Visitor,2025-01-22,17,150,UPI,Paid,Two-Wheeler,25,10.12,67.5,0.92
PT101602,F007,Bike,Regular,2025-01-02,10,227,Debit Card,Paid,Two-Wheeler,25,0.0,100.0,0.74
PT101603,F002,Car,Visitor,2025-04-13,10,101,Debit Card,Paid,Covered,50,5.0,100.0,0.75
PT101604,F001,SUV,Regular,2025-02-05,11,54,Wallet,Paid,Covered,65,6.5,65.0,0.5
PT101605,F004,Bike,Regular,2025-10-21,11,106,UPI,Paid,Two-Wheeler,25,0.0,50.0,0.45
PT101606,F007,Car,Member,2025-10-01,14,145,Credit Card,Pending,Open,50,0.0,142.5,0.52
PT101607,F002,Car,Regular,2025-02-20,12,230,Credit Card,Paid,Covered,50,40.0,200.0,0.28
PT101608,F001,Bike,Member,2025-05-23,20,89,Wallet,Paid,Two-Wheeler,25,0.0,42.5,0.48
PT101609,F006,EV Car,Member,2025-01-17,9,142,UPI,Paid,EV Parking,55,0.0,156.75,0.94
PT101610,F003,Car,Regular,2025-03-18,11,90,Credit Card,Paid,Covered,50,0.0,90.0,0.73
PT101611,F005,SUV,Regular,2025-10-05,18,223,UPI,Paid,Covered,65,0.0,247.0,0.68
PT101612,F006,SUV,Member,2025-05-03,14,50,Credit Card,Paid,Covered,65,6.5,65.0,0.83
PT101613,F008,Car,Regular,2025-12-12,14,178,UPI,Paid,Covered,50,12.75,127.5,0.31
PT101614,F001,Car,Regular,2025-06-23,14,142,UPI,Paid,Covered,50,0.0,127.5,0.41
PT101615,F006,Car,Member,2025-05-12,11,151,Credit Card,Pending,Open,50,15.0,150.0,0.42
PT101616,F003,SUV,Regular,2025-09-20,16,121,UPI,Paid,Open,65,0.0,175.5,0.18
PT101617,F007,Car,Regular,2025-09-28,14,160,UPI,Paid,Covered,50,0.0,120.0,0.54
PT101618,F001,Car,Member,2025-07-27,7,103,UPI,Paid,Covered,50,5.0,100.0,0.56
PT101619,F006,Bike,Regular,2025-10-23,10,52,UPI,Paid,Two-Wheeler,25,4.75,23.75,0.99
PT101620,F005,SUV,Regular,2025-08-14,17,160,Wallet,Paid,Covered,65,0.0,185.25,0.87
PT101621,F005,Car,Regular,2025-07-08,12,106,Credit Card,Paid,Open,50,0.0,100.0,0.66
PT101622,F002,Car,Member,2025-12-24,16,29,Cash,Paid,Covered,50,0.0,42.5,0.43
PT101623,F006,Bike,Regular,2025-05-24,15,71,Credit Card,Paid,Two-Wheeler,25,5.0,50.0,0.49
PT101624,F004,Bike,Member,2025-12-20,12,144,Wallet,Paid,Two-Wheeler,25,0.0,75.0,0.65
PT101625,F006,SUV,Regular,2025-09-08,9,20,Credit Card,Paid,Covered,65,0.0,65.0,0.7
PT101626,F007,Car,Member,2025-09-02,17,295,Credit Card,Paid,Open,50,25.0,250.0,0.98
PT101627,F001,SUV,Visitor,2025-01-18,15,20,Credit Card,Paid,Covered,65,0.0,61.75,0.5
PT101628,F001,Bike,Regular,2025-07-22,12,139,Debit Card,Paid,Two-Wheeler,25,0.0,67.5,0.36
PT101629,F007,Bike,Member,2025-07-23,14,58,Credit Card,Paid,Two-Wheeler,25,0.0,21.25,0.69
PT101630,F006,Bike,Member,2025-01-02,15,145,UPI,Paid,Two-Wheeler,25,0.0,75.0,0.81
PT101631,F007,Car,Member,2025-02-23,6,189,UPI,Paid,Covered,50,0.0,200.0,0.41
PT101632,F003,Car,Member,2025-06-15,15,207,Credit Card,Paid,Covered,50,30.0,200.0,0.46
PT101633,F008,Bike,Regular,2025-12-19,15,59,Credit Card,Paid,Two-Wheeler,25,1.25,25.0,0.4
PT101634,F007,Bike,Regular,2025-11-25,8,39,UPI,Paid,Two-Wheeler,25,1.25,25.0,0.83
PT101635,F005,Bike,Visitor,2025-05-23,16,158,UPI,Paid,Two-Wheeler,25,12.75,63.75,0.72
PT101636,F007,Car,Visitor,2025-04-02,17,177,Credit Card,Pending,Covered,50,0.0,150.0,0.74
PT101637,F001,EV Car,Regular,2025-01-08,12,147,Cash,Paid,EV Parking,55,0.0,156.75,0.39
PT101638,F005,Bike,Member,2025-09-09,10,158,UPI,Paid,Two-Wheeler,25,10.12,67.5,0.68
PT101639,F001,Car,Regular,2025-04-10,15,44,UPI,Paid,Covered,50,0.0,50.0,0.34
PT101640,F002,Bike,Regular,2025-02-08,9,69,Cash,Paid,Two-Wheeler,25,4.5,45.0,0.62
PT101641,F004,SUV,Regular,2025-05-16,18,108,Debit Card,Paid,Covered,65,10.4,104.0,0.57
PT101642,F001,SUV,Regular,2025-12-28,13,222,UPI,Paid,Open,65,0.0,260.0,0.4
PT101643,F005,Bike,Visitor,2025-02-19,19,154,Cash,Paid,Two-Wheeler,25,0.0,71.25,0.72
PT101644,F002,SUV,Visitor,2025-03-24,15,212,Credit Card,Paid,Covered,65,0.0,260.0,0.46
PT101645,F001,Car,Member,2025-09-11,12,156,Credit Card,Paid,Covered,50,0.0,150.0,0.65
PT101646,F003,Car,Member,2025-07-15,13,346,Wallet,Paid,Covered,50,0.0,300.0,0.46
PT101647,F007,SUV,Regular,2025-01-27,14,123,Wallet,Paid,Covered,65,0.0,195.0,0.58
PT101648,F004,SUV,Regular,2025-03-18,17,109,UPI,Paid,Covered,65,13.0,130.0,0.65
PT101649,F001,Bike,Member,2025-10-21,18,162,UPI,Paid,Two-Wheeler,25,10.12,67.5,0.88
PT101650,F002,SUV,Regular,2025-09-12,15,116,UPI,Paid,Covered,65,13.0,130.0,0.71
PT101651,F003,Car,Regular,2025-01-21,12,81,UPI,Paid,Covered,50,0.0,100.0,0.35
PT101652,F006,SUV,Regular,2025-08-06,14,48,UPI,Paid,Open,65,0.0,65.0,0.27
PT101653,F002,Car,Member,2025-02-14,9,98,UPI,Paid,Open,50,0.0,100.0,0.83
PT101654,F007,Car,Visitor,2025-07-01,11,150,Wallet,Paid,Covered,50,0.0,150.0,0.51
PT101655,F002,Car,Regular,2025-10-13,12,170,Cash,Paid,Covered,50,22.5,150.0,0.68
PT101656,F003,Car,Member,2025-12-17,8,209,Credit Card,Paid,Covered,50,0.0,190.0,0.85
PT101657,F002,Car,Regular,2025-05-24,18,94,Credit Card,Paid,Covered,50,0.0,100.0,0.83
PT101658,F003,Car,Regular,2025-02-21,9,232,UPI,Paid,Covered,50,18.0,180.0,0.48
PT101659,F001,Car,Visitor,2025-09-08,15,94,UPI,Failed,Covered,50,0.0,90.0,0.43
PT101660,F008,Car,Member,2025-04-16,14,98,UPI,Paid,Covered,50,0.0,100.0,0.4
PT101661,F003,Bike,Visitor,2025-10-24,17,170,Debit Card,Paid,Two-Wheeler,25,0.0,63.75,0.8
PT101662,F003,Bike,Member,2025-07-18,16,141,UPI,Paid,Two-Wheeler,25,3.19,63.75,0.69
PT101663,F004,Car,Regular,2025-12-03,16,56,Cash,Paid,Open,50,5.0,50.0,0.64
PT101664,F003,SUV,Regular,2025-10-07,13,112,Debit Card,Paid,Covered,65,0.0,104.0,0.47
PT101665,F003,SUV,Regular,2025-05-28,17,57,UPI,Paid,Open,65,7.8,52.0,0.69
PT101666,F006,SUV,Regular,2025-04-13,9,49,UPI,Pending,Covered,65,9.75,65.0,0.67
PT101667,F008,Car,Visitor,2025-01-02,13,187,Debit Card,Paid,Covered,50,20.0,200.0,0.68
PT101668,F001,SUV,Regular,2025-09-13,22,79,Wallet,Paid,Open,65,0.0,130.0,0.74
PT101669,F007,Car,Regular,2025-03-01,20,43,Debit Card,Pending,Open,50,0.0,50.0,0.99
PT101670,F004,Car,Member,2025-11-03,8,86,UPI,Paid,Open,50,13.5,90.0,0.91
PT101671,F006,Car,Member,2025-04-01,14,202,Credit Card,Paid,Covered,50,0.0,200.0,0.4
PT101672,F005,SUV,Member,2025-04-11,12,71,UPI,Paid,Covered,65,6.5,130.0,0.36
PT101673,F008,Car,Visitor,2025-04-24,16,105,Wallet,Paid,Covered,50,10.0,100.0,0.52
PT101674,F001,Car,Regular,2025-09-19,16,58,Debit Card,Paid,Covered,50,0.0,50.0,0.67
PT101675,F001,Car,Visitor,2025-02-23,6,78,Credit Card,Pending,Open,50,10.0,100.0,0.2
PT101676,F005,SUV,Member,2025-07-07,17,37,Credit Card,Failed,Covered,65,9.75,65.0,0.98
PT101677,F007,Bike,Regular,2025-01-27,11,28,Credit Card,Paid,Two-Wheeler,25,2.12,21.25,0.65
PT101678,F003,Car,Member,2025-08-28,20,235,UPI,Paid,Open,50,0.0,180.0,0.73
PT101679,F006,Bike,Regular,2025-03-21,19,187,UPI,Paid,Two-Wheeler,25,12.0,80.0,0.39
PT101680,F002,Bike,Regular,2025-07-09,10,103,UPI,Paid,Two-Wheeler,25,0.0,42.5,0.91
PT101681,F004,Bike,Member,2025-11-15,15,131,Wallet,Paid,Two-Wheeler,25,6.38,63.75,0.71
PT101682,F002,Car,Regular,2025-12-21,12,92,Debit Card,Paid,Covered,50,10.0,100.0,0.3
PT101683,F005,SUV,Member,2025-04-01,9,83,UPI,Paid,Covered,65,12.35,123.5,0.99
PT101684,F001,Car,Regular,2025-02-04,18,206,Cash,Paid,Covered,50,0.0,190.0,0.73
PT101685,F007,Bike,Regular,2025-02-27,10,240,UPI,Paid,Two-Wheeler,25,0.0,85.0,0.69
PT101686,F001,Car,Regular,2025-07-08,13,63,UPI,Paid,Covered,50,0.0,90.0,0.73
PT101687,F004,Car,Visitor,2025-09-10,19,84,UPI,Paid,Covered,50,0.0,90.0,0.49
PT101688,F001,Car,Regular,2025-02-05,8,392,Credit Card,Paid,Open,50,0.0,350.0,0.75
PT101689,F001,Bike,Regular,2025-12-24,14,155,Credit Card,Pending,Two-Wheeler,25,3.75,75.0,0.53
PT101690,F004,Car,,2025-04-02,14,200,Credit Card,Paid,Covered,50,0.0,200.0,0.43
PT101691,F006,SUV,Regular,2025-02-25,16,155,Debit Card,Paid,Covered,65,19.5,195.0,0.52
PT101692,F006,Car,Member,2025-03-08,17,66,UPI,Paid,Covered,50,13.5,90.0,0.82
PT101693,F004,Bike,Regular,2025-11-09,13,124,Debit Card,Paid,Two-Wheeler,25,0.0,75.0,0.4
PT101694,F007,SUV,Member,2025-06-18,16,201,UPI,Paid,Covered,65,26.0,260.0,0.42
PT101695,F005,Bike,Member,2025-10-14,19,202,Debit Card,Paid,Two-Wheeler,25,4.75,95.0,0.71
PT101696,F008,SUV,Member,2025-05-11,18,94,Debit Card,Paid,Open,65,0.0,130.0,0.73
PT101697,F001,Bike,Member,2025-06-15,14,295,Debit Card,Paid,Two-Wheeler,25,0.0,106.25,0.53
PT101698,F007,Car,Member,2025-02-21,14,171,Credit Card,Paid,Open,50,14.25,142.5,0.4
PT101699,F001,SUV,Member,2025-06-01,15,66,Debit Card,Paid,Open,65,26.0,130.0,0.56
PT101700,F008,Car,Regular,2025-04-15,17,54,UPI,Paid,Covered,50,5.0,50.0,0.96
PT101701,F005,Bike,Member,2025-04-02,14,65,Cash,Paid,Two-Wheeler,25,7.5,50.0,0.33
PT101702,F006,SUV,Member,2025-07-20,9,107,UPI,Paid,Covered,65,26.0,130.0,0.93
PT101703,F007,Car,Regular,2025-10-20,13,147,UPI,Paid,Covered,50,0.0,150.0,0.4
PT101704,F003,Car,Member,2025-08-07,16,70,Credit Card,Pending,Open,50,4.25,85.0,0.27
PT101705,F003,Bike,Member,2025-03-08,15,64,Debit Card,Paid,Two-Wheeler,25,0.0,50.0,0.54
PT101706,F008,SUV,Regular,2025-06-18,16,75,UPI,Paid,Covered,65,26.0,130.0,0.45
PT101707,F003,EV Car,Member,2025-11-01,14,62,Wallet,Paid,EV Parking,55,0.0,104.5,0.53
PT101708,F006,Bike,Member,2025-01-28,10,291,Wallet,Paid,Two-Wheeler,25,0.0,112.5,0.5
PT101709,F008,Bike,Regular,2025-10-15,9,114,Credit Card,Pending,Two-Wheeler,25,7.5,50.0,0.68
PT101710,F006,EV Car,Regular,2025-12-21,13,34,Credit Card,Failed,EV Parking,55,0.0,46.75,0.79
PT101711,F005,Car,Regular,2025-11-23,11,53,Debit Card,Paid,Covered,50,5.0,50.0,0.32
PT101712,F001,Car,Visitor,2025-02-01,21,115,UPI,Paid,Covered,50,0.0,100.0,0.75
PT101713,F005,SUV,Regular,2025-06-15,10,171,Credit Card,Paid,Open,65,35.1,175.5,0.46
PT101714,F005,SUV,Regular,2025-05-16,14,139,Wallet,Paid,Covered,65,26.32,175.5,0.47
PT101715,F006,SUV,Member,2025-03-09,6,120,Wallet,Paid,Covered,65,0.0,123.5,0.42
PT101716,F008,Car,Regular,2025-06-03,11,158,Wallet,Paid,Open,50,15.0,150.0,0.43
PT101717,F008,Car,Member,2025-11-22,11,351,UPI,Paid,Open,50,0.0,300.0,0.5
PT101718,F003,Bike,Regular,2025-10-31,16,211,UPI,Paid,Two-Wheeler,25,4.5,90.0,0.69
PT101719,F002,Car,Regular,2025-04-06,14,135,UPI,Paid,Covered,50,7.12,142.5,0.3
PT101720,F001,Car,Regular,2025-07-16,6,120,Credit Card,Paid,Covered,50,8.0,80.0,0.91
PT101721,F006,SUV,Visitor,2025-04-18,12,65,UPI,Paid,Covered,65,0.0,130.0,0.36
PT101722,F003,Car,Visitor,2025-02-15,15,37,UPI,Paid,Open,50,0.0,50.0,0.54
PT101723,F007,SUV,Member,2025-07-05,15,190,Debit Card,Paid,Open,65,23.4,234.0,0.36
PT101724,F002,Bike,Member,2025-11-19,8,188,Debit Card,Paid,Two-Wheeler,25,4.0,80.0,0.88
PT101725,F002,Bike,Regular,2025-10-12,19,73,Debit Card,Paid,Two-Wheeler,25,0.0,42.5,0.57
PT101726,F006,Car,Regular,2025-03-24,11,70,Cash,Paid,Covered,50,0.0,100.0,0.57
PT101727,F004,Car,Regular,2025-05-18,18,304,UPI,Paid,Covered,50,0.0,240.0,0.81
PT101728,F001,Car,Regular,2025-11-23,11,64,UPI,Paid,Open,50,15.0,100.0,0.52
PT101729,F002,EV Car,Regular,2025-08-25,14,171,Debit Card,Paid,EV Parking,55,0.0,165.0,0.44
PT101730,F006,SUV,Visitor,2025-11-17,13,215,Credit Card,Paid,Covered,65,0.0,221.0,0.31
PT101731,F006,Bike,Regular,2025-05-25,14,109,Credit Card,Pending,Two-Wheeler,25,7.5,50.0,0.45
PT101732,F003,Car,Regular,2025-10-05,14,137,UPI,Paid,Covered,50,0.0,150.0,0.63
PT101733,F007,EV Car,Regular,2025-04-10,6,95,UPI,Paid,EV Parking,55,8.8,88.0,0.44
PT101734,F004,Car,Regular,2025-01-14,12,36,Debit Card,Paid,Covered,50,0.0,50.0,0.59
PT101735,F001,Car,Regular,2025-09-19,6,170,Cash,Paid,Covered,50,19.12,127.5,0.56
PT101736,F008,Bike,Regular,2025-02-16,15,20,Wallet,Paid,Two-Wheeler,25,2.5,25.0,0.57
PT101737,F005,EV Car,Visitor,2025-08-13,18,172,Credit Card,Paid,EV Parking,55,24.75,165.0,0.67
PT101738,F007,Car,Regular,2025-05-24,13,172,Credit Card,Paid,Covered,50,0.0,150.0,0.63
PT101739,F007,Car,Regular,2025-07-15,14,140,Cash,Paid,Open,50,0.0,142.5,0.57
PT101740,F003,EV Car,Regular,2025-10-17,8,139,Credit Card,Paid,EV Parking,55,14.02,140.25,0.99
PT101741,F008,Car,Regular,2025-09-14,13,73,Credit Card,Paid,Covered,50,0.0,80.0,0.66
PT101742,F002,Car,Member,2025-01-08,9,65,Wallet,Paid,Covered,50,0.0,100.0,0.99
PT101743,F002,Bike,Regular,2025-10-05,8,145,Debit Card,Paid,Two-Wheeler,25,0.0,75.0,0.82
PT101744,F003,SUV,Regular,2025-11-20,10,30,Wallet,Paid,Covered,65,13.0,65.0,0.99
PT101745,F006,Bike,Regular,2025-10-17,18,117,UPI,Paid,Two-Wheeler,25,5.0,50.0,0.56
PT101746,F002,EV Car,Regular,2025-10-20,21,84,Credit Card,Paid,EV Parking,55,4.95,99.0,0.62
PT101747,F004,Bike,Regular,2025-01-23,18,81,Cash,Failed,Two-Wheeler,25,4.75,47.5,0.78
PT101748,F001,Car,Visitor,2025-03-25,20,101,UPI,Paid,Covered,50,0.0,90.0,0.63
PT101749,F007,EV Car,Member,2025-09-12,16,183,Debit Card,Paid,EV Parking,55,0.0,176.0,0.49
PT101750,F007,Car,Member,2025-01-24,10,67,UPI,Paid,Open,50,0.0,90.0,0.78
PT101751,F004,Car,Regular,2025-11-21,14,61,Cash,Paid,Covered,50,4.5,90.0,0.72
PT101752,F008,Bike,Regular,2025-12-02,16,96,Credit Card,Paid,Two-Wheeler,25,0.0,50.0,0.65
PT101753,F002,Car,Member,2025-11-12,14,88,UPI,Paid,Open,50,15.0,100.0,0.33
PT101754,F007,Car,Member,2025-02-07,14,179,Credit Card,Paid,Covered,50,13.5,135.0,0.88
PT101755,F005,Car,Regular,2025-08-09,14,107,Debit Card,Paid,Open,50,0.0,95.0,0.69
PT101756,F008,Bike,Regular,2025-08-02,13,107,Debit Card,Paid,Two-Wheeler,25,2.5,50.0,0.51
PT101757,F001,SUV,Regular,2025-11-29,12,21,Credit Card,Paid,Covered,65,0.0,65.0,0.62
PT101758,F001,Bike,Regular,2025-03-26,15,98,Cash,Paid,Two-Wheeler,25,9.5,47.5,0.54
PT101759,F007,EV Car,Regular,2025-01-04,8,244,Credit Card,Paid,EV Parking,55,41.25,275.0,0.82
PT101760,F003,Car,Regular,2025-07-14,10,117,Credit Card,Paid,Covered,50,14.25,95.0,0.83
PT101761,F008,Car,Regular,2025-04-24,19,129,UPI,Paid,Open,50,0.0,150.0,0.73
PT101762,F007,Car,Regular,2025-08-03,13,106,Wallet,Paid,Covered,50,0.0,100.0,0.42
PT101763,F003,Car,Visitor,2025-12-02,17,187,UPI,Paid,Covered,50,0.0,170.0,0.8
PT101764,F007,Car,Visitor,2025-12-31,16,324,Credit Card,Paid,Covered,50,0.0,285.0,0.72
PT101765,F005,SUV,Member,2025-05-21,12,20,Cash,Paid,Covered,65,0.0,55.25,0.44
PT101766,F008,EV Car,Member,2025-06-16,17,26,UPI,Paid,EV Parking,55,0.0,46.75,0.86
PT101767,F006,EV Car,Member,2025-10-14,9,69,Credit Card,Paid,EV Parking,55,22.0,110.0,0.71
PT101768,F001,Car,Regular,2025-12-01,18,159,UPI,Paid,Covered,50,0.0,142.5,0.56
PT101769,F007,SUV,Regular,2025-01-05,15,97,Debit Card,Paid,Covered,65,0.0,110.5,0.85
PT101770,F005,Car,,2025-05-07,19,158,Credit Card,Paid,Covered,50,14.25,142.5,0.7
PT101771,F003,Car,Member,2025-03-27,18,108,Cash,Paid,Covered,50,5.0,100.0,0.78
PT101772,F003,SUV,Regular,2025-03-27,13,117,Cash,Paid,Open,65,13.0,130.0,0.41
PT101773,F001,Bike,Visitor,2025-01-24,18,97,Debit Card,Failed,Two-Wheeler,25,2.5,50.0,0.7
PT101774,F004,Car,Regular,2025-02-14,14,85,Debit Card,Paid,Open,50,15.0,100.0,0.79
PT101775,F007,Bike,Member,2025-04-21,10,226,Credit Card,Paid,Two-Wheeler,25,5.0,100.0,0.55
PT101776,F008,Car,Regular,2025-10-17,17,56,UPI,Paid,Covered,50,0.0,50.0,0.97
PT101777,F002,SUV,Regular,2025-07-04,19,171,Debit Card,Paid,Covered,65,17.55,175.5,0.74
PT101778,F003,Bike,Visitor,2025-08-23,8,248,Wallet,Pending,Two-Wheeler,25,0.0,112.5,0.84
PT101779,F008,EV Car,Regular,2025-06-06,19,146,UPI,Paid,EV Parking,55,0.0,165.0,0.61
PT101780,F008,Car,Regular,2025-06-10,14,293,UPI,Paid,Covered,50,0.0,250.0,0.56
PT101781,F006,Car,Regular,2025-07-19,7,38,UPI,Pending,Covered,50,0.0,47.5,0.68
PT101782,F008,Bike,Regular,2025-05-02,14,49,Credit Card,Paid,Two-Wheeler,25,2.5,25.0,0.77
PT101783,F008,Bike,Regular,2025-08-12,17,211,UPI,Paid,Two-Wheeler,25,0.0,100.0,0.73
PT101784,F006,Car,Member,2025-12-31,14,103,Credit Card,Paid,Covered,50,0.0,90.0,0.36
PT101785,F003,SUV,Regular,2025-01-23,15,183,Credit Card,Paid,Covered,65,0.0,260.0,0.43
PT101786,F008,SUV,Member,2025-07-16,18,88,Credit Card,Paid,Open,65,12.35,123.5,0.72
PT101787,F004,EV Car,Member,2025-10-12,18,165,UPI,Paid,EV Parking,55,0.0,165.0,0.99
PT101788,F004,SUV,Regular,2025-01-06,10,106,Credit Card,Paid,Open,65,6.5,130.0,0.83
PT101789,F005,SUV,Member,2025-11-04,13,39,Cash,Paid,Open,65,9.26,61.75,0.56
PT101790,F006,Bike,Member,2025-12-11,9,179,Wallet,Paid,Two-Wheeler,25,0.0,75.0,0.88
PT101791,F005,SUV,Regular,2025-03-30,14,63,Credit Card,Failed,Open,65,13.0,130.0,0.47
PT101792,F006,Car,Regular,2025-09-30,20,31,UPI,Paid,Covered,50,0.0,47.5,0.57
PT101793,F007,Car,Member,2025-10-11,10,45,Wallet,Paid,Covered,50,0.0,47.5,0.8
PT101794,F007,Car,Regular,2025-09-22,13,166,Debit Card,Paid,Covered,50,7.5,150.0,0.61
PT101795,F008,Bike,Member,2025-04-25,20,76,UPI,Paid,Two-Wheeler,25,7.5,50.0,0.6
PT101796,F002,Car,Member,2025-05-04,16,105,UPI,Paid,Open,50,0.0,100.0,0.52
PT101797,F007,EV Car,Regular,2025-09-17,8,181,UPI,Paid,EV Parking,55,11.0,220.0,0.9
PT101798,F002,Car,Member,2025-06-18,13,293,UPI,Paid,Covered,50,0.0,200.0,0.2
PT101799,F007,Car,Visitor,2025-02-05,21,96,UPI,Pending,Covered,50,5.0,100.0,0.75
PT101800,F001,Bike,Member,2025-08-17,13,246,Wallet,Paid,Two-Wheeler,25,6.25,125.0,0.48
PT101801,F007,Car,Regular,2025-05-14,15,58,Credit Card,Paid,Covered,50,2.5,50.0,0.33
PT101802,F005,Car,Regular,2025-09-01,15,117,Debit Card,Paid,Covered,50,4.75,95.0,0.66
PT101803,F003,Car,Visitor,2025-03-06,15,270,Cash,Paid,Covered,50,0.0,200.0,0.64
PT101804,F008,Bike,Regular,2025-08-25,14,42,Debit Card,Paid,Two-Wheeler,25,1.25,25.0,0.55
PT101805,F005,Bike,Visitor,2025-01-03,9,170,Cash,Paid,Two-Wheeler,25,3.75,75.0,0.85
PT101806,F003,SUV,Visitor,2025-02-06,15,65,Wallet,Paid,Open,65,5.2,104.0,0.25
PT101807,F004,SUV,Member,2025-04-19,19,140,Credit Card,Paid,Covered,65,0.0,195.0,0.93
PT101808,F005,Bike,Regular,2025-09-07,20,111,Wallet,Paid,Two-Wheeler,25,0.0,50.0,0.69
PT101809,F004,Car,Member,2025-01-03,14,197,Debit Card,Paid,Covered,50,0.0,200.0,0.43
PT101810,F002,Car,Regular,2025-08-23,14,200,UPI,Paid,Open,50,0.0,180.0,0.72
PT101811,F002,SUV,Regular,2025-09-08,12,76,Debit Card,Paid,Covered,65,0.0,130.0,0.36
PT101812,F001,Car,Member,2025-05-23,9,155,Debit Card,Paid,Covered,50,0.0,150.0,0.98
PT101813,F007,Car,Regular,2025-09-05,18,84,Wallet,Paid,Covered,50,8.5,85.0,0.85
PT101814,F005,SUV,Member,2025-02-25,9,20,UPI,Paid,Open,65,0.0,55.25,0.95
PT101815,F004,Bike,Regular,2025-03-02,12,159,Credit Card,Paid,Two-Wheeler,25,6.38,63.75,0.37
PT101816,F003,Car,Member,2025-03-09,16,54,UPI,Paid,Covered,50,0.0,50.0,0.66
PT101817,F002,Car,Regular,2025-03-20,15,103,UPI,Paid,Covered,50,10.0,100.0,0.58
PT101818,F007,EV Car,Member,2025-11-23,15,246,UPI,Paid,EV Parking,55,0.0,247.5,0.51
PT101819,F002,SUV,Member,2025-07-15,16,156,Credit Card,Paid,Covered,65,0.0,175.5,0.39
PT101820,F003,SUV,Regular,2025-07-14,14,79,Cash,Paid,Covered,65,6.18,123.5,0.51
PT101821,F007,Bike,Member,2025-01-23,10,61,UPI,Paid,Two-Wheeler,25,6.75,45.0,0.51
PT101822,F007,Bike,Regular,2025-01-14,22,131,Credit Card,Paid,Two-Wheeler,25,0.0,75.0,0.36
PT101823,F004,EV Car,Visitor,2025-10-16,18,348,UPI,Paid,EV Parking,55,0.0,330.0,0.77
PT101824,F004,EV Car,Member,2025-01-09,13,84,UPI,Paid,EV Parking,55,5.5,110.0,0.44
PT101825,F005,Car,Regular,2025-05-20,14,263,Credit Card,Paid,Covered,50,22.5,225.0,0.64
PT101826,F005,SUV,Member,2025-08-30,13,224,UPI,Pending,Covered,65,0.0,221.0,0.53
PT101827,F006,Car,Member,2025-09-10,15,67,Credit Card,Paid,Covered,50,0.0,100.0,0.6
PT101828,F008,Car,Member,2025-08-15,16,163,UPI,Paid,Covered,50,0.0,135.0,0.72
PT101829,F006,Bike,Visitor,2025-04-05,11,158,UPI,Paid,Two-Wheeler,25,10.69,71.25,0.74
PT101830,F001,Car,Member,2025-06-28,13,125,Credit Card,Paid,Covered,50,0.0,127.5,0.65
PT101831,F002,EV Car,Visitor,2025-01-03,15,42,Credit Card,Paid,EV Parking,55,0.0,46.75,0.46
PT101832,F005,Car,Visitor,2025-07-03,21,69,UPI,Paid,Covered,50,18.0,90.0,0.75
PT101833,F004,Bike,Regular,2025-02-15,12,78,Credit Card,Paid,Two-Wheeler,25,0.0,50.0,0.15
PT101834,F003,EV Car,Regular,2025-10-19,16,50,Cash,Paid,EV Parking,55,0.0,55.0,0.47
PT101835,F004,EV Car,Regular,2025-05-21,12,135,Debit Card,Paid,EV Parking,55,0.0,165.0,0.73
PT101836,F002,Car,Regular,2025-01-13,9,84,UPI,Failed,Covered,50,0.0,100.0,0.61
PT101837,F006,Car,Member,2025-07-05,16,330,Credit Card,Paid,Open,50,0.0,300.0,0.73
PT101838,F004,Bike,Regular,2025-03-26,15,46,Debit Card,Paid,Two-Wheeler,25,0.0,22.5,0.51
PT101839,F008,Car,Regular,2025-02-12,14,123,UPI,Paid,Open,50,15.0,150.0,0.41
PT101840,F001,EV Car,Regular,2025-06-05,15,20,Cash,Paid,EV Parking,55,4.4,44.0,0.63
PT101841,F002,EV Car,Member,2025-07-03,18,159,Wallet,Paid,EV Parking,55,0.0,165.0,0.97
PT101842,F006,Car,Member,2025-02-16,16,45,Cash,Paid,Covered,50,2.5,50.0,0.65
PT101843,F008,Car,Visitor,2025-07-25,18,63,Cash,Paid,Open,50,0.0,90.0,0.79
PT101844,F003,Car,Member,2025-07-29,12,90,Debit Card,Paid,Open,50,15.0,100.0,0.18
PT101845,F006,EV Car,Regular,2025-10-02,17,130,Debit Card,Paid,EV Parking,55,0.0,165.0,0.74
PT101846,F007,Car,Member,2025-03-24,12,106,Debit Card,Paid,Open,50,5.0,100.0,0.75
PT101847,F008,Car,Regular,2025-04-07,7,57,Cash,Paid,Covered,50,0.0,50.0,0.41
PT101848,F008,Bike,Visitor,2025-06-28,7,34,Debit Card,Paid,Two-Wheeler,25,1.06,21.25,0.69
PT101849,F001,Bike,Member,2025-12-21,16,234,UPI,Pending,Two-Wheeler,25,0.0,95.0,0.31
PT101850,F002,Car,Member,2025-05-28,11,61,UPI,Paid,Covered,50,9.0,90.0,0.71
PT101851,F003,Car,Regular,2025-10-12,12,73,Cash,Paid,Open,50,0.0,100.0,0.24
PT101852,F001,EV Car,Member,2025-03-13,15,97,UPI,Paid,EV Parking,55,16.5,110.0,0.42
PT101853,F006,EV Car,Regular,2025-08-05,16,239,Debit Card,Paid,EV Parking,55,0.0,220.0,0.43
PT101854,F001,SUV,Regular,2025-07-28,14,63,Wallet,Paid,Covered,65,13.0,130.0,0.26
PT101855,F008,Car,Member,2025-11-17,15,61,Debit Card,Paid,Covered,50,10.0,100.0,0.56
PT101856,F002,Car,Regular,2025-10-21,20,114,Wallet,Paid,Covered,50,19.0,95.0,0.74
PT101857,F005,Bike,Regular,2025-05-04,18,44,Debit Card,Paid,Two-Wheeler,25,0.0,22.5,0.71
PT101858,F001,Car,Regular,2025-12-16,11,129,UPI,Paid,Open,50,0.0,150.0,0.28
PT101859,F007,EV Car,Member,2025-06-05,19,156,Cash,Paid,EV Parking,55,0.0,165.0,0.64
PT101860,F001,Bike,Regular,2025-02-02,12,182,UPI,Paid,Two-Wheeler,25,0.0,95.0,0.28
PT101861,F006,Car,Regular,2025-09-26,15,113,Credit Card,Paid,Open,50,4.75,95.0,0.7
PT101862,F006,EV Car,Regular,2025-08-04,18,296,UPI,Paid,EV Parking,55,52.25,261.25,0.56
PT101863,F003,EV Car,Member,2025-04-11,15,102,UPI,Paid,EV Parking,55,22.0,110.0,0.58
PT101864,F006,Car,Member,2025-06-29,17,55,Credit Card,Paid,Covered,50,0.0,40.0,0.9
PT101865,F004,Bike,Regular,2025-05-07,19,164,UPI,Paid,Two-Wheeler,25,3.75,75.0,0.5
PT101866,F002,Car,Regular,2025-11-29,20,93,Debit Card,Paid,Open,50,15.0,100.0,0.74
PT101867,F002,Car,Regular,2025-06-18,13,303,Cash,Paid,Covered,50,45.0,300.0,0.38
PT101868,F005,Car,Member,2025-11-01,22,101,UPI,Paid,Open,50,0.0,100.0,0.45
PT101869,F005,Bike,Regular,2025-05-15,11,20,UPI,Paid,Two-Wheeler,25,0.0,25.0,0.35
PT101870,F002,EV Car,Regular,2025-10-19,13,131,Debit Card,Paid,EV Parking,55,14.85,148.5,0.77
PT101871,F007,Bike,Regular,2025-04-03,16,82,Debit Card,Paid,Two-Wheeler,25,0.0,45.0,0.2
PT101872,F005,Car,Member,2025-08-09,21,227,Wallet,Paid,Covered,50,0.0,200.0,0.48
PT101873,F003,Bike,Regular,2025-06-04,8,35,UPI,Paid,Two-Wheeler,25,4.75,23.75,0.86
PT101874,F006,Car,Regular,2025-10-07,20,65,Cash,Pending,Open,50,20.0,100.0,0.99
PT101875,F002,SUV,Member,2025-07-18,22,56,Credit Card,Paid,Open,65,9.75,65.0,0.42
PT101876,F008,Bike,Regular,2025-12-03,19,60,Debit Card,Paid,Two-Wheeler,25,2.25,22.5,0.93
PT101877,F005,Car,Regular,2025-08-29,9,33,UPI,Paid,Open,50,0.0,50.0,0.83
PT101878,F002,Car,Regular,2025-04-08,17,104,Credit Card,Paid,Covered,50,0.0,85.0,0.99
PT101879,F004,SUV,Regular,2025-09-07,15,306,UPI,Paid,Open,65,0.0,390.0,0.5
PT101880,F001,Car,Regular,2025-04-15,6,256,UPI,Paid,Covered,50,11.25,225.0,0.63
PT101881,F006,SUV,Member,2025-09-18,21,253,Credit Card,Pending,Covered,65,0.0,308.75,0.63
PT101882,F002,Car,Member,2025-05-09,10,70,Cash,Paid,Covered,50,5.0,100.0,0.83
PT101883,F001,Car,Regular,2025-11-23,13,82,Debit Card,Paid,Open,50,0.0,95.0,0.36
PT101884,F005,Bike,Member,2025-09-16,7,112,Credit Card,Paid,Two-Wheeler,25,4.25,42.5,0.36
PT101885,F001,EV Car,Regular,2025-10-19,12,288,Credit Card,Paid,EV Parking,55,0.0,275.0,0.43
PT101886,F006,EV Car,Regular,2025-05-20,14,152,Credit Card,Paid,EV Parking,55,0.0,165.0,0.58
PT101887,F002,Car,Member,2025-01-15,19,129,Wallet,Paid,Open,50,0.0,150.0,0.72
PT101888,F004,Car,Regular,2025-07-03,22,81,Credit Card,Paid,Open,50,0.0,95.0,0.33
PT101889,F007,Car,Regular,2025-01-16,13,324,UPI,Paid,Covered,50,42.75,285.0,0.56
PT101890,F005,Bike,Member,2025-08-09,13,42,UPI,Paid,Two-Wheeler,25,0.0,22.5,0.49
PT101891,F002,Bike,Regular,2025-03-04,10,153,Credit Card,Paid,Two-Wheeler,25,0.0,67.5,0.55
PT101892,F006,EV Car,Visitor,2025-08-29,14,133,Credit Card,Paid,EV Parking,55,16.5,165.0,0.48
PT101893,F005,EV Car,Regular,2025-10-06,20,64,UPI,Paid,EV Parking,55,5.5,110.0,0.71
PT101894,F003,Car,Regular,2025-11-29,10,93,Cash,Pending,Covered,50,0.0,95.0,0.87
PT101895,F001,Bike,Member,2025-09-14,11,85,Debit Card,Paid,Two-Wheeler,25,0.0,50.0,0.26
PT101896,F007,SUV,Member,2025-07-04,18,311,Debit Card,Paid,Open,65,0.0,390.0,0.79
PT101897,F006,SUV,Member,2025-03-17,15,185,UPI,Paid,Covered,65,13.0,260.0,0.55
PT101898,F003,Car,Regular,2025-01-27,12,167,UPI,Paid,Covered,50,0.0,135.0,0.34
PT101899,F008,Car,Regular,2025-01-25,17,101,Wallet,Pending,Open,50,0.0,95.0,0.94
PT101900,F002,Bike,Member,2025-12-08,9,237,Cash,Paid,Two-Wheeler,25,0.0,100.0,0.83
PT101901,F004,Car,Regular,2025-03-03,18,115,UPI,Paid,Covered,50,5.0,100.0,0.69
PT101902,F005,Car,Member,2025-05-26,14,152,UPI,Paid,Open,50,0.0,142.5,0.47
PT101903,F001,Car,Member,2025-08-21,16,66,Credit Card,Paid,Covered,50,10.0,100.0,0.45
PT101904,F005,Bike,Regular,2025-12-15,14,175,UPI,Paid,Two-Wheeler,25,0.0,71.25,0.51
PT101905,F007,Car,Member,2025-10-13,11,207,Debit Card,Paid,Open,50,9.5,190.0,0.72
PT101906,F002,Car,Regular,2025-03-25,15,153,Wallet,Paid,Covered,50,0.0,150.0,0.27
PT101907,F005,Car,Member,2025-06-24,10,130,UPI,Pending,Covered,50,0.0,150.0,0.73
PT101908,F001,SUV,Regular,2025-06-19,11,122,UPI,Paid,Covered,65,0.0,195.0,0.37
PT101909,F002,SUV,Visitor,2025-10-17,14,167,Cash,Paid,Covered,65,19.5,195.0,0.57
PT101910,F005,Bike,Visitor,2025-01-04,13,273,UPI,Paid,Two-Wheeler,25,18.75,125.0,0.54
PT101911,F004,Car,Regular,2025-10-14,16,262,Wallet,Paid,Covered,50,0.0,250.0,0.73
PT101912,F006,EV Car,Visitor,2025-11-03,14,136,Debit Card,Paid,EV Parking,55,0.0,148.5,0.52
PT101913,F002,Car,Regular,2025-02-19,13,158,Wallet,Pending,Covered,50,19.12,127.5,0.7
PT101914,F006,Car,Regular,2025-09-27,12,199,UPI,Paid,Open,50,0.0,170.0,0.61
PT101915,F008,Car,Regular,2025-01-08,19,245,UPI,Paid,Open,50,0.0,212.5,0.76
PT101916,F002,Car,Regular,2025-12-23,7,145,Credit Card,Paid,Covered,50,0.0,142.5,0.58
PT101917,F004,Car,Regular,2025-03-10,15,103,Credit Card,Paid,Open,50,4.25,85.0,0.37
PT101918,F006,EV Car,Member,2025-05-19,13,26,UPI,Paid,EV Parking,55,5.5,55.0,0.64
PT101919,F003,Bike,Regular,2025-09-05,12,160,Wallet,Paid,Two-Wheeler,25,3.56,71.25,0.48
PT101920,F001,Car,Regular,2025-01-29,15,47,Cash,Paid,Open,50,9.0,45.0,0.45
PT101921,F003,EV Car,Regular,2025-07-02,18,162,Debit Card,Paid,EV Parking,55,0.0,140.25,0.72
PT101922,F005,Car,Member,2025-08-01,16,49,UPI,Paid,Covered,50,0.0,50.0,0.6
PT101923,F004,Car,Member,2025-11-16,15,198,Debit Card,Failed,Covered,50,0.0,190.0,0.43
PT101924,F003,Bike,Member,2025-11-01,14,78,Debit Card,Paid,Two-Wheeler,25,0.0,50.0,0.38
PT101925,F002,Bike,Regular,2025-01-19,13,193,Credit Card,Paid,Two-Wheeler,25,0.0,100.0,0.42
PT101926,F005,Car,Member,2025-08-14,13,62,Wallet,Paid,Covered,50,0.0,100.0,0.28
PT101927,F005,Car,Regular,2025-08-18,10,277,UPI,Paid,Covered,50,0.0,225.0,0.69
PT101928,F003,Bike,Member,2025-12-05,14,240,UPI,Paid,Two-Wheeler,25,9.0,90.0,0.38
PT101929,F008,Bike,Member,2025-04-06,12,170,UPI,Paid,Two-Wheeler,25,0.0,75.0,0.59
PT101930,F003,Bike,Regular,2025-04-25,15,166,Debit Card,Paid,Two-Wheeler,25,0.0,75.0,0.46
PT101931,F008,Car,Visitor,2025-12-25,14,78,Debit Card,Paid,Open,50,4.25,85.0,0.53
PT101932,F004,Car,Member,2025-06-29,19,60,UPI,Paid,Covered,50,2.0,40.0,0.41
PT101933,F001,Bike,Regular,2025-03-19,13,70,UPI,Paid,Two-Wheeler,25,5.0,50.0,0.5
PT101934,F003,Car,Member,2025-11-23,15,21,UPI,Paid,Covered,50,5.0,50.0,0.49
PT101935,F007,EV Car,Member,2025-10-03,14,64,UPI,Paid,EV Parking,55,9.9,99.0,0.62
PT101936,F008,Bike,Regular,2025-12-18,15,139,Credit Card,Paid,Two-Wheeler,25,0.0,60.0,0.66
PT101937,F003,Car,Regular,2025-07-01,11,122,UPI,Paid,Covered,50,0.0,150.0,0.23
PT101938,F006,SUV,Regular,2025-04-05,11,102,UPI,Paid,Open,65,5.85,117.0,0.9
PT101939,F002,Bike,Regular,2025-03-27,14,100,Cash,Failed,Two-Wheeler,25,0.0,42.5,0.49
PT101940,F007,Car,Visitor,2025-04-05,17,150,Credit Card,Paid,Open,50,0.0,150.0,0.72
PT101941,F007,SUV,Member,2025-12-01,16,257,Debit Card,Paid,Open,65,0.0,276.25,0.34
PT101942,F008,SUV,Member,2025-05-25,13,83,UPI,Paid,Covered,65,0.0,130.0,0.67
PT101943,F006,Bike,Member,2025-09-05,11,178,UPI,Paid,Two-Wheeler,25,0.0,67.5,0.41
PT101944,F006,Car,Regular,2025-06-30,16,112,Credit Card,Paid,Open,50,0.0,80.0,0.77
PT101945,F005,Bike,Member,2025-10-20,19,205,UPI,Paid,Two-Wheeler,25,9.5,95.0,0.74
PT101946,F008,SUV,Member,2025-01-19,11,140,UPI,Paid,Covered,65,29.25,195.0,0.49
PT101947,F001,Car,Regular,2025-05-18,17,140,Cash,Pending,Covered,50,0.0,150.0,0.99
PT101948,F002,Car,Member,2025-02-13,10,122,Wallet,Paid,Open,50,22.5,150.0,0.77
PT101949,F004,SUV,Member,2025-08-14,19,153,UPI,Paid,Covered,65,0.0,175.5,0.64
PT101950,F007,Car,Member,2025-12-11,15,80,UPI,Paid,Covered,50,12.0,80.0,0.51
PT101951,F004,SUV,Member,2025-02-06,10,222,Wallet,Paid,Covered,65,46.8,234.0,0.87
PT101952,F003,Bike,Regular,2025-11-10,7,220,UPI,Paid,Two-Wheeler,25,0.0,90.0,0.51
PT101953,F003,Bike,Regular,2025-08-08,15,163,Debit Card,Paid,Two-Wheeler,25,7.5,75.0,0.46
PT101954,F004,Car,Member,2025-05-08,14,252,Wallet,Paid,Open,50,45.0,225.0,0.77
PT101955,F003,SUV,Member,2025-05-23,15,165,Wallet,Paid,Covered,65,26.32,175.5,0.49
PT101956,F001,Car,Regular,2025-07-02,13,208,Credit Card,Paid,Open,50,40.0,200.0,0.58
PT101957,F006,Bike,Regular,2025-02-12,15,182,UPI,Pending,Two-Wheeler,25,4.0,80.0,0.3
PT101958,F003,Bike,Regular,2025-07-29,18,145,UPI,Failed,Two-Wheeler,25,0.0,75.0,0.84
PT101959,F005,SUV,Regular,2025-02-17,20,122,Cash,Paid,Covered,65,19.5,195.0,0.61
PT101960,F003,EV Car,Member,2025-11-08,12,82,Wallet,Pending,EV Parking,55,5.5,110.0,0.69
PT101961,F002,Bike,Visitor,2025-08-08,13,32,Credit Card,Paid,Two-Wheeler,25,1.0,20.0,0.53
PT101962,F001,Car,Regular,2025-07-15,11,83,Debit Card,Paid,Covered,50,0.0,95.0,0.25
PT101963,F002,EV Car,Member,2025-06-21,13,143,Debit Card,Paid,EV Parking,55,8.25,165.0,0.47
PT101964,F002,Bike,Regular,2025-08-25,17,173,Debit Card,Paid,Two-Wheeler,25,0.0,60.0,0.99
PT101965,F005,Car,Member,2025-06-24,13,97,Cash,Paid,Open,50,10.0,100.0,0.72
PT101966,F001,Car,Member,2025-02-01,13,143,Debit Card,Paid,Covered,50,0.0,150.0,0.54
PT101967,F001,SUV,Visitor,2025-08-12,18,99,Credit Card,Failed,Open,65,13.0,130.0,0.65
PT101968,F008,Car,Visitor,2025-02-23,6,78,UPI,Paid,Covered,50,10.0,100.0,0.62
PT101969,F001,Bike,Member,2025-07-05,18,138,Debit Card,Paid,Two-Wheeler,25,0.0,60.0,0.83
PT101970,F001,Bike,Regular,2025-08-22,10,73,Credit Card,Failed,Two-Wheeler,25,0.0,47.5,0.75
PT101971,F001,Car,Regular,2025-11-13,11,35,UPI,Paid,Covered,50,0.0,50.0,0.3
PT101972,F005,Bike,Member,2025-08-19,12,39,Cash,Paid,Two-Wheeler,25,5.0,25.0,0.53
PT101973,F003,Car,Regular,2025-04-20,18,186,Debit Card,Paid,Open,50,20.0,200.0,0.69
PT101974,F008,Car,Regular,2025-04-10,19,304,Wallet,Paid,Covered,50,0.0,270.0,0.84
PT101975,F002,Bike,Regular,2025-07-19,15,150,UPI,Paid,Two-Wheeler,25,0.0,75.0,0.41
PT101976,F001,Bike,Regular,2025-07-30,13,20,Debit Card,Paid,Two-Wheeler,25,0.0,25.0,0.57
PT101977,F007,SUV,Regular,2025-08-09,14,233,UPI,Paid,Covered,65,0.0,247.0,0.87
PT101978,F003,SUV,Visitor,2025-11-21,14,194,Wallet,Paid,Covered,65,39.0,260.0,0.88
PT101979,F003,SUV,Member,2025-05-30,20,80,UPI,Paid,Open,65,11.7,117.0,0.84
PT101980,F002,Car,Visitor,2025-06-12,20,116,Debit Card,Paid,Covered,50,0.0,100.0,0.99
PT101981,F005,Car,Member,2025-05-23,17,111,Debit Card,Paid,Open,50,15.0,100.0,0.72
PT101982,F004,Bike,Member,2025-09-15,14,151,UPI,Pending,Two-Wheeler,25,0.0,75.0,0.38
PT101983,F004,EV Car,Member,2025-09-02,13,118,Wallet,Paid,EV Parking,55,16.5,110.0,0.71
PT101984,F003,SUV,Regular,2025-05-30,11,134,Cash,Paid,Covered,65,0.0,195.0,0.38
PT101985,F006,SUV,Member,2025-04-22,14,63,UPI,Paid,Covered,65,6.5,130.0,0.71
PT101986,F006,Car,Regular,2025-04-09,12,356,UPI,Paid,Covered,50,45.0,300.0,0.32
PT101987,F002,Bike,Regular,2025-04-13,8,244,UPI,Failed,Two-Wheeler,25,0.0,118.75,0.84
PT101988,F004,Bike,Member,2025-07-30,13,113,UPI,Paid,Two-Wheeler,25,2.38,47.5,0.36
PT101989,F003,Car,Regular,2025-01-12,14,301,Cash,Paid,Covered,50,60.0,300.0,0.42
PT101990,F005,Car,Visitor,2025-08-14,15,154,Wallet,Paid,Open,50,0.0,150.0,0.69
PT101991,F004,EV Car,Regular,2025-10-28,8,139,UPI,Paid,EV Parking,55,0.0,140.25,0.99
PT101992,F003,Car,Member,2025-05-28,13,93,Credit Card,Paid,Open,50,4.5,90.0,0.42
PT101993,F003,Car,Visitor,2025-06-28,15,33,Credit Card,Paid,Covered,50,0.0,40.0,0.69
PT101994,F001,Car,Regular,2025-01-07,20,255,UPI,Paid,Open,50,0.0,250.0,0.72
PT101995,F005,EV Car,Regular,2025-06-01,7,156,UPI,Paid,EV Parking,55,0.0,165.0,0.53
PT101996,F001,Bike,Member,2025-11-19,15,144,UPI,Paid,Two-Wheeler,25,7.5,75.0,0.43
PT101997,F002,Bike,Regular,2025-03-11,8,93,Credit Card,Failed,Two-Wheeler,25,0.0,50.0,0.7
PT101998,F001,EV Car,Visitor,2025-12-19,10,297,Debit Card,Paid,EV Parking,55,0.0,247.5,0.68
PT101999,F007,Car,Member,2025-02-22,10,200,Debit Card,Paid,Open,50,18.0,180.0,0.57
PT102000,F001,Bike,Member,2025-06-11,12,117,UPI,Paid,Two-Wheeler,25,0.0,50.0,0.42
PT102001,F007,Car,Visitor,2025-04-03,17,118,Cash,Paid,Open,50,8.0,80.0,0.67
PT102002,F004,Car,Member,2025-05-31,18,99,Debit Card,Pending,Covered,50,0.0,100.0,0.99
PT102003,F006,SUV,Visitor,2025-02-27,12,125,Cash,Pending,Open,65,33.15,165.75,0.66
PT102004,F008,SUV,Member,2025-07-15,13,197,Credit Card,Paid,Covered,65,11.7,234.0,0.45
PT102005,F008,Car,Regular,2025-11-21,11,297,Cash,Paid,Covered,50,0.0,250.0,0.49
PT102006,F003,Car,Member,2025-07-27,13,173,Cash,Paid,Covered,50,20.25,135.0,0.56
PT102007,F008,Bike,Visitor,2025-10-30,11,132,Credit Card,Pending,Two-Wheeler,25,0.0,67.5,0.52
PT102008,F007,Car,Regular,2025-10-26,10,74,UPI,Paid,Open,50,0.0,100.0,0.68
PT102009,F005,Car,Visitor,2025-03-03,10,32,Wallet,Paid,Open,50,0.0,50.0,0.9
PT102010,F001,Car,Regular,2025-07-14,16,98,Debit Card,Paid,Open,50,5.0,100.0,0.45
PT102011,F007,Car,Member,2025-02-24,9,172,Wallet,Pending,Covered,50,0.0,150.0,0.88
PT102012,F005,SUV,Member,2025-12-29,15,20,Debit Card,Paid,Covered,65,0.0,65.0,0.7
PT102013,F006,Car,Regular,2025-02-18,10,91,Credit Card,Paid,Covered,50,0.0,100.0,0.82
PT102014,F008,Car,Regular,2025-04-16,17,122,,Paid,Open,50,0.0,150.0,0.73
PT102015,F006,Bike,,2025-03-19,11,82,UPI,Paid,Two-Wheeler,25,0.0,47.5,0.65
PT102016,F008,SUV,Regular,2025-10-11,7,169,Wallet,Paid,Open,65,0.0,195.0,0.68
PT102017,F001,Car,Regular,2025-02-26,13,21,UPI,Paid,Open,50,0.0,47.5,0.77
PT102018,F002,Car,Visitor,2025-06-18,22,43,UPI,Paid,Covered,50,0.0,47.5,0.75
PT102019,F001,Car,Member,2025-07-26,17,108,Debit Card,Paid,Open,50,4.5,90.0,0.72
PT102020,F004,SUV,Visitor,2025-09-17,14,175,Debit Card,Paid,Open,65,0.0,195.0,0.26
PT102021,F007,Bike,Regular,2025-10-03,10,159,UPI,Paid,Two-Wheeler,25,3.19,63.75,0.75
PT102022,F003,SUV,Regular,2025-12-11,9,177,UPI,Paid,Covered,65,0.0,195.0,0.68
PT102023,F002,EV Car,Member,2025-06-12,17,40,Credit Card,Paid,EV Parking,55,0.0,46.75,0.83
PT102024,F001,SUV,Member,2025-09-01,16,105,UPI,Paid,Open,65,0.0,104.0,0.5
PT102025,F005,Bike,Member,2025-09-07,13,29,Debit Card,Paid,Two-Wheeler,25,0.0,25.0,0.29
PT102026,F002,Bike,Visitor,2025-11-05,13,38,UPI,Pending,Two-Wheeler,25,0.0,21.25,0.69
PT102027,F007,Car,Regular,2025-02-08,16,33,Cash,Paid,Covered,50,4.25,42.5,0.42
PT102028,F008,EV Car,Member,2025-11-05,14,246,Cash,Paid,EV Parking,55,0.0,275.0,0.52
PT102029,F002,Car,Visitor,2025-05-01,13,152,Debit Card,Paid,Open,50,0.0,142.5,0.72
PT102030,F008,Car,Regular,2025-03-27,11,109,UPI,Paid,Covered,50,4.25,85.0,0.47
PT102031,F007,Bike,Visitor,2025-04-09,9,67,Credit Card,Paid,Two-Wheeler,25,0.0,50.0,0.72
PT102032,F001,Car,Member,2025-09-03,14,161,Credit Card,Paid,Covered,50,0.0,127.5,0.64
PT102033,F007,Bike,Regular,2025-12-14,17,143,UPI,Paid,Two-Wheeler,25,0.0,75.0,0.89
PT102034,F002,Bike,Regular,2025-07-27,16,49,Cash,Paid,Two-Wheeler,25,0.0,23.75,0.28
PT102035,F005,Bike,Member,2025-04-23,15,95,Credit Card,Paid,Two-Wheeler,25,0.0,50.0,0.57
PT102036,F006,SUV,Regular,2025-03-24,19,127,Cash,Paid,Covered,65,19.5,195.0,0.85
PT102037,F002,Car,Regular,2025-03-06,13,134,UPI,Paid,Covered,50,22.5,150.0,0.33
PT102038,F007,Bike,Member,2025-01-01,9,53,UPI,Paid,Two-Wheeler,25,0.0,25.0,0.97
PT102039,F006,Bike,Member,2025-06-23,9,165,Wallet,Paid,Two-Wheeler,25,3.75,75.0,0.88
PT102040,F007,Bike,Visitor,2025-09-07,20,172,Credit Card,Paid,Two-Wheeler,25,7.5,75.0,0.98
PT102041,F005,SUV,Member,2025-08-14,14,247,Credit Card,Paid,Covered,65,0.0,260.0,0.65
PT102042,F007,Car,Member,2025-10-11,17,49,Credit Card,Paid,Covered,50,4.25,42.5,0.76
PT102043,F001,Bike,Regular,2025-03-25,14,93,UPI,Paid,Two-Wheeler,25,2.5,50.0,0.53
PT102044,F003,Car,Regular,2025-08-27,13,134,Debit Card,Paid,Open,50,18.0,120.0,0.4
PT102045,F008,EV Car,Regular,2025-01-28,11,170,UPI,Paid,EV Parking,55,31.35,156.75,0.59
PT102046,F008,Car,Regular,2025-10-14,18,363,Credit Card,Paid,Open,50,0.0,332.5,0.53
PT102047,F002,SUV,Member,2025-11-24,8,73,Credit Card,Paid,Open,65,0.0,130.0,0.78
PT102048,F003,Car,Regular,2025-10-31,19,76,Wallet,Paid,Covered,50,0.0,100.0,0.6
PT102049,F007,Car,Regular,2025-10-09,11,114,Credit Card,Paid,Open,50,0.0,100.0,0.68
PT102050,F005,Bike,Visitor,2025-07-02,6,246,UPI,Paid,Two-Wheeler,25,0.0,112.5,0.15
PT102051,F002,SUV,Regular,2025-12-11,9,90,Credit Card,Paid,Covered,65,26.0,130.0,0.63
PT102052,F007,Bike,Member,2025-05-15,18,56,UPI,Paid,Two-Wheeler,25,0.0,25.0,0.71
PT102053,F006,EV Car,Regular,2025-12-27,8,134,UPI,Paid,EV Parking,55,0.0,165.0,0.73
PT102054,F004,Bike,,2025-02-26,12,110,UPI,Paid,Two-Wheeler,25,5.0,50.0,0.57
PT102055,F007,Bike,Regular,2025-04-25,11,91,Credit Card,Paid,Two-Wheeler,25,0.0,47.5,0.48
PT102056,F003,Car,Member,2025-07-05,7,38,UPI,Paid,Covered,50,0.0,50.0,0.42
PT102057,F002,SUV,Member,2025-01-01,14,68,Credit Card,Paid,Open,65,22.1,110.5,0.59
PT102058,F003,Car,Regular,2025-12-04,22,234,Wallet,Paid,Covered,50,0.0,180.0,0.63
PT102059,F002,SUV,Regular,2025-01-29,18,95,Debit Card,Paid,Covered,65,0.0,130.0,0.99
PT102060,F007,EV Car,Regular,2025-08-20,10,109,UPI,Paid,EV Parking,55,0.0,110.0,0.71
PT102061,F001,EV Car,Regular,2025-05-30,18,143,UPI,Paid,EV Parking,55,22.28,148.5,0.76
PT102062,F006,Bike,Regular,2025-07-09,13,195,Debit Card,Paid,Two-Wheeler,25,0.0,100.0,0.56
PT102063,F007,Bike,Regular,2025-09-27,11,68,Cash,Paid,Two-Wheeler,25,0.0,50.0,0.37
PT102064,F008,SUV,Regular,2025-09-05,15,117,UPI,Paid,Open,65,0.0,123.5,0.36
PT102065,F003,Car,Member,2025-11-23,11,56,Cash,Pending,Covered,50,0.0,50.0,0.61
PT102066,F004,Bike,Regular,2025-07-14,18,64,Credit Card,Paid,Two-Wheeler,25,7.12,47.5,0.94
PT102067,F004,Car,Regular,2025-09-12,15,166,Credit Card,Paid,Covered,50,0.0,150.0,0.5
PT102068,F005,Bike,Regular,2025-03-20,9,163,Wallet,Failed,Two-Wheeler,25,15.0,75.0,0.85
PT102069,F002,Car,Regular,2025-12-29,14,82,Debit Card,Paid,Open,50,0.0,95.0,0.47
PT102070,F003,Car,Regular,2025-04-08,14,67,Cash,Paid,Open,50,0.0,95.0,0.63
PT102071,F005,Car,Regular,2025-05-30,13,142,UPI,Paid,Open,50,22.5,150.0,0.45
PT102072,F003,Bike,Regular,2025-10-01,12,20,Credit Card,Paid,Two-Wheeler,25,0.0,25.0,0.75
PT102073,F008,Bike,Regular,2025-10-29,13,133,Credit Card,Paid,Two-Wheeler,25,0.0,63.75,0.59
PT102074,F002,Car,Regular,2025-12-04,14,91,UPI,Paid,Open,50,14.25,95.0,0.39
PT102075,F007,Bike,Member,2025-05-03,16,109,Credit Card,Paid,Two-Wheeler,25,0.0,47.5,0.46
PT102076,F007,Car,Regular,2025-04-08,19,236,UPI,Paid,Covered,50,0.0,200.0,0.74
PT102077,F004,Bike,Regular,2025-06-13,7,64,UPI,Paid,Two-Wheeler,25,9.0,45.0,0.48
PT102078,F007,Bike,Member,2025-02-15,14,117,UPI,Paid,Two-Wheeler,25,0.0,40.0,0.56
PT102079,F007,Bike,Regular,2025-12-25,16,196,Debit Card,Paid,Two-Wheeler,25,0.0,95.0,0.49
PT102080,F008,SUV,Regular,2025-08-27,9,81,Wallet,Paid,Covered,65,0.0,130.0,0.55
PT102081,F001,Car,Visitor,2025-08-18,19,121,Credit Card,Paid,Covered,50,0.0,150.0,0.77
PT102082,F004,SUV,Visitor,2025-10-20,11,146,Debit Card,Paid,Open,65,0.0,185.25,0.41
PT102083,F005,Bike,Member,2025-09-01,17,104,UPI,Paid,Two-Wheeler,25,2.25,45.0,0.81
PT102084,F006,Bike,Regular,2025-01-18,15,60,Wallet,Paid,Two-Wheeler,25,0.0,25.0,0.55
PT102085,F001,Bike,Member,2025-06-20,14,150,Credit Card,Paid,Two-Wheeler,25,3.56,71.25,0.32
PT102086,F005,Car,Member,2025-12-26,18,213,Debit Card,Paid,Open,50,0.0,200.0,0.55
PT102087,F002,Bike,Regular,2025-06-06,20,45,Debit Card,Paid,Two-Wheeler,25,0.0,25.0,0.77
PT102088,F001,Bike,Member,2025-07-23,22,54,UPI,Paid,Two-Wheeler,25,0.0,25.0,0.54
PT102089,F008,Car,Member,2025-05-26,15,332,Credit Card,Paid,Open,50,30.0,300.0,0.44
PT102090,F005,Car,Visitor,2025-05-23,12,71,Wallet,Paid,Covered,50,0.0,90.0,0.56
PT102091,F002,Car,Regular,2025-07-06,18,59,UPI,Paid,Open,50,0.0,50.0,0.84
PT102092,F004,EV Car,Regular,2025-05-02,15,128,Debit Card,Paid,EV Parking,55,24.75,165.0,0.62
PT102093,F006,Bike,Visitor,2025-12-16,12,144,Wallet,Paid,Two-Wheeler,25,3.75,75.0,0.38
PT102094,F002,Car,Regular,2025-04-10,19,59,UPI,Paid,Covered,50,0.0,42.5,0.89
PT102095,F007,Car,Member,2025-10-11,16,222,Cash,Paid,Covered,50,30.0,200.0,0.41
PT102096,F003,Bike,Regular,2025-01-15,13,52,Wallet,Paid,Two-Wheeler,25,0.0,21.25,0.4
PT102097,F002,SUV,Regular,2025-02-12,13,183,Debit Card,Paid,Open,65,0.0,260.0,0.63
PT102098,F002,Car,Member,2025-10-16,22,46,UPI,Failed,Covered,50,0.0,50.0,0.52
PT102099,F006,Car,Regular,2025-07-06,12,81,UPI,Paid,Covered,50,0.0,80.0,0.46
PT102100,F003,SUV,Regular,2025-01-08,9,152,UPI,Paid,Covered,65,0.0,185.25,0.57
PT102101,F007,Car,Member,2025-04-22,14,246,Cash,Paid,Open,50,25.0,250.0,0.64
PT102102,F005,Car,Member,2025-02-02,18,272,Cash,Paid,Covered,50,0.0,250.0,0.6
PT102103,F005,EV Car,Member,2025-03-31,14,53,Debit Card,Paid,EV Parking,55,5.5,55.0,0.17
PT102104,F002,Bike,Visitor,2025-05-29,17,147,UPI,Paid,Two-Wheeler,25,11.25,75.0,0.65
PT102105,F008,Car,Regular,2025-07-31,8,158,UPI,Paid,Covered,50,7.5,150.0,0.87
PT102106,F008,Car,Regular,2025-04-26,15,67,Debit Card,Paid,Covered,50,10.0,100.0,0.48
PT102107,F003,Car,Regular,2025-06-22,8,79,Debit Card,Paid,Covered,50,10.0,100.0,0.71
PT102108,F003,Car,Regular,2025-01-20,14,133,Wallet,Paid,Covered,50,27.0,135.0,0.35
PT102109,F007,SUV,Regular,2025-05-12,14,69,Debit Card,Paid,Open,65,0.0,130.0,0.52
PT102110,F006,Car,Regular,2025-10-19,20,168,Cash,Paid,Covered,50,0.0,150.0,0.78
PT102111,F004,SUV,Visitor,2025-12-20,9,149,Debit Card,Paid,Open,65,0.0,195.0,0.55
PT102112,F005,EV Car,Visitor,2025-08-25,6,38,Debit Card,Paid,EV Parking,55,0.0,55.0,0.23
PT102113,F006,Car,Visitor,2025-03-18,9,100,Credit Card,Paid,Covered,50,0.0,90.0,0.96
PT102114,F001,Car,Regular,2025-08-11,10,94,Wallet,Paid,Covered,50,5.0,100.0,0.99
PT102115,F005,Bike,Visitor,2025-05-06,11,174,Debit Card,Paid,Two-Wheeler,25,0.0,75.0,0.65
PT102116,F006,EV Car,Regular,2025-02-08,17,103,UPI,Paid,EV Parking,55,14.02,93.5,0.79
PT102117,F005,SUV,Visitor,2025-11-23,12,182,UPI,Paid,Covered,65,0.0,247.0,0.44
PT102118,F004,Car,Visitor,2025-07-28,17,343,UPI,Paid,Covered,50,0.0,240.0,0.76
PT102119,F001,Bike,Visitor,2025-04-16,11,196,Credit Card,Paid,Two-Wheeler,25,0.0,95.0,0.61
PT102120,F008,Bike,Regular,2025-05-20,18,107,UPI,Paid,Two-Wheeler,25,0.0,50.0,0.83
PT102121,F008,EV Car,Regular,2025-09-06,6,81,UPI,Paid,EV Parking,55,0.0,88.0,0.87
PT102122,F004,Car,Member,2025-02-24,19,67,Credit Card,Paid,Open,50,0.0,95.0,0.88
PT102123,F007,Bike,Member,2025-04-28,16,82,UPI,Paid,Two-Wheeler,25,0.0,50.0,0.62
PT102124,F001,SUV,Regular,2025-12-16,13,112,Cash,Paid,Covered,65,0.0,130.0,0.64
PT102125,F002,Car,Member,2025-06-25,14,210,Credit Card,Paid,Covered,50,0.0,200.0,0.57
PT102126,F006,Bike,Regular,2025-12-20,19,148,Credit Card,Paid,Two-Wheeler,25,0.0,71.25,0.75
PT102127,F001,Car,Regular,2025-08-01,14,62,UPI,Paid,Open,50,0.0,95.0,0.46
PT102128,F007,Car,Regular,2025-09-22,11,176,UPI,Paid,Covered,50,0.0,150.0,0.57
PT102129,F007,Car,Visitor,2025-05-20,14,149,UPI,Paid,Covered,50,0.0,142.5,0.67
PT102130,F004,EV Car,Regular,2025-11-21,18,109,Cash,Paid,EV Parking,55,0.0,110.0,0.81
PT102131,F005,Car,Regular,2025-12-05,21,257,Debit Card,Paid,Open,50,0.0,212.5,0.38
PT102132,F001,Bike,Regular,2025-10-11,14,70,UPI,Paid,Two-Wheeler,25,4.5,45.0,0.39
PT102133,F006,Bike,Regular,2025-09-30,10,220,Credit Card,Paid,Two-Wheeler,25,18.0,90.0,0.82
PT102134,F001,Car,Member,2025-01-22,16,72,UPI,Paid,Covered,50,15.0,100.0,0.57
PT102135,F003,Bike,Member,2025-07-06,22,122,Wallet,Paid,Two-Wheeler,25,0.0,67.5,0.34
PT102136,F005,SUV,Visitor,2025-07-26,13,60,Wallet,Paid,Covered,65,0.0,58.5,0.3
PT102137,F006,SUV,Regular,2025-05-27,13,38,Credit Card,Paid,Covered,65,0.0,65.0,0.45
PT102138,F008,Bike,Regular,2025-06-03,14,124,Debit Card,Paid,Two-Wheeler,25,7.5,75.0,0.39
PT102139,F006,Bike,Regular,2025-04-18,10,177,Cash,Paid,Two-Wheeler,25,7.5,75.0,0.82
PT102140,F002,Car,Regular,2025-11-12,21,79,Debit Card,Pending,Open,50,10.0,100.0,0.6
PT102141,F004,EV Car,Regular,2025-10-27,17,21,Debit Card,Paid,EV Parking,55,8.25,55.0,0.81
PT102142,F002,Car,Member,2025-10-26,9,103,Wallet,Paid,Open,50,0.0,100.0,0.77
PT102143,F006,SUV,Regular,2025-05-31,20,265,Credit Card,Paid,Covered,65,29.25,292.5,0.74
PT102144,F005,Car,Regular,2025-06-24,20,187,Debit Card,Paid,Open,50,17.0,170.0,0.85
PT102145,F001,EV Car,Regular,2025-02-24,12,149,Cash,Paid,EV Parking,55,0.0,165.0,0.36
PT102146,F008,SUV,Regular,2025-09-24,15,20,Debit Card,Failed,Covered,65,9.75,65.0,0.84
PT102147,F001,SUV,Visitor,2025-11-07,9,332,Debit Card,Paid,Covered,65,0.0,390.0,0.59
PT102148,F005,Car,Regular,2025-06-03,8,103,UPI,Paid,Covered,50,20.0,100.0,0.82
PT102149,F006,Bike,Visitor,2025-07-09,14,84,UPI,Paid,Two-Wheeler,25,5.0,50.0,0.7
PT102150,F007,Bike,Regular,2025-05-29,7,68,UPI,Paid,Two-Wheeler,25,0.0,47.5,0.35
PT102151,F001,SUV,Regular,2025-01-08,18,102,Credit Card,Paid,Open,65,5.52,110.5,0.8
PT102152,F007,Car,Member,2025-05-28,19,90,Credit Card,Paid,Covered,50,0.0,100.0,0.99
PT102153,F001,EV Car,Member,2025-06-22,8,267,Wallet,Paid,EV Parking,55,27.5,275.0,0.68
PT102154,F001,SUV,Regular,2025-03-22,7,398,Credit Card,Paid,Covered,65,45.5,455.0,0.45
PT102155,F008,Car,Regular,2025-03-20,11,141,Debit Card,Paid,Covered,50,7.5,150.0,0.56
PT102156,F004,SUV,Regular,2025-11-17,19,154,UPI,Paid,Open,65,29.25,195.0,0.63
PT102157,F004,Bike,Regular,2025-03-01,16,156,Cash,Failed,Two-Wheeler,25,0.0,75.0,0.61
PT102158,F003,Bike,Visitor,2025-04-05,15,355,Credit Card,Paid,Two-Wheeler,25,0.0,150.0,0.33
PT102159,F002,Car,Visitor,2025-11-08,16,30,Debit Card,Paid,Covered,50,0.0,50.0,0.66
PT102160,F005,Bike,Member,2025-05-08,10,30,UPI,Failed,Two-Wheeler,25,0.0,20.0,0.61
PT102161,F005,SUV,Regular,2025-05-02,11,24,Credit Card,Paid,Open,65,0.0,58.5,0.56
PT102162,F005,Car,Regular,2025-10-14,12,237,Debit Card,Pending,Covered,50,0.0,200.0,0.63
PT102163,F003,Bike,Member,2025-12-07,14,77,Credit Card,Paid,Two-Wheeler,25,0.0,50.0,0.44
PT102164,F004,Bike,Member,2025-03-28,14,69,Wallet,Paid,Two-Wheeler,25,0.0,45.0,0.53
PT102165,F006,SUV,Regular,2025-03-22,11,163,Cash,Paid,Covered,65,26.32,175.5,0.61
PT102166,F007,Car,Visitor,2025-01-22,13,172,Wallet,Paid,Open,50,0.0,150.0,0.36
PT102167,F008,SUV,Regular,2025-09-09,15,181,Debit Card,Paid,Covered,65,33.15,221.0,0.44
PT102168,F007,Bike,Regular,2025-07-09,12,22,Wallet,Paid,Two-Wheeler,25,0.0,25.0,0.31
PT102169,F006,Car,Regular,2025-11-08,8,113,Cash,Paid,Open,50,0.0,100.0,0.88
PT102170,F008,Car,Regular,2025-03-27,10,112,UPI,Paid,Open,50,0.0,85.0,0.73
PT102171,F003,Bike,Regular,2025-01-08,10,114,Credit Card,Paid,Two-Wheeler,25,0.0,50.0,0.86
PT102172,F006,SUV,Regular,2025-11-14,15,199,UPI,Paid,Covered,65,0.0,260.0,0.76
PT102173,F005,Car,Member,2025-11-30,8,151,UPI,Paid,Open,50,0.0,135.0,0.61
PT102174,F002,SUV,Visitor,2025-08-18,18,56,UPI,Paid,Covered,65,0.0,65.0,0.65
PT102175,F001,Car,Regular,2025-06-01,8,198,UPI,Paid,Covered,50,0.0,200.0,0.65
PT102176,F007,Bike,Regular,2025-10-05,14,189,Debit Card,Paid,Two-Wheeler,25,4.5,90.0,0.69
PT102177,F004,EV Car,Visitor,2025-01-15,19,131,Credit Card,Paid,EV Parking,55,0.0,165.0,0.75
PT102178,F004,SUV,Member,2025-10-14,8,106,UPI,Paid,Covered,65,13.0,130.0,0.93
PT102179,F003,Car,Member,2025-09-05,13,152,Debit Card,Paid,Covered,50,0.0,142.5,0.92
PT102180,F008,Bike,Regular,2025-09-12,12,209,Cash,Paid,Two-Wheeler,25,17.0,85.0,0.31
PT102181,F004,Car,Visitor,2025-12-09,12,61,Wallet,Paid,Covered,50,10.0,100.0,0.42
PT102182,F005,Car,Regular,2025-11-21,14,80,Debit Card,Paid,Covered,50,20.0,100.0,0.66
PT102183,F007,SUV,Member,2025-12-31,11,120,Credit Card,Paid,Covered,65,13.0,130.0,0.45
PT102184,F006,SUV,Regular,2025-06-16,7,96,UPI,Paid,Open,65,0.0,130.0,0.33
PT102185,F005,Car,Member,2025-03-22,20,163,UPI,Paid,Open,50,0.0,150.0,0.61
PT102186,F003,EV Car,Regular,2025-10-23,16,123,,Paid,EV Parking,55,0.0,140.25,0.39
PT102187,F005,Bike,Member,2025-03-10,9,123,UPI,Paid,Two-Wheeler,25,7.5,75.0,0.54
PT102188,F006,Car,Visitor,2025-07-02,13,125,Wallet,Paid,Open,50,7.5,150.0,0.44
PT102189,F002,Bike,Regular,2025-11-23,8,170,UPI,Paid,Two-Wheeler,25,0.0,67.5,0.89
PT102190,F003,Bike,Visitor,2025-03-05,7,342,UPI,Paid,Two-Wheeler,25,21.38,142.5,0.35
PT102191,F002,Bike,Member,2025-09-21,7,28,UPI,Paid,Two-Wheeler,25,0.0,22.5,0.58
PT102192,F001,Bike,Regular,2025-11-23,16,29,Debit Card,Paid,Two-Wheeler,25,1.25,25.0,0.44
PT102193,F002,Bike,Visitor,2025-03-27,13,75,UPI,Paid,Two-Wheeler,25,4.25,42.5,0.61
PT102194,F001,Car,Member,2025-02-13,17,143,Credit Card,Paid,Covered,50,0.0,127.5,0.53
PT102195,F001,SUV,Regular,2025-10-21,12,152,UPI,Paid,Covered,65,8.78,175.5,0.47
PT102196,F002,Bike,Regular,2025-05-29,16,176,UPI,Paid,Two-Wheeler,25,7.5,75.0,0.65
PT102197,F003,Car,Regular,2025-09-17,8,119,UPI,Paid,Open,50,0.0,100.0,0.96
PT102198,F008,SUV,Member,2025-11-07,15,112,Credit Card,Paid,Open,65,0.0,130.0,0.55
PT102199,F006,EV Car,Regular,2025-12-15,12,198,UPI,Paid,EV Parking,55,0.0,220.0,0.48
PT102200,F005,EV Car,Regular,2025-02-28,11,225,Debit Card,Paid,EV Parking,55,9.9,198.0,0.53
PT102201,F005,Car,Regular,2025-04-04,17,51,Credit Card,Paid,Covered,50,0.0,47.5,0.78
PT102202,F006,Car,Member,2025-11-19,8,244,Debit Card,Paid,Covered,50,35.62,237.5,0.93
PT102203,F007,Bike,Regular,2025-01-05,20,65,UPI,Paid,Two-Wheeler,25,7.5,50.0,0.67
PT102204,F007,Car,Regular,2025-03-24,16,96,UPI,Paid,Covered,50,0.0,95.0,0.31
PT102205,F001,EV Car,Member,2025-11-24,12,115,UPI,Paid,EV Parking,55,0.0,110.0,0.59
PT102206,F001,Car,Regular,2025-02-06,22,268,Credit Card,Pending,Covered,50,12.5,250.0,0.52
PT102207,F003,Car,Visitor,2025-01-27,11,107,Credit Card,Paid,Covered,50,10.0,100.0,0.49
PT102208,F004,Car,Member,2025-01-13,13,20,Credit Card,Paid,Open,50,0.0,50.0,0.79
PT102209,F002,Car,Regular,2025-03-06,18,20,Debit Card,Pending,Covered,50,0.0,50.0,0.64
PT102210,F001,SUV,Regular,2025-07-22,22,59,Cash,Paid,Open,65,0.0,58.5,0.23
PT102211,F005,Bike,Member,2025-06-29,11,60,Debit Card,Paid,Two-Wheeler,25,5.0,25.0,0.6
PT102212,F003,Car,Member,2025-10-24,16,153,UPI,Paid,Open,50,0.0,150.0,0.41
PT102213,F002,Car,Regular,2025-09-28,12,42,Debit Card,Paid,Covered,50,7.5,50.0,0.51
PT102214,F003,Bike,Regular,2025-01-15,16,158,UPI,Paid,Two-Wheeler,25,0.0,71.25,0.79
PT102215,F002,Car,Member,2025-01-01,9,172,Debit Card,Paid,Open,50,21.38,142.5,0.46
PT102216,F002,Bike,Regular,2025-09-28,12,97,UPI,Paid,Two-Wheeler,25,0.0,47.5,0.41
PT102217,F006,Bike,Regular,2025-02-17,8,198,UPI,Paid,Two-Wheeler,25,0.0,80.0,0.93
PT102218,F001,SUV,Member,2025-07-01,14,260,Cash,Paid,Covered,65,48.75,325.0,0.71
PT102219,F008,EV Car,Regular,2025-07-02,15,97,Credit Card,Paid,EV Parking,55,16.5,110.0,0.41
PT102220,F003,EV Car,Visitor,2025-11-24,12,114,UPI,Paid,EV Parking,55,0.0,110.0,0.52
PT102221,F008,EV Car,Member,2025-08-02,15,148,UPI,Paid,EV Parking,55,0.0,165.0,0.57
PT102222,F003,Car,Regular,2025-01-27,14,182,Credit Card,Paid,Open,50,0.0,200.0,0.56
PT102223,F006,Car,Regular,2025-08-14,12,188,Wallet,Paid,Open,50,0.0,180.0,0.4
PT102224,F005,Car,Member,2025-06-07,13,191,Credit Card,Paid,Open,50,0.0,180.0,0.51
PT102225,F008,SUV,Member,2025-03-01,8,108,Wallet,Paid,Covered,65,18.52,123.5,0.69
PT102226,F005,EV Car,Member,2025-03-07,13,131,UPI,Paid,EV Parking,55,0.0,165.0,0.59
PT102227,F007,SUV,Member,2025-06-23,13,155,Credit Card,Paid,Open,65,17.55,175.5,0.32
PT102228,F001,Car,Member,2025-02-21,7,111,Debit Card,Paid,Covered,50,0.0,100.0,0.41
PT102229,F001,EV Car,Regular,2025-08-31,14,271,Credit Card,Paid,EV Parking,55,0.0,275.0,0.37
PT102230,F004,Bike,Visitor,2025-12-03,16,141,UPI,Paid,Two-Wheeler,25,3.75,75.0,0.55
PT102231,F006,Car,Member,2025-10-18,13,108,Credit Card,Paid,Covered,50,0.0,85.0,0.6
PT102232,F005,Bike,Regular,2025-09-01,15,125,Credit Card,Paid,Two-Wheeler,25,3.75,75.0,0.55
PT102233,F002,Car,Member,2025-05-01,14,78,Debit Card,Paid,Covered,50,0.0,80.0,0.75
PT102234,F003,Bike,Member,2025-02-11,16,34,Debit Card,Paid,Two-Wheeler,25,3.38,22.5,0.5
PT102235,F001,Car,Member,2025-07-03,14,114,Debit Card,Paid,Covered,50,10.0,100.0,0.38
PT102236,F008,Bike,Regular,2025-02-14,12,174,Debit Card,Paid,Two-Wheeler,25,11.25,75.0,0.42
PT102237,F003,Bike,Visitor,2025-02-21,17,53,UPI,Paid,Two-Wheeler,25,0.0,25.0,0.65
PT102238,F003,SUV,Regular,2025-05-31,8,123,UPI,Paid,Open,65,0.0,185.25,0.73
PT102239,F004,Bike,Regular,2025-01-29,12,103,Debit Card,Paid,Two-Wheeler,25,0.0,50.0,0.3
PT102240,F005,Bike,Member,2025-02-26,14,123,Wallet,Paid,Two-Wheeler,25,0.0,63.75,0.53
PT102241,F001,SUV,Member,2025-10-02,18,197,UPI,Paid,Covered,65,0.0,260.0,0.84
PT102242,F003,EV Car,Visitor,2025-07-28,8,134,Credit Card,Paid,EV Parking,55,0.0,165.0,0.81
PT102243,F001,Car,Member,2025-01-08,9,66,UPI,Paid,Covered,50,0.0,90.0,0.99
PT102244,F002,Bike,Visitor,2025-09-04,12,134,UPI,Paid,Two-Wheeler,25,0.0,71.25,0.79
PT102245,F004,Car,Member,2025-07-14,12,46,Credit Card,Paid,Open,50,0.0,50.0,0.51
PT102246,F002,Car,Regular,2025-11-18,17,55,Credit Card,Paid,Covered,50,0.0,45.0,0.94
PT102247,F001,Bike,Visitor,2025-12-05,20,270,UPI,Paid,Two-Wheeler,25,0.0,106.25,0.57
PT102248,F007,SUV,Member,2025-01-28,6,40,Debit Card,Paid,Covered,65,3.25,65.0,0.79
PT102249,F008,Car,Regular,2025-12-11,6,204,Cash,Paid,Covered,50,0.0,190.0,0.54
PT102250,F001,SUV,Regular,2025-11-27,18,203,Wallet,Paid,Covered,65,0.0,260.0,0.84
PT102251,F005,SUV,Member,2025-10-23,9,32,UPI,Paid,Open,65,0.0,65.0,0.65
PT102252,F003,EV Car,Regular,2025-08-23,12,34,Credit Card,Paid,EV Parking,55,5.5,55.0,0.63
PT102253,F003,Car,Member,2025-05-10,11,168,Credit Card,Paid,Covered,50,0.0,150.0,0.56
PT102254,F002,EV Car,Member,2025-03-17,12,52,UPI,Paid,EV Parking,55,2.2,44.0,0.67
PT102255,F008,Car,Member,2025-08-21,12,240,Credit Card,Paid,Open,50,36.0,180.0,0.47
PT102256,F004,Bike,Visitor,2025-08-18,12,237,Debit Card,Paid,Two-Wheeler,25,0.0,90.0,0.49
PT102257,F007,Car,Member,2025-11-28,15,313,UPI,Paid,Covered,50,40.5,270.0,0.46
PT102258,F006,Car,Member,2025-12-17,15,116,Wallet,Paid,Covered,50,9.0,90.0,0.69
PT102259,F008,SUV,Regular,2025-11-06,14,328,Cash,Paid,Covered,65,0.0,390.0,0.29
PT102260,F003,Bike,Member,2025-07-08,18,282,Debit Card,Paid,Two-Wheeler,25,0.0,106.25,0.92
PT102261,F005,Car,Regular,2025-01-02,17,128,Debit Card,Paid,Open,50,6.75,135.0,0.95
PT102262,F008,Car,Member,2025-12-02,11,73,UPI,Paid,Open,50,19.0,95.0,0.78
PT102263,F002,Bike,Regular,2025-03-06,14,106,Debit Card,Paid,Two-Wheeler,25,0.0,50.0,0.62
PT102264,F002,Car,Regular,2025-02-21,16,179,UPI,Paid,Covered,50,0.0,150.0,0.39
PT102265,F006,SUV,Regular,2025-02-03,18,169,Cash,Paid,Open,65,9.75,195.0,0.88
PT102266,F005,Car,Member,2025-10-28,11,155,UPI,Paid,Open,50,0.0,150.0,0.79
PT102267,F004,Car,Regular,2025-08-28,14,73,UPI,Paid,Open,50,8.5,85.0,0.56
PT102268,F008,Car,Regular,2025-05-09,14,58,Credit Card,Paid,Covered,50,0.0,50.0,0.46
PT102269,F005,Bike,Member,2025-08-31,15,83,UPI,Paid,Two-Wheeler,25,4.5,45.0,0.83
PT102270,F004,Car,Member,2025-12-22,12,41,Credit Card,Paid,Covered,50,7.5,50.0,0.28
PT102271,F005,Car,Member,2025-11-04,12,52,Credit Card,Paid,Open,50,2.5,50.0,0.45
PT102272,F005,EV Car,Regular,2025-11-19,15,87,Cash,Paid,EV Parking,55,5.5,110.0,0.76
PT102273,F001,Bike,Visitor,2025-04-08,13,31,Credit Card,Paid,Two-Wheeler,25,2.38,23.75,0.35
PT102274,F002,Car,Member,2025-03-17,6,20,UPI,Paid,Covered,50,4.25,42.5,0.72
PT102275,F008,Bike,Member,2025-11-08,19,64,UPI,Paid,Two-Wheeler,25,7.5,50.0,0.49
PT102276,F005,SUV,Member,2025-12-31,10,152,UPI,Failed,Open,65,0.0,195.0,0.9
PT102277,F008,Car,Member,2025-08-07,10,171,Credit Card,Failed,Open,50,7.12,142.5,0.92
PT102278,F006,Car,Regular,2025-11-02,17,71,Debit Card,Paid,Covered,50,0.0,100.0,0.6
PT102279,F005,SUV,Visitor,2025-04-11,12,180,UPI,Paid,Open,65,27.79,185.25,0.52
PT102280,F003,Bike,Member,2025-04-29,12,154,UPI,Paid,Two-Wheeler,25,3.75,75.0,0.31
PT102281,F002,Bike,Regular,2025-05-20,15,59,UPI,Paid,Two-Wheeler,25,0.0,25.0,0.36
PT102282,F003,Car,Regular,2025-08-13,8,315,UPI,Failed,Covered,50,0.0,300.0,0.78
PT102283,F008,Car,Regular,2025-09-12,11,311,UPI,Paid,Covered,50,0.0,300.0,0.8
PT102284,F008,Bike,Regular,2025-03-14,8,198,Debit Card,Paid,Two-Wheeler,25,10.0,100.0,0.98
PT102285,F002,Car,Member,2025-11-08,12,70,UPI,Paid,Open,50,0.0,100.0,0.32
PT102286,F008,Bike,Visitor,2025-11-02,18,78,Credit Card,Paid,Two-Wheeler,25,0.0,47.5,0.89
PT102287,F003,Bike,Member,2025-06-05,19,84,Debit Card,Paid,Two-Wheeler,25,7.12,47.5,0.58
PT102288,F005,Car,Regular,2025-09-16,12,222,UPI,Pending,Open,50,20.0,200.0,0.73
PT102289,F005,EV Car,Visitor,2025-03-05,10,136,Debit Card,Paid,EV Parking,55,0.0,156.75,0.6
PT102290,F001,SUV,Member,2025-11-06,9,216,Credit Card,Paid,Open,65,0.0,208.0,0.93
PT102291,F006,SUV,Regular,2025-02-05,13,193,Credit Card,Paid,Covered,65,52.0,260.0,0.45
PT102292,F008,Car,Regular,2025-09-05,17,80,Cash,Paid,Covered,50,10.0,100.0,0.48
PT102293,F003,Car,Visitor,2025-02-13,18,81,UPI,Paid,Covered,50,5.0,100.0,0.76
PT102294,F008,Bike,Regular,2025-04-29,7,267,Cash,Pending,Two-Wheeler,25,0.0,112.5,0.43
PT102295,F008,Car,Member,2025-12-15,11,128,Credit Card,Paid,Covered,50,0.0,150.0,0.63
PT102296,F004,EV Car,Regular,2025-06-30,11,190,Credit Card,Paid,EV Parking,55,0.0,220.0,0.38
PT102297,F001,Car,Regular,2025-03-11,17,221,Cash,Paid,Covered,50,19.0,190.0,0.96
PT102298,F003,Bike,Regular,2025-12-24,13,105,Cash,Paid,Two-Wheeler,25,0.0,42.5,0.84
PT102299,F003,Car,Visitor,2025-09-24,12,86,Credit Card,Paid,Covered,50,0.0,90.0,0.39
PT102300,F008,Bike,Member,2025-08-07,20,20,Debit Card,Paid,Two-Wheeler,25,2.5,25.0,0.71
PT102301,F001,Car,Member,2025-07-09,19,41,Credit Card,Paid,Covered,50,7.5,50.0,0.99
PT102302,F005,Bike,Regular,2025-09-13,13,29,Credit Card,Paid,Two-Wheeler,25,2.25,22.5,0.58
PT102303,F003,Car,Visitor,2025-07-06,9,320,UPI,Paid,Covered,50,0.0,300.0,0.69
PT102304,F005,SUV,Regular,2025-08-15,10,210,UPI,Pending,Covered,65,0.0,208.0,0.82
PT102305,F001,Car,Visitor,2025-03-02,9,88,Cash,Paid,Covered,50,0.0,100.0,0.7
PT102306,F005,EV Car,Visitor,2025-06-17,15,87,UPI,Paid,EV Parking,55,0.0,93.5,0.49
PT102307,F002,SUV,Visitor,2025-05-12,14,53,UPI,Paid,Covered,65,0.0,65.0,0.5
PT102308,F004,Car,Visitor,2025-06-04,14,237,Debit Card,Paid,Covered,50,0.0,170.0,0.55
PT102309,F007,SUV,Visitor,2025-09-29,9,135,UPI,Paid,Open,65,9.75,195.0,0.89
PT102310,F003,Car,Regular,2025-07-29,17,125,UPI,Paid,Covered,50,22.5,150.0,0.96
PT102311,F006,EV Car,Regular,2025-01-07,14,46,Credit Card,Pending,EV Parking,55,11.0,55.0,0.58
PT102312,F004,Bike,Member,2025-01-11,9,168,Credit Card,Paid,Two-Wheeler,25,0.0,75.0,0.69
PT102313,F007,Car,Member,2025-07-19,16,278,Debit Card,Paid,Open,50,0.0,250.0,0.73
PT102314,F005,Car,Member,2025-09-08,21,50,Credit Card,Paid,Covered,50,0.0,42.5,0.7
PT102315,F003,Car,Member,2025-03-05,13,65,Credit Card,Paid,Open,50,0.0,100.0,0.4
PT102316,F005,EV Car,Member,2025-06-29,9,100,Debit Card,Failed,EV Parking,55,0.0,104.5,0.82
PT102317,F002,Car,Visitor,2025-05-08,9,131,Credit Card,Paid,Open,50,0.0,150.0,0.77
PT102318,F001,Bike,Regular,2025-09-19,7,273,Credit Card,Paid,Two-Wheeler,25,12.5,125.0,0.46
PT102319,F003,Bike,Member,2025-04-30,16,108,Cash,Paid,Two-Wheeler,25,0.0,47.5,0.58
PT102320,F007,EV Car,Regular,2025-02-17,15,70,UPI,Paid,EV Parking,55,16.5,110.0,0.8
PT102321,F007,Car,Regular,2025-03-10,14,171,UPI,Paid,Covered,50,0.0,135.0,0.54
PT102322,F002,Bike,Member,2025-09-19,16,155,UPI,Paid,Two-Wheeler,25,0.0,75.0,0.37
PT102323,F002,Bike,Visitor,2025-08-18,22,163,Credit Card,Paid,Two-Wheeler,25,0.0,67.5,0.45
PT102324,F008,SUV,Member,2025-09-09,13,90,UPI,Paid,Covered,65,0.0,130.0,0.37
PT102325,F003,Car,Regular,2025-08-19,15,77,Credit Card,Paid,Covered,50,0.0,95.0,0.5
PT102326,F005,Car,Member,2025-08-12,12,234,Cash,Paid,Covered,50,40.0,200.0,0.64
PT102327,F006,Car,Regular,2025-07-26,12,61,Credit Card,Paid,Covered,50,0.0,100.0,0.38
PT102328,F007,SUV,Regular,2025-12-07,18,90,UPI,Paid,Open,65,0.0,130.0,0.58
PT102329,F007,Car,Member,2025-01-28,14,197,Debit Card,Paid,Covered,50,10.0,200.0,0.21
PT102330,F002,Bike,Visitor,2025-12-31,9,138,UPI,Paid,Two-Wheeler,25,0.0,63.75,0.57
PT102331,F004,Car,Member,2025-08-07,13,63,Debit Card,Paid,Open,50,4.25,85.0,0.75
PT102332,F002,SUV,Regular,2025-12-03,17,166,Credit Card,Paid,Open,65,0.0,195.0,0.99
PT102333,F006,EV Car,Visitor,2025-04-11,19,84,UPI,Failed,EV Parking,55,9.9,99.0,0.73
PT102334,F005,Bike,Visitor,2025-02-27,15,175,Wallet,Paid,Two-Wheeler,25,0.0,67.5,0.71
PT102335,F005,Car,Member,2025-01-24,13,64,UPI,Paid,Covered,50,0.0,100.0,0.53
PT102336,F004,Car,Member,2025-08-15,11,153,Wallet,Paid,Open,50,6.38,127.5,0.45
PT102337,F007,Car,Regular,2025-06-18,13,321,UPI,Paid,Covered,50,40.5,270.0,0.83
PT102338,F002,Car,Member,2025-09-03,14,205,UPI,Paid,Open,50,0.0,180.0,0.5
PT102339,F008,Bike,Regular,2025-11-20,6,251,UPI,Paid,Two-Wheeler,25,5.31,106.25,0.64
PT102340,F005,Bike,Regular,2025-07-31,11,118,UPI,Paid,Two-Wheeler,25,0.0,50.0,0.47
PT102341,F006,EV Car,Regular,2025-12-29,15,124,Debit Card,Paid,EV Parking,55,0.0,140.25,0.25
PT102342,F003,Car,Member,2025-09-23,15,150,Debit Card,Paid,Covered,50,0.0,120.0,0.51
PT102343,F001,Bike,Regular,2025-01-21,15,36,Debit Card,Paid,Two-Wheeler,25,2.5,25.0,0.54
PT102344,F001,Bike,Visitor,2025-05-04,20,83,UPI,Paid,Two-Wheeler,25,0.0,50.0,0.6
PT102345,F001,Bike,Regular,2025-04-07,14,110,Credit Card,Paid,Two-Wheeler,25,5.0,50.0,0.51
PT102346,F008,Car,Regular,2025-05-18,11,51,Debit Card,Paid,Covered,50,0.0,50.0,0.41
PT102347,F007,Bike,Member,2025-12-04,17,139,Credit Card,Paid,Two-Wheeler,25,10.12,67.5,0.97
PT102348,F002,Bike,Member,2025-12-19,13,268,Debit Card,Paid,Two-Wheeler,25,11.25,112.5,0.42
PT102349,F004,SUV,Member,2025-04-03,11,96,Debit Card,Paid,Covered,65,0.0,130.0,0.48
PT102350,F008,EV Car,Regular,2025-04-05,14,173,UPI,Failed,EV Parking,55,0.0,165.0,0.47
PT102351,F008,Car,Member,2025-01-24,12,72,Debit Card,Paid,Covered,50,0.0,100.0,0.5
PT102352,F005,Car,Regular,2025-05-16,13,219,Debit Card,Paid,Covered,50,27.0,180.0,0.32
PT102353,F003,Bike,Regular,2025-11-30,15,102,Debit Card,Paid,Two-Wheeler,25,0.0,45.0,0.51
PT102354,F008,Bike,Regular,2025-05-13,22,125,UPI,Paid,Two-Wheeler,25,0.0,67.5,0.75
PT102355,F006,Car,Member,2025-02-23,15,34,UPI,Paid,Covered,50,0.0,50.0,0.51
PT102356,F003,SUV,Regular,2025-10-19,11,248,UPI,Paid,Open,65,29.25,292.5,0.69
PT102357,F006,EV Car,Regular,2025-04-22,9,111,UPI,Paid,EV Parking,55,0.0,99.0,0.5
PT102358,F007,EV Car,Member,2025-05-11,12,54,UPI,Paid,EV Parking,55,0.0,55.0,0.19
PT102359,F002,Car,Member,2025-10-05,6,96,Cash,Paid,Covered,50,18.0,90.0,0.69
PT102360,F001,SUV,Regular,2025-09-21,13,22,Debit Card,Paid,Open,65,0.0,65.0,0.51
PT102361,F008,SUV,Regular,2025-03-19,15,78,Credit Card,Paid,Covered,65,11.7,117.0,0.55
PT102362,F002,Bike,Member,2025-09-20,14,159,UPI,Paid,Two-Wheeler,25,0.0,71.25,0.52
PT102363,F007,Bike,Member,2025-03-09,18,241,Wallet,Paid,Two-Wheeler,25,0.0,106.25,0.9
PT102364,F004,SUV,Member,2025-03-03,14,137,UPI,Paid,Covered,65,24.86,165.75,0.37
PT102365,F004,Bike,Visitor,2025-12-29,13,91,Debit Card,Failed,Two-Wheeler,25,2.5,50.0,0.55
PT102366,F007,Car,Regular,2025-06-24,12,22,Wallet,Paid,Covered,50,2.5,50.0,0.61
PT102367,F006,Bike,Regular,2025-10-07,17,229,Debit Card,Paid,Two-Wheeler,25,0.0,100.0,0.68
PT102368,F005,Bike,Visitor,2025-08-24,19,43,Wallet,Paid,Two-Wheeler,25,0.0,25.0,0.7
PT102369,F005,Car,Regular,2025-05-16,21,106,Debit Card,Paid,Open,50,0.0,100.0,0.32
PT102370,F006,EV Car,Regular,2025-08-12,21,113,UPI,Paid,EV Parking,55,0.0,93.5,0.38
PT102371,F004,Bike,Member,2025-03-30,21,70,UPI,Paid,Two-Wheeler,25,0.0,50.0,0.21
PT102372,F004,Bike,Regular,2025-04-17,16,116,UPI,Paid,Two-Wheeler,25,0.0,42.5,0.63
PT102373,F008,Car,Member,2025-02-10,14,88,UPI,Paid,Covered,50,0.0,100.0,0.15
PT102374,F004,Bike,Regular,2025-07-05,10,114,Debit Card,Paid,Two-Wheeler,25,0.0,42.5,0.55
PT102375,F002,Car,Member,2025-07-07,16,33,UPI,Paid,Covered,50,0.0,42.5,0.55
PT102376,F004,Car,Member,2025-01-09,16,412,Cash,Paid,Open,50,0.0,315.0,0.47
PT102377,F003,Bike,Member,2025-06-29,17,99,UPI,Paid,Two-Wheeler,25,7.5,50.0,0.73
PT102378,F008,Car,Regular,2025-07-05,13,127,Credit Card,Paid,Covered,50,7.5,150.0,0.6
PT102379,F001,Bike,Regular,2025-03-23,18,147,Wallet,Paid,Two-Wheeler,25,0.0,60.0,0.71
PT102380,F004,Car,Regular,2025-06-26,16,176,UPI,Paid,Covered,50,7.5,150.0,0.54
PT102381,F006,Bike,Regular,2025-04-04,10,64,Debit Card,Paid,Two-Wheeler,25,5.0,50.0,0.81
PT102382,F001,Car,Regular,2025-04-26,11,164,Debit Card,Paid,Covered,50,0.0,150.0,0.54
PT102383,F002,EV Car,Regular,2025-06-09,17,287,UPI,Paid,EV Parking,55,0.0,275.0,0.71
PT102384,F006,Bike,Member,2025-09-02,13,170,Credit Card,Paid,Two-Wheeler,25,0.0,71.25,0.54
PT102385,F001,Bike,Visitor,2025-10-10,11,185,UPI,Paid,Two-Wheeler,25,0.0,95.0,0.75
PT102386,F006,Car,Member,2025-08-01,13,168,Debit Card,Paid,Covered,50,15.0,150.0,0.52
PT102387,F002,Car,Regular,2025-06-01,10,103,Debit Card,Paid,Covered,50,20.0,100.0,0.65
PT102388,F008,EV Car,Regular,2025-06-15,18,181,Credit Card,Paid,EV Parking,55,0.0,176.0,0.93
PT102389,F003,Car,Regular,2025-05-23,8,20,Debit Card,Paid,Open,50,5.0,50.0,0.99
PT102390,F002,Bike,Member,2025-01-25,12,175,UPI,Paid,Two-Wheeler,25,0.0,75.0,0.38
PT102391,F002,Bike,Regular,2025-07-19,14,76,Debit Card,Failed,Two-Wheeler,25,2.5,50.0,0.66
PT102392,F006,Car,Visitor,2025-08-21,18,107,Cash,Paid,Covered,50,10.0,100.0,0.62
PT102393,F008,SUV,Regular,2025-01-04,16,101,Cash,Paid,Open,65,0.0,130.0,0.71
PT102394,F007,Bike,Visitor,2025-10-15,7,119,Debit Card,Paid,Two-Wheeler,25,0.0,40.0,0.5
PT102395,F005,Car,Member,2025-06-22,17,34,UPI,Paid,Covered,50,2.25,45.0,0.99
PT102396,F004,Car,Regular,2025-07-03,15,65,Wallet,Paid,Open,50,20.0,100.0,0.52
PT102397,F004,Car,Member,2025-09-08,9,133,UPI,Paid,Covered,50,0.0,150.0,0.99
PT102398,F003,SUV,Visitor,2025-10-18,15,64,Debit Card,Paid,Covered,65,0.0,123.5,0.44
PT102399,F003,Bike,Member,2025-10-13,17,142,UPI,Paid,Two-Wheeler,25,0.0,63.75,0.56
PT102400,F004,Car,Regular,2025-12-25,14,244,Wallet,Paid,Covered,50,12.5,250.0,0.53
PT102401,F005,Car,Visitor,2025-04-22,22,113,Debit Card,Pending,Covered,50,5.0,100.0,0.75
PT102402,F004,Bike,Regular,2025-11-01,14,125,Debit Card,Paid,Two-Wheeler,25,7.12,71.25,0.5
PT102403,F007,Bike,Regular,2025-12-16,15,38,UPI,Paid,Two-Wheeler,25,2.5,25.0,0.82
PT102404,F005,Car,Member,2025-12-05,8,193,Debit Card,Paid,Covered,50,30.0,200.0,0.82
PT102405,F003,Car,Regular,2025-05-10,17,20,Debit Card,Paid,Covered,50,5.0,50.0,0.99
PT102406,F001,Car,Visitor,2025-07-06,15,92,Debit Card,Paid,Covered,50,0.0,100.0,0.51
PT102407,F006,Bike,Regular,2025-01-29,14,108,UPI,Paid,Two-Wheeler,25,2.5,50.0,0.67
PT102408,F007,EV Car,Member,2025-06-07,15,37,Credit Card,Paid,EV Parking,55,0.0,49.5,0.67
PT102409,F007,Car,Member,2025-08-23,14,44,UPI,Paid,Covered,50,0.0,47.5,0.47
PT102410,F008,Bike,Member,2025-10-05,16,34,Credit Card,Paid,Two-Wheeler,25,3.75,25.0,0.64
PT102411,F003,Bike,Regular,2025-04-12,14,64,UPI,Paid,Two-Wheeler,25,2.5,50.0,0.52
PT102412,F003,Bike,Member,2025-08-13,14,81,UPI,Paid,Two-Wheeler,25,10.0,50.0,0.71
PT102413,F002,Car,Regular,2025-10-02,9,36,UPI,Paid,Open,50,0.0,47.5,0.84
PT102414,F007,SUV,Regular,2025-11-19,13,68,UPI,Paid,Covered,65,0.0,130.0,0.39
PT102415,F002,Bike,Regular,2025-08-20,14,57,UPI,Paid,Two-Wheeler,25,0.0,21.25,0.5
PT102416,F002,Bike,Member,2025-12-08,15,47,Wallet,Paid,Two-Wheeler,25,0.0,25.0,0.45
PT102417,F006,Car,Regular,2025-10-01,13,275,Credit Card,Paid,Open,50,0.0,225.0,0.46
PT102418,F002,Car,Regular,2025-12-31,10,153,UPI,Paid,Open,50,0.0,150.0,0.67
PT102419,F005,Car,Regular,2025-04-23,10,32,Credit Card,Paid,Open,50,0.0,42.5,0.61
PT102420,F004,SUV,Visitor,2025-05-19,16,192,Debit Card,Paid,Covered,65,39.0,260.0,0.45
PT102421,F001,Car,Member,2025-08-04,15,284,Wallet,Paid,Covered,50,0.0,250.0,0.76
PT102422,F003,Bike,Regular,2025-11-10,11,316,UPI,Paid,Two-Wheeler,25,0.0,150.0,0.43
PT102423,F005,Car,Member,2025-10-01,13,191,UPI,Paid,Open,50,20.0,200.0,0.67
PT102424,F001,Car,Regular,2025-11-24,12,206,Wallet,Paid,Covered,50,0.0,200.0,0.71
PT102425,F007,Bike,,2025-12-15,10,62,UPI,Paid,Two-Wheeler,25,7.12,47.5,0.8
PT102426,F007,Car,Member,2025-07-03,12,101,UPI,Paid,Open,50,10.0,100.0,0.71
PT102427,F007,Car,Regular,2025-11-08,11,46,UPI,Paid,Open,50,0.0,50.0,0.31
PT102428,F005,Car,Regular,2025-07-13,8,156,UPI,Paid,Covered,50,6.0,120.0,0.58
PT102429,F005,Bike,Regular,2025-10-06,14,47,Wallet,Paid,Two-Wheeler,25,1.25,25.0,0.72
PT102430,F003,Bike,Member,2025-09-29,13,106,UPI,Paid,Two-Wheeler,25,4.75,47.5,0.55
PT102431,F004,Car,Member,2025-10-27,16,158,Wallet,Paid,Open,50,13.5,135.0,0.77
PT102432,F008,Bike,Regular,2025-03-13,15,435,Wallet,Paid,Two-Wheeler,25,16.0,160.0,0.27
PT102433,F002,Car,Member,2025-07-15,12,86,Credit Card,Paid,Open,50,5.0,100.0,0.74
PT102434,F007,Car,Regular,2025-09-27,14,117,UPI,Paid,Covered,50,0.0,95.0,0.56
PT102435,F006,Car,Member,2025-11-27,14,150,UPI,Paid,Open,50,7.5,150.0,0.44
PT102436,F004,SUV,Member,2025-08-28,19,257,Credit Card,Paid,Covered,65,65.0,325.0,0.95
PT102437,F006,Car,Regular,2025-04-18,21,214,UPI,Paid,Covered,50,10.0,200.0,0.28
PT102438,F003,Car,Regular,2025-10-19,17,158,Credit Card,Paid,Covered,50,7.12,142.5,0.59
PT102439,F003,Car,Regular,2025-10-27,14,114,Credit Card,Paid,Open,50,0.0,100.0,0.61
PT102440,F003,Car,Visitor,2025-04-10,19,184,Wallet,Paid,Open,50,20.0,200.0,0.43
PT102441,F001,Bike,Regular,2025-03-22,10,90,Credit Card,Paid,Two-Wheeler,25,10.0,50.0,0.83
PT102442,F006,Car,Regular,2025-09-27,15,157,Debit Card,Paid,Open,50,0.0,150.0,0.75
PT102443,F004,Car,Visitor,2025-12-15,13,47,Cash,Paid,Covered,50,0.0,47.5,0.61
PT102444,F008,Bike,Regular,2025-01-17,10,134,UPI,Paid,Two-Wheeler,25,0.0,67.5,0.76
PT102445,F004,Car,Regular,2025-07-12,8,76,UPI,Paid,Covered,50,0.0,100.0,0.79
PT102446,F005,SUV,Regular,2025-07-31,13,156,UPI,Failed,Covered,65,8.29,165.75,0.32
PT102447,F005,Bike,Visitor,2025-12-19,11,163,UPI,Paid,Two-Wheeler,25,0.0,75.0,0.28
PT102448,F007,Car,Member,2025-05-06,11,90,Credit Card,Paid,Open,50,0.0,100.0,0.51
PT102449,F008,Bike,Member,2025-11-06,12,371,UPI,Paid,Two-Wheeler,25,8.75,175.0,0.31
PT102450,F005,Car,Member,2025-05-06,16,97,Credit Card,Paid,Open,50,5.0,100.0,0.39
PT102451,F003,Bike,Member,2025-05-10,10,74,Wallet,Paid,Two-Wheeler,25,2.5,50.0,0.59
PT102452,F004,Bike,Member,2025-05-25,16,142,UPI,Pending,Two-Wheeler,25,7.12,71.25,0.69
PT102453,F006,Car,Regular,2025-09-13,16,90,Credit Card,Paid,Open,50,4.5,90.0,0.56
PT102454,F003,Bike,Regular,2025-01-23,14,86,UPI,Paid,Two-Wheeler,25,5.0,50.0,0.72
PT102455,F001,SUV,Member,2025-08-02,11,127,UPI,Pending,Open,65,9.75,195.0,0.17
PT102456,F005,EV Car,Regular,2025-05-09,8,67,Credit Card,Paid,EV Parking,55,0.0,99.0,0.73
PT102457,F003,Bike,Regular,2025-01-12,13,369,Wallet,Paid,Two-Wheeler,25,8.75,175.0,0.73
PT102458,F003,Car,Regular,2025-05-21,17,199,UPI,Paid,Open,50,0.0,200.0,0.99
PT102459,F001,Car,Regular,2025-09-25,9,52,UPI,Failed,Covered,50,0.0,50.0,0.62
PT102460,F002,Car,Visitor,2025-02-26,16,32,UPI,Paid,Open,50,0.0,50.0,0.46
PT102461,F004,Bike,Member,2025-03-27,13,73,UPI,Paid,Two-Wheeler,25,7.5,50.0,0.42
PT102462,F006,Car,Member,2025-10-01,18,239,UPI,Paid,Open,50,9.5,190.0,0.7
PT102463,F007,EV Car,Member,2025-04-13,12,250,Credit Card,Paid,EV Parking,55,0.0,275.0,0.61
PT102464,F002,Car,Regular,2025-12-05,15,299,UPI,Paid,Covered,50,12.5,250.0,0.29
PT102465,F005,Car,Regular,2025-12-16,16,88,Credit Card,Paid,Covered,50,0.0,95.0,0.66
PT102466,F003,Car,Member,2025-05-23,10,85,Credit Card,Paid,Open,50,9.0,90.0,0.5
PT102467,F008,SUV,Member,2025-11-30,10,103,Credit Card,Paid,Covered,65,13.0,130.0,0.79
PT102468,F001,Bike,Regular,2025-11-25,9,50,UPI,Paid,Two-Wheeler,25,1.25,25.0,0.99
PT102469,F001,Bike,Regular,2025-06-25,15,237,Wallet,Paid,Two-Wheeler,25,5.0,100.0,0.59
PT102470,F008,Car,Regular,2025-05-13,14,20,UPI,Paid,Covered,50,0.0,50.0,0.64
PT102471,F004,SUV,Regular,2025-12-10,8,124,Debit Card,Paid,Open,65,0.0,195.0,0.6
PT102472,F002,Car,Visitor,2025-09-21,12,20,UPI,Paid,Open,50,7.5,50.0,0.53
PT102473,F007,SUV,Member,2025-05-27,10,229,Credit Card,Paid,Open,65,24.7,247.0,0.7
PT102474,F004,Bike,Regular,2025-01-12,9,120,UPI,Paid,Two-Wheeler,25,0.0,47.5,0.83
PT102475,F008,Car,Member,2025-11-24,12,103,UPI,Pending,Covered,50,0.0,100.0,0.38
PT102476,F003,Bike,Regular,2025-02-24,9,119,UPI,Paid,Two-Wheeler,25,0.0,50.0,0.98
PT102477,F008,Bike,Regular,2025-08-18,11,37,UPI,Paid,Two-Wheeler,25,0.0,25.0,0.56
PT102478,F004,Car,Member,2025-05-02,14,68,Cash,Paid,Open,50,0.0,100.0,0.6
PT102479,F006,SUV,Regular,2025-12-15,14,135,Debit Card,Paid,Open,65,0.0,175.5,0.59
PT102480,F001,Bike,Regular,2025-08-21,10,38,UPI,Paid,Two-Wheeler,25,3.75,25.0,0.8
PT102481,F001,Car,Member,2025-06-11,10,177,Credit Card,Paid,Open,50,0.0,120.0,0.88
PT102482,F005,Car,Member,2025-03-23,18,158,Cash,Paid,Covered,50,0.0,135.0,0.53
PT102483,F005,Bike,Member,2025-02-16,10,78,Debit Card,Paid,Two-Wheeler,25,0.0,50.0,0.98
PT102484,F008,Bike,Regular,2025-12-30,7,234,UPI,Paid,Two-Wheeler,25,0.0,80.0,0.67
PT102485,F007,Car,Regular,2025-10-18,11,316,Cash,Paid,Open,50,28.5,285.0,0.41
PT102486,F003,Bike,Regular,2025-06-09,14,162,UPI,Paid,Two-Wheeler,25,0.0,63.75,0.4
PT102487,F006,Bike,Regular,2025-06-28,6,108,Credit Card,Paid,Two-Wheeler,25,5.0,50.0,0.45
PT102488,F002,EV Car,Regular,2025-12-28,21,53,Credit Card,Paid,EV Parking,55,5.22,52.25,0.55
PT102489,F004,Bike,Regular,2025-07-27,11,134,Cash,Paid,Two-Wheeler,25,0.0,63.75,0.28
PT102490,F007,SUV,Regular,2025-02-09,11,93,Wallet,Paid,Covered,65,6.18,123.5,0.4
PT102491,F003,Car,Regular,2025-08-02,16,233,Wallet,Paid,Covered,50,32.0,160.0,0.33
PT102492,F005,Car,Visitor,2025-12-18,11,357,UPI,Paid,Covered,50,0.0,240.0,0.78
PT102493,F008,Car,Member,2025-06-03,13,25,Wallet,Paid,Covered,50,0.0,45.0,0.62
PT102494,F004,Bike,,2025-12-04,14,266,UPI,Paid,Two-Wheeler,25,18.75,125.0,0.5
PT102495,F005,SUV,Member,2025-10-20,7,102,UPI,Paid,Covered,65,16.58,110.5,0.41
PT102496,F008,Car,Regular,2025-06-15,17,197,Credit Card,Paid,Open,50,0.0,180.0,0.63
PT102497,F004,Car,Regular,2025-09-29,14,127,Credit Card,Paid,Open,50,7.5,150.0,0.7
PT102498,F002,SUV,Member,2025-01-24,12,201,Credit Card,Failed,Open,65,0.0,260.0,0.41
PT102499,F003,Car,Visitor,2025-04-25,13,129,Credit Card,Paid,Open,50,12.75,127.5,0.7
PT102500,F004,Bike,Visitor,2025-12-17,8,88,Wallet,Paid,Two-Wheeler,25,0.0,45.0,0.25
PT102501,F006,Bike,Visitor,2025-09-17,16,37,UPI,Paid,Two-Wheeler,25,0.0,25.0,0.65
PT102502,F007,SUV,Member,2025-11-02,14,123,UPI,Paid,Covered,65,9.26,185.25,0.61
PT102503,F001,Car,Visitor,2025-12-30,19,151,Wallet,Paid,Covered,50,25.5,127.5,0.78
PT102504,F006,Car,Member,2025-08-14,13,300,UPI,Paid,Covered,50,23.75,237.5,0.59
PT102505,F006,Bike,Member,2025-04-12,17,37,Credit Card,Paid,Two-Wheeler,25,0.0,25.0,0.68
PT102506,F007,EV Car,Regular,2025-05-11,10,177,Debit Card,Paid,EV Parking,55,0.0,156.75,0.93
PT102507,F001,Car,Regular,2025-09-21,8,79,Credit Card,Paid,Covered,50,15.0,100.0,0.99
PT102508,F006,Car,Member,2025-01-12,20,124,Debit Card,Paid,Covered,50,21.38,142.5,0.65
PT102509,F004,Bike,Regular,2025-11-18,11,181,UPI,Paid,Two-Wheeler,25,0.0,95.0,0.69
PT102510,F004,EV Car,Regular,2025-06-30,17,35,Cash,Paid,EV Parking,55,2.75,55.0,0.79
PT102511,F004,SUV,Regular,2025-12-15,11,223,UPI,Paid,Covered,65,0.0,234.0,0.28
PT102512,F001,EV Car,Regular,2025-06-10,10,20,UPI,Paid,EV Parking,55,0.0,55.0,0.93
PT102513,F006,Car,Member,2025-04-24,16,123,UPI,Paid,Open,50,0.0,150.0,0.42
PT102514,F008,Car,Visitor,2025-01-18,16,339,Credit Card,Paid,Covered,50,0.0,300.0,0.53
PT102515,F001,Bike,Member,2025-04-14,17,206,Debit Card,Paid,Two-Wheeler,25,0.0,85.0,0.92
PT102516,F004,SUV,Regular,2025-07-05,18,156,Wallet,Paid,Open,65,18.52,185.25,0.95
PT102517,F007,Car,Member,2025-12-08,13,78,Debit Card,Paid,Covered,50,0.0,90.0,0.32
PT102518,F006,Car,Visitor,2025-04-03,13,50,Credit Card,Paid,Covered,50,0.0,50.0,0.52
PT102519,F006,SUV,Member,2025-10-28,16,121,Wallet,Failed,Covered,65,0.0,195.0,0.35
PT102520,F005,Car,Regular,2025-05-23,14,131,Credit Card,Paid,Covered,50,0.0,150.0,0.4
PT102521,F005,Car,Regular,2025-05-23,20,26,Credit Card,Failed,Covered,50,0.0,45.0,0.91
PT102522,F002,Bike,Visitor,2025-10-28,12,119,Credit Card,Paid,Two-Wheeler,25,2.38,47.5,0.76
PT102523,F008,Bike,Member,2025-04-10,7,272,UPI,Paid,Two-Wheeler,25,0.0,125.0,0.35
PT102524,F008,SUV,Regular,2025-03-03,14,136,Cash,Paid,Covered,65,8.78,175.5,0.31
PT102525,F003,Car,Member,2025-03-25,12,30,UPI,Paid,Open,50,7.5,50.0,0.39
PT102526,F008,Bike,Visitor,2025-10-03,12,74,Credit Card,Paid,Two-Wheeler,25,0.0,47.5,0.43
PT102527,F005,Bike,Regular,2025-06-16,14,21,Debit Card,Paid,Two-Wheeler,25,3.19,21.25,0.4
PT102528,F001,Bike,Regular,2025-10-22,19,126,Wallet,Paid,Two-Wheeler,25,11.25,75.0,0.99
PT102529,F008,Bike,Regular,2025-05-09,11,171,Cash,Paid,Two-Wheeler,25,6.75,67.5,0.68
PT102530,F005,Car,Member,2025-12-30,12,242,Credit Card,Paid,Open,50,11.88,237.5,0.85
PT102531,F002,Car,Member,2025-03-08,18,124,Debit Card,Paid,Covered,50,6.38,127.5,0.76
PT102532,F006,Car,Regular,2025-02-16,18,211,UPI,Paid,Open,50,10.0,200.0,0.89
PT102533,F008,Car,Visitor,2025-11-06,11,123,Credit Card,Pending,Covered,50,7.5,150.0,0.34
PT102534,F002,Bike,Regular,2025-05-28,15,62,Wallet,Paid,Two-Wheeler,25,0.0,50.0,0.44
PT102535,F006,SUV,Visitor,2025-09-07,13,162,Wallet,Paid,Covered,65,39.0,195.0,0.43
PT102536,F007,SUV,Member,2025-05-17,19,139,Cash,Paid,Covered,65,9.75,195.0,0.83
PT102537,F007,SUV,Visitor,2025-04-05,16,63,UPI,Paid,Covered,65,13.0,130.0,0.54
PT102538,F006,Car,Regular,2025-08-26,14,132,Cash,Paid,Covered,50,0.0,150.0,0.22
PT102539,F008,Car,Regular,2025-10-11,17,94,Wallet,Paid,Covered,50,0.0,90.0,0.88
PT102540,F003,Car,Regular,2025-11-16,22,105,UPI,Paid,Open,50,0.0,85.0,0.6
PT102541,F005,Car,Regular,2025-02-04,13,39,Credit Card,Paid,Covered,50,0.0,50.0,0.67
PT102542,F001,Car,Regular,2025-10-23,12,41,Debit Card,Paid,Covered,50,0.0,42.5,0.48
PT102543,F001,Bike,Regular,2025-12-24,14,154,Credit Card,Paid,Two-Wheeler,25,0.0,75.0,0.57
PT102544,F004,EV Car,Regular,2025-09-15,15,29,Wallet,Paid,EV Parking,55,0.0,55.0,0.59
PT102545,F006,Car,Member,2025-09-27,15,171,Credit Card,Paid,Open,50,0.0,127.5,0.85
PT102546,F001,Car,Member,2025-12-21,13,40,Debit Card,Paid,Open,50,0.0,42.5,0.25
PT102547,F008,SUV,Member,2025-11-20,12,100,Debit Card,Paid,Covered,65,24.7,123.5,0.7
PT102548,F003,Car,Regular,2025-02-16,17,58,Credit Card,Paid,Open,50,0.0,42.5,0.88
PT102549,F006,SUV,Regular,2025-04-04,20,236,Cash,Paid,Covered,65,0.0,260.0,0.84
PT102550,F003,SUV,Regular,2025-07-01,18,49,Credit Card,Pending,Covered,65,0.0,65.0,0.77
PT102551,F008,EV Car,Regular,2025-07-09,15,96,UPI,Paid,EV Parking,55,0.0,93.5,0.57
PT102552,F001,Car,Member,2025-02-20,12,157,UPI,Paid,Covered,50,0.0,150.0,0.55
PT102553,F001,Bike,Regular,2025-07-25,15,83,UPI,Paid,Two-Wheeler,25,2.12,42.5,0.56
PT102554,F004,Bike,Member,2025-10-31,9,150,Debit Card,Paid,Two-Wheeler,25,15.0,75.0,0.66
PT102555,F001,Bike,Regular,2025-11-29,14,85,Wallet,Paid,Two-Wheeler,25,0.0,47.5,0.45
PT102556,F006,Bike,Member,2025-05-05,16,104,UPI,Paid,Two-Wheeler,25,2.25,45.0,0.54
PT102557,F008,Car,Regular,2025-07-31,11,116,UPI,Paid,Covered,50,0.0,85.0,0.31
PT102558,F007,Bike,Regular,2025-09-23,14,186,UPI,Paid,Two-Wheeler,25,0.0,80.0,0.59
PT102559,F008,Bike,Regular,2025-05-15,8,290,Debit Card,Paid,Two-Wheeler,25,0.0,125.0,0.76
PT102560,F006,SUV,Regular,2025-09-30,17,162,Wallet,Paid,Covered,65,0.0,195.0,0.65
PT102561,F006,SUV,Member,2025-10-05,12,106,Debit Card,Paid,Open,65,5.2,104.0,0.49
PT102562,F004,Bike,Member,2025-11-11,14,119,Credit Card,Paid,Two-Wheeler,25,2.5,50.0,0.62
PT102563,F004,Car,Regular,2025-10-27,12,184,Credit Card,Paid,Covered,50,19.0,190.0,0.52
PT102564,F001,SUV,Regular,2025-09-24,14,251,UPI,Paid,Covered,65,0.0,325.0,0.6
PT102565,F002,Bike,Regular,2025-10-25,16,332,Debit Card,Paid,Two-Wheeler,25,7.5,150.0,0.54
PT102566,F008,SUV,Member,2025-10-06,12,25,Credit Card,Paid,Open,65,0.0,65.0,0.61
PT102567,F008,EV Car,Regular,2025-08-02,14,26,Debit Card,Paid,EV Parking,55,0.0,55.0,0.67
PT102568,F002,Car,Regular,2025-03-03,17,129,Cash,Paid,Open,50,0.0,142.5,0.56
PT102569,F004,SUV,Regular,2025-02-23,15,64,Debit Card,Paid,Covered,65,5.85,117.0,0.4
PT102570,F001,Car,Visitor,2025-12-04,8,24,Debit Card,Paid,Covered,50,9.5,47.5,0.8
PT102571,F002,Car,Regular,2025-12-31,14,194,Wallet,Paid,Open,50,0.0,200.0,0.49
PT102572,F001,Bike,Member,2025-04-22,12,339,Wallet,Paid,Two-Wheeler,25,7.5,150.0,0.42
PT102573,F001,Car,Member,2025-09-26,15,154,Credit Card,Paid,Open,50,12.75,127.5,0.17
PT102574,F001,SUV,Regular,2025-11-20,6,233,UPI,Paid,Covered,65,26.0,260.0,0.72
PT102575,F005,Car,Regular,2025-04-17,12,171,Credit Card,Paid,Open,50,0.0,142.5,0.38
PT102576,F006,Car,Member,2025-10-10,8,20,Debit Card,Paid,Open,50,2.5,50.0,0.92
PT102577,F001,Bike,Visitor,2025-06-17,19,99,UPI,Paid,Two-Wheeler,25,2.12,42.5,0.62
PT102578,F005,SUV,Member,2025-03-15,18,91,UPI,Paid,Covered,65,19.5,130.0,0.91
PT102579,F004,EV Car,Regular,2025-08-24,20,250,UPI,Paid,EV Parking,55,0.0,275.0,0.53
PT102580,F002,SUV,Member,2025-04-02,15,154,Debit Card,Paid,Covered,65,29.25,195.0,0.44
PT102581,F006,Bike,Visitor,2025-03-26,17,92,Credit Card,Paid,Two-Wheeler,25,0.0,42.5,0.59
PT102582,F007,Car,Regular,2025-03-16,15,251,UPI,Paid,Covered,50,21.25,212.5,0.81
PT102583,F002,Car,Member,2025-03-25,14,205,UPI,Paid,Covered,50,0.0,200.0,0.44
PT102584,F006,Car,Visitor,2025-09-02,17,48,,Paid,Covered,50,0.0,50.0,0.69
PT102585,F007,Bike,Member,2025-08-16,16,120,UPI,Paid,Two-Wheeler,25,0.0,42.5,0.34
PT102586,F002,Bike,Regular,2025-03-24,16,96,UPI,Failed,Two-Wheeler,25,0.0,40.0,0.61
PT102587,F006,Car,Regular,2025-01-15,18,45,Debit Card,Paid,Open,50,0.0,50.0,0.84
PT102588,F002,SUV,Regular,2025-10-28,19,42,Credit Card,Paid,Covered,65,0.0,61.75,0.94
PT102589,F002,Bike,Visitor,2025-06-30,13,141,UPI,Paid,Two-Wheeler,25,0.0,60.0,0.62
PT102590,F007,Car,Visitor,2025-12-04,12,102,Debit Card,Paid,Open,50,0.0,95.0,0.47
PT102591,F002,Car,Visitor,2025-09-20,14,66,UPI,Pending,Covered,50,10.0,100.0,0.27
PT102592,F002,SUV,Member,2025-03-19,9,84,Debit Card,Paid,Covered,65,19.5,130.0,0.66
PT102593,F007,SUV,Member,2025-08-17,19,174,UPI,Paid,Covered,65,8.78,175.5,0.82
PT102594,F004,SUV,Regular,2025-08-21,21,265,UPI,Paid,Covered,65,0.0,260.0,0.75
PT102595,F001,Car,Regular,2025-01-30,15,67,Debit Card,Failed,Covered,50,0.0,95.0,0.79
PT102596,F008,EV Car,Regular,2025-06-04,16,102,Debit Card,Pending,EV Parking,55,16.5,110.0,0.36
PT102597,F003,Car,Member,2025-11-01,12,143,UPI,Pending,Open,50,0.0,150.0,0.51
PT102598,F005,Car,Regular,2025-07-04,18,54,UPI,Paid,Open,50,0.0,42.5,0.8
PT102599,F003,EV Car,Visitor,2025-12-23,19,312,Cash,Paid,EV Parking,55,49.5,330.0,0.82
PT102600,F003,Car,Regular,2025-09-12,8,71,Debit Card,Paid,Covered,50,18.0,90.0,0.81
PT102601,F006,Bike,Member,2025-06-18,9,44,UPI,Paid,Two-Wheeler,25,0.0,25.0,0.65
PT102602,F001,Car,Member,2025-03-22,11,66,Debit Card,Paid,Covered,50,5.0,100.0,0.5
PT102603,F006,Bike,Member,2025-10-13,15,52,UPI,Paid,Two-Wheeler,25,0.0,23.75,0.45
PT102604,F001,EV Car,Regular,2025-07-29,10,154,Credit Card,Paid,EV Parking,55,16.5,165.0,0.8
PT102605,F007,Car,Visitor,2025-09-16,11,21,UPI,Paid,Open,50,0.0,50.0,0.73
PT102606,F007,Bike,Member,2025-02-06,13,152,UPI,Paid,Two-Wheeler,25,0.0,67.5,0.52
PT102607,F008,Car,Regular,2025-10-13,15,50,UPI,Paid,Covered,50,2.5,50.0,0.4
PT102608,F001,Bike,Regular,2025-02-23,21,133,Credit Card,Paid,Two-Wheeler,25,0.0,75.0,0.75
PT102609,F002,Car,Member,2025-07-31,16,115,Credit Card,Paid,Open,50,5.0,100.0,0.53
PT102610,F004,Car,Regular,2025-12-08,14,41,Credit Card,Paid,Open,50,0.0,50.0,0.51
PT102611,F008,Car,Regular,2025-04-10,7,120,UPI,Paid,Covered,50,15.0,100.0,0.55
PT102612,F008,Car,Regular,2025-03-26,14,140,UPI,Paid,Open,50,15.0,150.0,0.57
PT102613,F002,EV Car,Regular,2025-08-01,11,119,Debit Card,Paid,EV Parking,55,0.0,110.0,0.85
PT102614,F004,Car,Regular,2025-09-21,12,46,UPI,Paid,Open,50,5.0,50.0,0.88
PT102615,F006,Car,Member,2025-03-27,11,234,Debit Card,Paid,Covered,50,0.0,200.0,0.6
PT102616,F004,Bike,Member,2025-03-04,12,260,UPI,Paid,Two-Wheeler,25,0.0,125.0,0.62
PT102617,F006,Car,Member,2025-07-11,8,166,Credit Card,Paid,Open,50,0.0,150.0,0.74
PT102618,F007,SUV,Regular,2025-04-03,14,130,Credit Card,Paid,Covered,65,27.79,185.25,0.36
PT102619,F003,EV Car,Member,2025-09-10,7,91,Wallet,Paid,EV Parking,55,11.0,110.0,0.73
PT102620,F007,Bike,Member,2025-05-18,15,53,UPI,Paid,Two-Wheeler,25,3.75,25.0,0.23
PT102621,F007,SUV,Regular,2025-02-18,16,191,UPI,Paid,Covered,65,37.05,247.0,0.52
PT102622,F003,Bike,Regular,2025-05-01,13,187,Credit Card,Paid,Two-Wheeler,25,17.0,85.0,0.69
PT102623,F004,Car,Member,2025-02-08,16,130,Wallet,Paid,Open,50,0.0,150.0,0.6
PT102624,F008,Bike,Member,2025-02-03,20,190,Wallet,Paid,Two-Wheeler,25,15.0,100.0,0.94
PT102625,F004,Bike,Regular,2025-12-24,12,20,Credit Card,Paid,Two-Wheeler,25,1.25,25.0,0.44
PT102626,F006,Bike,Member,2025-09-23,15,303,Credit Card,Failed,Two-Wheeler,25,0.0,150.0,0.49
PT102627,F002,SUV,Regular,2025-01-09,12,95,Debit Card,Paid,Covered,65,6.5,130.0,0.62
PT102628,F006,Bike,Regular,2025-07-07,13,64,Credit Card,Paid,Two-Wheeler,25,0.0,50.0,0.52
PT102629,F002,EV Car,Member,2025-04-06,7,156,Debit Card,Paid,EV Parking,55,0.0,156.75,0.42
PT102630,F007,SUV,Member,2025-05-13,8,187,Cash,Paid,Open,65,0.0,260.0,0.93
PT102631,F003,Bike,Member,2025-06-12,17,68,Debit Card,Paid,Two-Wheeler,25,0.0,50.0,0.84
PT102632,F007,Bike,Member,2025-05-19,9,253,Credit Card,Paid,Two-Wheeler,25,0.0,118.75,0.62
PT102633,F001,Car,Visitor,2025-10-25,15,214,Credit Card,Paid,Open,50,28.5,190.0,0.35
PT102634,F004,EV Car,Regular,2025-03-21,15,364,Debit Card,Pending,EV Parking,55,19.25,385.0,0.53
PT102635,F002,Bike,Regular,2025-04-01,22,253,Credit Card,Paid,Two-Wheeler,25,0.0,125.0,0.44
PT102636,F006,Car,Regular,2025-09-13,15,177,Credit Card,Paid,Covered,50,0.0,150.0,0.49
PT102637,F003,Car,Member,2025-05-28,9,70,UPI,Paid,Covered,50,0.0,100.0,0.62
PT102638,F002,Bike,Member,2025-06-28,15,113,UPI,Paid,Two-Wheeler,25,0.0,50.0,0.64
PT102639,F006,Car,Regular,2025-09-14,14,104,Credit Card,Paid,Covered,50,10.0,100.0,0.69
PT102640,F004,Car,Visitor,2025-08-06,19,59,Cash,Paid,Covered,50,0.0,47.5,0.61
PT102641,F007,Bike,Regular,2025-09-24,15,372,UPI,Pending,Two-Wheeler,25,14.88,148.75,0.34
PT102642,F004,Car,Regular,2025-11-13,14,57,Credit Card,Paid,Open,50,5.0,50.0,0.71
PT102643,F005,Bike,Regular,2025-03-20,15,42,UPI,Paid,Two-Wheeler,25,1.25,25.0,0.67
PT102644,F001,Car,Member,2025-06-16,13,114,UPI,Paid,Covered,50,15.0,100.0,0.41
PT102645,F005,Car,Member,2025-04-14,14,143,Wallet,Paid,Covered,50,0.0,150.0,0.59
PT102646,F003,Bike,Member,2025-10-31,16,359,Cash,Paid,Two-Wheeler,25,20.25,135.0,0.52
PT102647,F002,Bike,Regular,2025-12-04,8,59,UPI,Paid,Two-Wheeler,25,2.25,22.5,0.67
PT102648,F003,Car,Member,2025-10-11,15,60,Debit Card,Paid,Covered,50,4.25,42.5,0.62
PT102649,F007,Car,Regular,2025-12-11,8,200,UPI,Paid,Open,50,9.0,180.0,0.76
PT102650,F006,Bike,Regular,2025-08-03,18,208,Wallet,Paid,Two-Wheeler,25,10.0,100.0,0.82
PT102651,F004,Car,Regular,2025-03-16,20,148,UPI,Paid,Open,50,28.5,142.5,0.94
PT102652,F005,Car,Member,2025-08-13,16,127,UPI,Paid,Open,50,0.0,142.5,0.35
PT102653,F008,Car,Regular,2025-12-02,16,151,Credit Card,Paid,Covered,50,15.0,150.0,0.77
PT102654,F005,SUV,Regular,2025-10-19,20,65,Cash,Paid,Covered,65,13.0,130.0,0.79
PT102655,F007,SUV,Member,2025-12-09,11,42,UPI,Paid,Open,65,0.0,65.0,0.62
PT102656,F005,SUV,Member,2025-03-11,11,67,Debit Card,Paid,Covered,65,17.55,117.0,0.33
PT102657,F007,SUV,Regular,2025-12-29,13,59,UPI,Paid,Covered,65,0.0,65.0,0.6
PT102658,F008,Bike,Member,2025-07-09,6,192,Wallet,Paid,Two-Wheeler,25,4.25,85.0,0.3
PT102659,F003,Bike,Visitor,2025-04-16,20,57,UPI,Paid,Two-Wheeler,25,0.0,25.0,0.83
PT102660,F004,Bike,Regular,2025-03-11,7,60,Wallet,Paid,Two-Wheeler,25,0.0,25.0,0.53
PT102661,F002,Car,Member,2025-01-10,14,105,Credit Card,Paid,Open,50,10.0,100.0,0.37
PT102662,F006,Bike,Regular,2025-08-02,12,118,Credit Card,Paid,Two-Wheeler,25,0.0,50.0,0.56
PT102663,F002,SUV,Regular,2025-01-05,9,194,Wallet,Paid,Open,65,0.0,260.0,0.65
PT102664,F003,Bike,Member,2025-01-28,7,131,Wallet,Pending,Two-Wheeler,25,0.0,60.0,0.39
PT102665,F006,Car,Member,2025-11-11,11,38,Debit Card,Paid,Covered,50,0.0,50.0,0.56
PT102666,F005,Car,Regular,2025-08-29,9,45,UPI,Paid,Covered,50,5.0,50.0,0.67
PT102667,F008,Bike,Member,2025-08-24,20,94,Credit Card,Paid,Two-Wheeler,25,7.5,50.0,0.99
PT102668,F008,Bike,Member,2025-04-02,11,63,Credit Card,Paid,Two-Wheeler,25,0.0,50.0,0.48
PT102669,F001,SUV,Member,2025-11-14,9,79,Credit Card,Paid,Covered,65,6.18,123.5,0.75
PT102670,F003,Car,Member,2025-12-11,16,37,Credit Card,Paid,Open,50,0.0,50.0,0.62
PT102671,F003,SUV,Regular,2025-12-29,13,99,UPI,Paid,Covered,65,6.18,123.5,0.41
PT102672,F004,Bike,Regular,2025-02-07,17,232,Debit Card,Paid,Two-Wheeler,25,0.0,95.0,0.76
PT102673,F002,SUV,Regular,2025-08-07,17,61,Debit Card,Pending,Covered,65,0.0,130.0,0.8
PT102674,F003,Bike,Regular,2025-06-01,22,36,UPI,Paid,Two-Wheeler,25,0.0,25.0,0.81
PT102675,F003,Bike,Visitor,2025-07-11,17,122,Credit Card,Paid,Two-Wheeler,25,3.38,67.5,0.8
PT102676,F005,Bike,Member,2025-05-01,11,30,Credit Card,Paid,Two-Wheeler,25,0.0,25.0,0.69
PT102677,F005,SUV,Member,2025-06-20,14,79,Debit Card,Paid,Open,65,0.0,130.0,0.7
PT102678,F006,EV Car,Regular,2025-04-20,14,127,UPI,Paid,EV Parking,55,14.02,140.25,0.24
PT102679,F007,Car,Regular,2025-05-24,14,151,Debit Card,Paid,Covered,50,13.5,135.0,0.29
PT102680,F007,Car,Regular,2025-03-07,12,68,UPI,Paid,Covered,50,0.0,100.0,0.57
PT102681,F001,EV Car,Member,2025-11-18,11,256,Credit Card,Paid,EV Parking,55,27.5,275.0,0.45
PT102682,F007,Bike,Member,2025-07-16,16,217,Debit Card,Paid,Two-Wheeler,25,14.25,95.0,0.56
PT102683,F004,Bike,Regular,2025-02-15,9,129,Debit Card,Failed,Two-Wheeler,25,0.0,75.0,0.66
PT102684,F001,Bike,Visitor,2025-05-29,7,210,UPI,Paid,Two-Wheeler,25,5.0,100.0,0.86
PT102685,F006,Car,Regular,2025-03-01,13,96,Credit Card,Paid,Covered,50,0.0,100.0,0.57
PT102686,F005,SUV,Member,2025-05-18,16,98,Wallet,Paid,Covered,65,11.05,110.5,0.67
PT102687,F007,SUV,Regular,2025-03-31,18,250,UPI,Paid,Covered,65,0.0,325.0,0.92
PT102688,F002,Car,Member,2025-07-31,14,182,Cash,Paid,Covered,50,10.0,200.0,0.7
PT102689,F005,Car,Member,2025-06-18,17,106,Debit Card,Paid,Open,50,0.0,100.0,0.87
PT102690,F008,SUV,Member,2025-04-23,7,77,Debit Card,Paid,Open,65,0.0,130.0,0.4
PT102691,F004,Car,Regular,2025-12-07,13,83,UPI,Paid,Covered,50,15.0,100.0,0.73
PT102692,F005,SUV,Regular,2025-03-07,9,294,UPI,Paid,Covered,65,0.0,292.5,0.99
PT102693,F004,Car,Regular,2025-10-29,14,230,Wallet,Paid,Open,50,30.0,200.0,0.56
PT102694,F004,Bike,Member,2025-04-28,19,91,UPI,Pending,Two-Wheeler,25,10.0,50.0,0.87
PT102695,F004,EV Car,Member,2025-08-13,6,20,UPI,Paid,EV Parking,55,8.25,55.0,0.34
PT102696,F006,Bike,Member,2025-05-31,15,102,Credit Card,Paid,Two-Wheeler,25,0.0,50.0,0.65
PT102697,F004,Car,Visitor,2025-06-16,17,254,UPI,Paid,Covered,50,25.0,250.0,0.99
PT102698,F004,Bike,Regular,2025-04-05,16,154,Debit Card,Paid,Two-Wheeler,25,0.0,75.0,0.59
PT102699,F008,Car,Member,2025-09-17,6,272,Debit Card,Paid,Covered,50,0.0,250.0,0.45
PT102700,F002,Car,Regular,2025-09-16,10,53,Cash,Paid,Covered,50,7.5,50.0,0.58
PT102701,F001,EV Car,Regular,2025-04-30,9,47,Debit Card,Paid,EV Parking,55,2.48,49.5,0.71
PT102702,F003,SUV,Visitor,2025-03-15,8,131,UPI,Paid,Covered,65,0.0,195.0,0.59
PT102703,F008,Bike,,2025-12-28,16,158,UPI,Paid,Two-Wheeler,25,0.0,75.0,0.85
PT102704,F001,Car,Member,2025-04-06,13,183,Debit Card,Paid,Covered,50,16.0,160.0,0.56
PT102705,F004,Car,Regular,2025-10-19,16,89,UPI,Paid,Covered,50,8.5,85.0,0.63
PT102706,F002,Car,Regular,2025-06-26,12,50,Wallet,Paid,Open,50,0.0,47.5,0.22
PT102707,F005,Bike,Member,2025-01-27,9,132,Debit Card,Paid,Two-Wheeler,25,11.25,75.0,0.74
PT102708,F002,SUV,Regular,2025-11-05,16,156,UPI,Paid,Covered,65,0.0,195.0,0.35
PT102709,F008,Bike,Regular,2025-11-01,15,151,Cash,Failed,Two-Wheeler,25,0.0,63.75,0.69
PT102710,F004,SUV,Member,2025-07-30,9,142,UPI,Paid,Covered,65,8.29,165.75,0.88
PT102711,F002,Car,Regular,2025-12-24,19,194,UPI,Paid,Open,50,40.0,200.0,0.37
PT102712,F007,Car,Regular,2025-09-14,12,298,Debit Card,Paid,Covered,50,0.0,250.0,0.61
PT102713,F002,Car,Member,2025-11-14,15,27,Cash,Paid,Open,50,0.0,50.0,0.65
PT102714,F004,Bike,Member,2025-07-24,7,131,Credit Card,Paid,Two-Wheeler,25,0.0,75.0,0.4
PT102715,F006,Car,Regular,2025-12-21,13,82,UPI,Pending,Covered,50,15.0,100.0,0.48
PT102716,F007,EV Car,Member,2025-03-07,20,314,UPI,Paid,EV Parking,55,0.0,330.0,0.78
PT102717,F002,Car,Visitor,2025-05-30,18,196,UPI,Paid,Covered,50,0.0,200.0,0.77
PT102718,F003,EV Car,Member,2025-06-16,11,128,UPI,Paid,EV Parking,55,33.0,165.0,0.51
PT102719,F003,Bike,Member,2025-08-08,18,237,UPI,Paid,Two-Wheeler,25,0.0,85.0,0.88
PT102720,F002,EV Car,Member,2025-10-27,12,140,Credit Card,Paid,EV Parking,55,7.42,148.5,0.55
PT102721,F006,Bike,Regular,2025-09-15,18,156,Wallet,Paid,Two-Wheeler,25,0.0,75.0,0.91
PT102722,F005,EV Car,Regular,2025-07-22,16,56,UPI,Paid,EV Parking,55,5.5,55.0,0.7
PT102723,F004,Car,Regular,2025-08-28,12,91,UPI,Paid,Covered,50,0.0,100.0,0.59
PT102724,F003,SUV,Member,2025-11-11,19,147,Cash,Paid,Covered,65,0.0,185.25,0.82
PT102725,F005,EV Car,Regular,2025-08-17,13,112,Debit Card,Paid,EV Parking,55,0.0,110.0,0.25
PT102726,F002,Car,Member,2025-06-05,12,101,Wallet,Paid,Open,50,9.5,95.0,0.52
PT102727,F008,Car,Member,2025-08-06,11,99,UPI,Paid,Covered,50,10.0,100.0,0.53
PT102728,F005,Bike,Member,2025-07-14,19,123,UPI,Paid,Two-Wheeler,25,0.0,75.0,0.99
PT102729,F007,EV Car,Member,2025-09-27,16,221,Credit Card,Paid,EV Parking,55,0.0,220.0,0.59
PT102730,F001,Bike,Regular,2025-01-16,12,193,Credit Card,Paid,Two-Wheeler,25,12.75,85.0,0.39
PT102731,F003,Bike,Member,2025-08-29,11,264,Credit Card,Pending,Two-Wheeler,25,0.0,125.0,0.7
PT102732,F002,Car,Member,2025-09-09,11,92,Credit Card,Paid,Open,50,0.0,80.0,0.66
PT102733,F008,Car,Regular,2025-02-20,11,59,UPI,Paid,Covered,50,2.5,50.0,0.44
PT102734,F004,SUV,Member,2025-12-22,9,271,Credit Card,Paid,Covered,65,0.0,325.0,0.69
PT102735,F008,Car,Regular,2025-01-28,13,157,Debit Card,Paid,Covered,50,0.0,135.0,0.42
PT102736,F006,Bike,Regular,2025-02-22,7,101,Credit Card,Paid,Two-Wheeler,25,0.0,45.0,0.27
PT102737,F007,EV Car,Member,2025-11-04,6,183,Debit Card,Paid,EV Parking,55,0.0,220.0,0.75
PT102738,F002,Car,Regular,2025-04-26,15,103,Credit Card,Paid,Covered,50,0.0,100.0,0.53
PT102739,F004,Bike,Regular,2025-01-09,8,220,UPI,Paid,Two-Wheeler,25,9.5,95.0,0.78
PT102740,F006,Car,Member,2025-01-11,17,262,UPI,Paid,Covered,50,12.5,250.0,0.99
PT102741,F006,Bike,Visitor,2025-04-17,9,46,UPI,Failed,Two-Wheeler,25,0.0,25.0,0.74
PT102742,F002,Car,Regular,2025-10-28,14,59,UPI,Paid,Covered,50,5.0,50.0,0.37
PT102743,F007,SUV,Visitor,2025-12-07,15,113,Debit Card,Paid,Open,65,0.0,130.0,0.7
PT102744,F005,Car,Regular,2025-09-15,11,101,Cash,Paid,Covered,50,9.5,95.0,0.54
PT102745,F005,Bike,Member,2025-07-01,18,69,UPI,Paid,Two-Wheeler,25,0.0,50.0,0.74
PT102746,F006,Bike,Member,2025-06-19,13,104,UPI,Paid,Two-Wheeler,25,5.0,50.0,0.49
PT102747,F005,Car,Member,2025-11-21,12,289,Wallet,Paid,Covered,50,0.0,250.0,0.47
PT102748,F001,SUV,Regular,2025-05-19,19,55,UPI,Paid,Covered,65,0.0,65.0,0.81
PT102749,F006,Car,Visitor,2025-10-12,18,56,UPI,Pending,Covered,50,0.0,40.0,0.64
PT102750,F006,Bike,Regular,2025-04-21,15,59,UPI,Paid,Two-Wheeler,25,0.0,20.0,0.45
PT102751,F004,Car,Member,2025-04-02,12,205,Debit Card,Paid,Open,50,0.0,200.0,0.79
PT102752,F005,Bike,Member,2025-08-08,13,133,UPI,Paid,Two-Wheeler,25,7.5,75.0,0.52
PT102753,F007,Car,Regular,2025-01-05,15,173,Credit Card,Paid,Covered,50,15.0,150.0,0.53
PT102754,F006,Bike,Visitor,2025-01-20,10,40,UPI,Paid,Two-Wheeler,25,0.0,22.5,0.54
PT102755,F008,Car,Member,2025-04-11,14,82,UPI,Paid,Covered,50,15.0,100.0,0.41
PT102756,F007,SUV,Member,2025-10-22,16,92,UPI,Paid,Covered,65,13.0,130.0,0.59
PT102757,F001,Car,Member,2025-06-06,15,255,Debit Card,Paid,Covered,50,33.75,225.0,0.61
PT102758,F004,SUV,Member,2025-01-01,16,47,Credit Card,Paid,Covered,65,3.09,61.75,0.48
PT102759,F002,SUV,Regular,2025-07-31,18,181,UPI,Paid,Covered,65,13.0,260.0,0.91
PT102760,F007,Car,Regular,2025-04-29,20,130,UPI,Paid,Covered,50,0.0,150.0,0.86
PT102761,F006,Bike,Regular,2025-09-17,13,222,Debit Card,Pending,Two-Wheeler,25,4.75,95.0,0.58
PT102762,F001,Car,Regular,2025-06-24,8,66,Cash,Failed,Covered,50,15.0,100.0,0.72
PT102763,F003,Car,Member,2025-05-14,17,97,UPI,Paid,Covered,50,0.0,100.0,0.9
PT102764,F001,SUV,Member,2025-04-12,9,372,Credit Card,Paid,Covered,65,0.0,455.0,0.96
PT102765,F001,Bike,Regular,2025-03-03,11,156,UPI,Failed,Two-Wheeler,25,0.0,60.0,0.71
PT102766,F004,Bike,Regular,2025-02-23,15,142,UPI,Failed,Two-Wheeler,25,11.25,75.0,0.59
PT102767,F002,Car,Regular,2025-11-01,16,161,UPI,Paid,Open,50,0.0,150.0,0.53
PT102768,F003,Car,Member,2025-01-07,15,118,Debit Card,Paid,Open,50,4.5,90.0,0.68
PT102769,F005,Car,Member,2025-12-22,13,50,UPI,Paid,Covered,50,5.0,50.0,0.49
PT102770,F005,SUV,Member,2025-01-03,19,51,Cash,Paid,Open,65,13.0,65.0,0.76
PT102771,F007,Bike,Regular,2025-11-28,17,119,Debit Card,Paid,Two-Wheeler,25,0.0,40.0,0.69
PT102772,F001,SUV,Regular,2025-12-01,15,159,Cash,Failed,Covered,65,19.5,195.0,0.54
PT102773,F008,Car,Regular,2025-05-29,13,69,UPI,Paid,Covered,50,12.75,85.0,0.41
PT102774,F004,Car,Regular,2025-10-15,13,121,UPI,Paid,Covered,50,0.0,135.0,0.26
PT102775,F008,Car,Regular,2025-01-12,10,179,Wallet,Paid,Covered,50,14.25,142.5,0.94
PT102776,F004,Car,Regular,2025-04-14,16,152,Debit Card,Paid,Covered,50,0.0,127.5,0.88
PT102777,F005,Car,Member,2025-04-21,18,242,Cash,Paid,Covered,50,12.5,250.0,0.64
PT102778,F007,SUV,Regular,2025-09-20,17,20,UPI,Paid,Covered,65,0.0,65.0,0.86
PT102779,F007,SUV,Regular,2025-06-22,14,61,UPI,Pending,Covered,65,0.0,130.0,0.45
PT102780,F007,Bike,Member,2025-04-05,17,52,Debit Card,Paid,Two-Wheeler,25,0.0,20.0,0.99
PT102781,F003,Bike,Regular,2025-11-17,17,33,UPI,Paid,Two-Wheeler,25,0.0,25.0,0.38
PT102782,F002,Car,Regular,2025-07-22,17,67,Credit Card,Paid,Covered,50,0.0,100.0,0.99
PT102783,F003,SUV,Regular,2025-02-14,21,86,Credit Card,Paid,Covered,65,5.85,117.0,0.3
PT102784,F006,Car,Visitor,2025-02-03,17,53,UPI,Paid,Covered,50,0.0,50.0,0.7
PT102785,F006,EV Car,Regular,2025-07-30,11,175,UPI,Paid,EV Parking,55,0.0,156.75,0.68
PT102786,F008,Bike,Regular,2025-08-13,17,32,UPI,Paid,Two-Wheeler,25,1.12,22.5,0.86
PT102787,F002,Car,Member,2025-09-21,12,57,UPI,Paid,Covered,50,2.25,45.0,0.48
PT102788,F005,EV Car,Regular,2025-10-28,14,81,Debit Card,Paid,EV Parking,55,0.0,104.5,0.45
PT102789,F002,Car,Regular,2025-08-14,17,34,UPI,Paid,Covered,50,7.5,50.0,0.72
PT102790,F004,Bike,Regular,2025-04-14,12,172,UPI,Pending,Two-Wheeler,25,0.0,71.25,0.52
PT102791,F006,Bike,Regular,2025-08-09,7,20,Cash,Paid,Two-Wheeler,25,2.5,25.0,0.24
PT102792,F001,Car,Visitor,2025-11-30,16,177,Credit Card,Paid,Covered,50,0.0,142.5,0.55
PT102793,F001,Bike,Member,2025-10-28,19,124,UPI,Paid,Two-Wheeler,25,7.5,75.0,0.96
PT102794,F005,Bike,Member,2025-05-03,19,178,Debit Card,Paid,Two-Wheeler,25,15.0,75.0,0.73
PT102795,F004,SUV,,2025-08-10,17,49,Wallet,Paid,Covered,65,5.52,55.25,0.53
PT102796,F008,Car,Regular,2025-02-12,19,89,UPI,Paid,Open,50,4.75,95.0,0.83
PT102797,F003,EV Car,Visitor,2025-07-29,17,54,Credit Card,Paid,EV Parking,55,2.75,55.0,0.6
PT102798,F004,Car,Regular,2025-12-03,7,99,Credit Card,Paid,Open,50,0.0,90.0,0.55
PT102799,F001,Car,Regular,2025-01-11,12,45,UPI,Pending,Covered,50,2.25,45.0,0.41
PT102800,F001,Car,Regular,2025-08-04,12,130,Debit Card,Paid,Covered,50,12.75,127.5,0.51
PT102801,F008,Car,Member,2025-06-13,11,226,Wallet,Paid,Open,50,36.0,180.0,0.52
PT102802,F006,Car,Regular,2025-08-13,17,138,Wallet,Paid,Covered,50,0.0,135.0,0.71
PT102803,F004,EV Car,Member,2025-08-13,14,53,UPI,Paid,EV Parking,55,0.0,49.5,0.62
PT102804,F004,Car,Member,2025-09-03,17,156,UPI,Paid,Covered,50,7.5,150.0,0.66
PT102805,F001,Car,Regular,2025-05-26,14,93,Wallet,Paid,Covered,50,0.0,100.0,0.4
PT102806,F003,Car,Member,2025-07-10,14,86,Credit Card,Paid,Covered,50,0.0,100.0,0.4
PT102807,F005,SUV,Member,2025-09-18,13,113,UPI,Paid,Covered,65,0.0,130.0,0.31
PT102808,F007,SUV,Member,2025-10-14,16,401,Debit Card,Paid,Open,65,38.67,386.75,0.27
PT102809,F005,Car,Member,2025-01-16,15,98,UPI,Paid,Covered,50,0.0,100.0,0.46
PT102810,F004,Car,Member,2025-07-13,12,350,UPI,Paid,Covered,50,0.0,300.0,0.57
PT102811,F005,Car,Regular,2025-01-09,22,155,Cash,Paid,Covered,50,0.0,127.5,0.42
PT102812,F001,Car,Regular,2025-01-02,13,108,UPI,Paid,Open,50,15.0,100.0,0.76
PT102813,F001,Car,Visitor,2025-10-20,12,291,UPI,Paid,Covered,50,12.5,250.0,0.51
PT102814,F008,Bike,Regular,2025-03-25,15,232,UPI,Failed,Two-Wheeler,25,0.0,95.0,0.5
PT102815,F004,Car,Regular,2025-07-28,11,278,Credit Card,Paid,Open,50,0.0,237.5,0.55
PT102816,F008,Bike,Regular,2025-02-27,17,20,UPI,Paid,Two-Wheeler,25,1.25,25.0,0.9
PT102817,F004,Car,Member,2025-12-05,15,111,Credit Card,Paid,Covered,50,0.0,90.0,0.45
PT102818,F007,EV Car,Member,2025-04-16,18,211,Debit Card,Paid,EV Parking,55,11.0,220.0,0.89
PT102819,F007,EV Car,Regular,2025-05-16,12,253,Cash,Paid,EV Parking,55,0.0,275.0,0.44
PT102820,F006,Bike,Regular,2025-11-04,18,40,UPI,Paid,Two-Wheeler,25,3.75,25.0,0.99
PT102821,F004,Car,Regular,2025-11-27,14,170,Cash,Pending,Covered,50,0.0,127.5,0.85
PT102822,F003,Car,Regular,2025-03-18,8,125,UPI,Paid,Covered,50,6.0,120.0,0.79
PT102823,F005,Car,Member,2025-11-21,10,183,Debit Card,Paid,Covered,50,0.0,180.0,0.64
PT102824,F004,SUV,Visitor,2025-07-29,11,249,Credit Card,Paid,Covered,65,52.0,260.0,0.54
PT102825,F002,Bike,Regular,2025-08-20,16,114,UPI,Failed,Two-Wheeler,25,10.0,50.0,0.65
PT102826,F006,SUV,Regular,2025-05-05,11,80,Debit Card,Paid,Open,65,12.35,123.5,0.72
PT102827,F002,EV Car,Regular,2025-06-29,14,168,UPI,Paid,EV Parking,55,0.0,140.25,0.64
PT102828,F001,Car,Member,2025-10-17,15,282,UPI,Paid,Covered,50,0.0,250.0,0.55
PT102829,F007,Bike,Member,2025-08-02,16,156,UPI,Pending,Two-Wheeler,25,7.5,75.0,0.59
PT102830,F005,Car,Member,2025-04-07,16,261,Debit Card,Paid,Covered,50,22.5,225.0,0.69
PT102831,F004,Car,Member,2025-09-06,16,54,UPI,Paid,Covered,50,0.0,50.0,0.49
PT102832,F002,Car,Member,2025-08-09,11,152,UPI,Paid,Open,50,0.0,150.0,0.54
PT102833,F005,Car,Regular,2025-01-13,14,153,UPI,Paid,Covered,50,0.0,135.0,0.6
PT102834,F001,SUV,Visitor,2025-11-02,12,153,Credit Card,Pending,Open,65,19.5,195.0,0.57
PT102835,F007,Car,Visitor,2025-04-01,16,96,Credit Card,Paid,Covered,50,4.25,85.0,0.75
PT102836,F003,Bike,Regular,2025-07-12,16,37,UPI,Paid,Two-Wheeler,25,1.12,22.5,0.56
PT102837,F006,Bike,Member,2025-07-18,11,167,UPI,Paid,Two-Wheeler,25,3.0,60.0,0.39
PT102838,F005,Bike,Member,2025-09-17,15,287,Credit Card,Pending,Two-Wheeler,25,0.0,125.0,0.52
PT102839,F005,Car,Regular,2025-03-05,8,296,Debit Card,Paid,Covered,50,0.0,250.0,0.99
PT102840,F003,SUV,Member,2025-11-26,16,61,Debit Card,Paid,Covered,65,0.0,117.0,0.23
PT102841,F005,Bike,Regular,2025-08-20,16,73,Cash,Paid,Two-Wheeler,25,4.75,47.5,0.63
PT102842,F001,Bike,Visitor,2025-08-15,12,216,UPI,Pending,Two-Wheeler,25,0.0,90.0,0.43
PT102843,F001,Car,Regular,2025-06-16,17,72,Wallet,Paid,Open,50,0.0,85.0,0.89
PT102844,F003,Bike,Regular,2025-09-08,18,136,UPI,Paid,Two-Wheeler,25,0.0,75.0,0.99
PT102845,F006,SUV,Member,2025-07-05,10,20,Wallet,Paid,Covered,65,0.0,52.0,0.7
PT102846,F004,Bike,Regular,2025-09-06,12,73,UPI,Paid,Two-Wheeler,25,2.25,45.0,0.36
PT102847,F002,SUV,Member,2025-09-29,11,128,Credit Card,Paid,Covered,65,0.0,165.75,0.55
PT102848,F004,Bike,Member,2025-12-06,12,109,UPI,Paid,Two-Wheeler,25,0.0,50.0,0.77
PT102849,F005,Car,Regular,2025-05-18,13,227,UPI,Paid,Covered,50,19.0,190.0,0.52
PT102850,F002,Car,Regular,2025-04-19,14,119,Cash,Paid,Covered,50,0.0,90.0,0.99
PT102851,F008,Car,Regular,2025-11-14,7,79,Debit Card,Paid,Covered,50,0.0,100.0,0.71
PT102852,F003,Bike,Regular,2025-02-13,8,109,Wallet,Paid,Two-Wheeler,25,0.0,50.0,0.55
PT102853,F003,SUV,Regular,2025-12-08,15,186,Credit Card,Paid,Covered,65,23.4,234.0,0.58
PT102854,F006,Car,Regular,2025-12-03,13,108,Credit Card,Paid,Open,50,0.0,100.0,0.75
PT102855,F002,Bike,Visitor,2025-07-20,8,57,UPI,Paid,Two-Wheeler,25,2.25,22.5,0.62
PT102856,F001,Bike,,2025-04-14,13,24,Wallet,Paid,Two-Wheeler,25,3.0,20.0,0.61
PT102857,F002,Car,Regular,2025-04-30,13,155,Credit Card,Paid,Open,50,7.5,150.0,0.5
PT102858,F005,Car,Regular,2025-12-28,15,50,Debit Card,Paid,Covered,50,0.0,42.5,0.46
PT102859,F001,Car,Regular,2025-01-28,9,114,UPI,Paid,Covered,50,10.0,100.0,0.58
PT102860,F007,Car,Member,2025-04-17,22,20,Credit Card,Paid,Open,50,0.0,50.0,0.67
PT102861,F007,Car,Member,2025-10-07,13,106,Wallet,Paid,Open,50,0.0,100.0,0.55
PT102862,F008,Car,Regular,2025-01-28,15,100,UPI,Paid,Covered,50,0.0,100.0,0.56
PT102863,F007,Car,Regular,2025-07-05,19,66,UPI,Paid,Open,50,0.0,100.0,0.73
PT102864,F003,Bike,Regular,2025-07-14,7,68,UPI,Paid,Two-Wheeler,25,0.0,45.0,0.54
PT102865,F002,Car,Regular,2025-05-26,14,194,Debit Card,Paid,Covered,50,0.0,200.0,0.37
PT102866,F007,EV Car,Member,2025-09-17,14,287,UPI,Paid,EV Parking,55,0.0,275.0,0.59
PT102867,F004,Car,Member,2025-12-26,8,148,UPI,Paid,Covered,50,0.0,150.0,0.79
PT102868,F006,Car,Regular,2025-06-26,15,110,UPI,Paid,Covered,50,4.0,80.0,0.65
PT102869,F004,Car,Regular,2025-05-08,11,205,Credit Card,Pending,Covered,50,28.5,190.0,0.66
PT102870,F007,Car,Visitor,2025-04-16,15,266,UPI,Paid,Open,50,0.0,250.0,0.7
PT102871,F008,SUV,Member,2025-12-18,12,64,UPI,Paid,Covered,65,5.52,110.5,0.69
PT102872,F006,Car,Regular,2025-07-30,16,168,Wallet,Paid,Covered,50,0.0,135.0,0.5
PT102873,F005,EV Car,Regular,2025-12-15,20,28,Wallet,Paid,EV Parking,55,0.0,55.0,0.7
PT102874,F004,SUV,Visitor,2025-11-18,18,125,UPI,Paid,Open,65,0.0,195.0,0.91
PT102875,F008,Bike,Visitor,2025-11-10,13,137,Debit Card,Paid,Two-Wheeler,25,0.0,75.0,0.47
PT102876,F002,Bike,Regular,2025-01-11,11,154,Credit Card,Paid,Two-Wheeler,25,0.0,75.0,0.69
PT102877,F002,Bike,Visitor,2025-12-26,22,36,UPI,Paid,Two-Wheeler,25,0.0,22.5,0.34
PT102878,F004,Car,Regular,2025-11-17,15,81,UPI,Paid,Open,50,0.0,100.0,0.4
PT102879,F007,Bike,Member,2025-01-17,13,349,Credit Card,Paid,Two-Wheeler,25,0.0,150.0,0.58
PT102880,F008,Car,Regular,2025-12-02,13,46,UPI,Paid,Covered,50,0.0,47.5,0.8
PT102881,F002,Car,Member,2025-03-07,9,220,UPI,Paid,Open,50,0.0,190.0,0.7
PT102882,F005,Bike,Regular,2025-04-23,14,20,Cash,Paid,Two-Wheeler,25,0.0,22.5,0.64
PT102883,F001,Bike,Visitor,2025-05-12,10,146,Credit Card,Paid,Two-Wheeler,25,0.0,75.0,0.79
PT102884,F007,SUV,Regular,2025-03-12,12,222,Debit Card,Paid,Covered,65,0.0,260.0,0.53
PT102885,F008,Car,Member,2025-03-02,14,49,UPI,Paid,Covered,50,0.0,50.0,0.52
PT102886,F005,SUV,Member,2025-11-10,20,139,Credit Card,Paid,Open,65,0.0,195.0,0.94
PT102887,F008,Car,Member,2025-09-01,15,141,UPI,Paid,Covered,50,0.0,142.5,0.49
PT102888,F006,Car,Member,2025-11-05,12,116,Credit Card,Paid,Open,50,14.25,95.0,0.54
PT102889,F005,Car,Member,2025-01-05,9,159,Debit Card,Pending,Covered,50,0.0,150.0,0.97
PT102890,F007,Car,Regular,2025-11-13,16,224,Debit Card,Paid,Covered,50,0.0,200.0,0.64
PT102891,F006,Car,Regular,2025-01-21,13,67,UPI,Paid,Covered,50,0.0,100.0,0.65
PT102892,F007,Bike,Regular,2025-07-05,8,106,Debit Card,Paid,Two-Wheeler,25,9.5,47.5,0.84
PT102893,F002,SUV,Member,2025-07-28,15,42,Wallet,Paid,Covered,65,2.92,58.5,0.43
PT102894,F001,Bike,Member,2025-08-19,12,189,Debit Card,Paid,Two-Wheeler,25,4.25,85.0,0.44
PT102895,F007,Bike,Member,2025-01-14,13,112,UPI,Paid,Two-Wheeler,25,10.0,50.0,0.77
PT102896,F007,SUV,Member,2025-12-18,17,80,Debit Card,Paid,Covered,65,0.0,110.5,0.75
PT102897,F002,SUV,Regular,2025-03-20,9,151,UPI,Paid,Covered,65,33.15,165.75,0.6
PT102898,F003,Bike,Member,2025-07-01,12,36,Cash,Paid,Two-Wheeler,25,0.0,23.75,0.6
PT102899,F002,Car,Regular,2025-03-19,12,135,Credit Card,Paid,Covered,50,7.5,150.0,0.57
PT102900,F006,SUV,Visitor,2025-10-24,6,83,UPI,Paid,Covered,65,0.0,110.5,0.3
PT102901,F002,Bike,Regular,2025-09-29,17,20,UPI,Paid,Two-Wheeler,25,0.0,25.0,0.6
PT102902,F002,Car,Regular,2025-02-20,17,112,UPI,Paid,Covered,50,14.25,95.0,0.7
PT102903,F001,Car,Member,2025-09-14,15,86,Wallet,Paid,Covered,50,0.0,100.0,0.34
PT102904,F002,SUV,Visitor,2025-10-23,18,134,UPI,Paid,Open,65,33.15,165.75,0.67
PT102905,F008,Car,Member,2025-01-18,11,169,Credit Card,Paid,Covered,50,0.0,150.0,0.34
PT102906,F007,EV Car,Member,2025-10-17,11,156,Wallet,Paid,EV Parking,55,8.25,165.0,0.87
PT102907,F008,Car,Member,2025-08-06,8,216,UPI,Paid,Covered,50,40.0,200.0,0.99
PT102908,F001,SUV,Member,2025-04-10,14,105,Credit Card,Paid,Open,65,0.0,110.5,0.49
PT102909,F004,Car,Regular,2025-05-29,14,83,Credit Card,Failed,Open,50,15.0,100.0,0.48
PT102910,F003,Bike,Visitor,2025-06-04,17,93,Credit Card,Paid,Two-Wheeler,25,2.5,50.0,0.85
PT102911,F008,SUV,Regular,2025-04-12,13,262,UPI,Paid,Open,65,29.25,292.5,0.51
PT102912,F001,Car,Regular,2025-04-25,11,48,UPI,Paid,Covered,50,0.0,50.0,0.62
PT102913,F006,Bike,Regular,2025-09-27,17,86,Credit Card,Paid,Two-Wheeler,25,0.0,47.5,0.72
PT102914,F004,Car,Regular,2025-04-02,13,50,Wallet,Paid,Covered,50,2.12,42.5,0.6
PT102915,F001,Car,,2025-01-21,20,50,UPI,Paid,Covered,50,0.0,50.0,0.76
PT102916,F001,Car,Regular,2025-04-30,14,214,UPI,Paid,Covered,50,0.0,200.0,0.34
PT102917,F003,Bike,Regular,2025-01-19,9,74,UPI,Paid,Two-Wheeler,25,0.0,50.0,0.88
PT102918,F007,Car,Regular,2025-01-24,18,118,Cash,Paid,Open,50,14.25,95.0,0.81
PT102919,F008,Car,Regular,2025-01-26,18,50,UPI,Failed,Open,50,0.0,42.5,0.8
PT102920,F006,Car,Member,2025-06-02,13,47,Cash,Paid,Covered,50,4.0,40.0,0.56
PT102921,F005,Bike,Member,2025-10-28,7,172,UPI,Pending,Two-Wheeler,25,13.5,67.5,0.34
PT102922,F008,SUV,Regular,2025-12-30,7,300,Wallet,Paid,Covered,65,0.0,325.0,0.75
PT102923,F005,Car,Visitor,2025-07-21,12,64,Credit Card,Paid,Covered,50,0.0,100.0,0.75
PT102924,F001,Car,Regular,2025-05-19,16,110,Debit Card,Paid,Covered,50,5.0,100.0,0.43
PT102925,F002,EV Car,Visitor,2025-10-07,12,96,UPI,Paid,EV Parking,55,0.0,110.0,0.6
PT102926,F006,Car,Member,2025-01-24,6,98,Debit Card,Paid,Open,50,5.0,100.0,0.58
PT102927,F004,SUV,Regular,2025-01-12,17,45,UPI,Paid,Covered,65,3.25,65.0,0.66
PT102928,F002,SUV,Regular,2025-05-15,20,36,UPI,Paid,Covered,65,2.92,58.5,0.97
PT102929,F002,SUV,Visitor,2025-03-22,12,134,UPI,Failed,Covered,65,0.0,195.0,0.8
PT102930,F008,Car,Member,2025-12-21,8,65,Cash,Paid,Covered,50,5.0,100.0,0.69
PT102931,F006,SUV,Regular,2025-03-11,12,26,Debit Card,Paid,Open,65,3.25,65.0,0.53
PT102932,F007,SUV,Member,2025-07-23,17,143,Credit Card,Paid,Covered,65,0.0,195.0,0.75
PT102933,F001,Bike,Regular,2025-03-20,14,73,Credit Card,Paid,Two-Wheeler,25,2.5,50.0,0.7
PT102934,F001,Car,Visitor,2025-10-06,13,126,UPI,Paid,Covered,50,22.5,150.0,0.73
PT102935,F001,Car,Member,2025-07-18,12,68,Cash,Paid,Open,50,4.5,90.0,0.31
PT102936,F001,Car,Regular,2025-10-21,9,134,Debit Card,Paid,Covered,50,0.0,150.0,0.5
PT102937,F008,Bike,Visitor,2025-10-12,12,164,Debit Card,Paid,Two-Wheeler,25,0.0,63.75,0.52
PT102938,F005,Bike,Member,2025-06-05,13,202,Credit Card,Paid,Two-Wheeler,25,0.0,85.0,0.6
PT102939,F001,Car,Regular,2025-03-17,15,341,Wallet,Paid,Covered,50,0.0,300.0,0.47
PT102940,F005,Bike,Member,2025-08-07,11,62,Cash,Paid,Two-Wheeler,25,0.0,50.0,0.55
PT102941,F005,Car,Member,2025-11-20,18,102,Debit Card,Paid,Covered,50,20.0,100.0,0.81
PT102942,F007,Bike,Regular,2025-10-04,13,90,UPI,Pending,Two-Wheeler,25,0.0,40.0,0.47
PT102943,F001,EV Car,Regular,2025-09-22,13,32,Credit Card,Paid,EV Parking,55,5.5,55.0,0.59
PT102944,F003,Car,Regular,2025-02-18,14,136,Credit Card,Paid,Covered,50,0.0,150.0,0.52
PT102945,F004,Car,Member,2025-04-08,10,117,UPI,Pending,Covered,50,0.0,90.0,0.8
PT102946,F002,Car,Visitor,2025-10-20,9,82,UPI,Paid,Covered,50,0.0,100.0,0.77
PT102947,F005,Bike,Regular,2025-01-21,12,83,UPI,Paid,Two-Wheeler,25,0.0,45.0,0.73
PT102948,F006,SUV,Member,2025-01-23,7,132,Credit Card,Paid,Covered,65,19.5,195.0,0.58
PT102949,F006,EV Car,Regular,2025-05-18,12,113,Credit Card,Paid,EV Parking,55,22.0,110.0,0.47
PT102950,F004,Car,Member,2025-08-18,15,85,UPI,Paid,Covered,50,15.0,100.0,0.59
PT102951,F006,EV Car,Member,2025-11-22,17,220,Debit Card,Paid,EV Parking,55,0.0,220.0,0.78
PT102952,F003,Car,Regular,2025-12-23,14,294,Credit Card,Paid,Covered,50,25.0,250.0,0.61
PT102953,F006,Bike,Regular,2025-01-29,15,20,UPI,Pending,Two-Wheeler,25,0.0,23.75,0.63
PT102954,F002,Car,Member,2025-11-11,17,50,UPI,Paid,Covered,50,7.5,50.0,0.89
PT102955,F002,SUV,Regular,2025-01-21,16,95,Cash,Paid,Covered,65,0.0,104.0,0.75
PT102956,F005,Bike,Member,2025-12-08,12,49,Debit Card,Paid,Two-Wheeler,25,0.0,25.0,0.56
PT102957,F001,Bike,Regular,2025-04-09,14,85,UPI,Paid,Two-Wheeler,25,0.0,50.0,0.64
PT102958,F007,SUV,Member,2025-03-04,11,267,Wallet,Failed,Covered,65,0.0,325.0,0.52
PT102959,F003,Car,Regular,2025-10-29,14,106,UPI,Pending,Covered,50,0.0,100.0,0.55
PT102960,F005,Car,Member,2025-05-13,13,137,Wallet,Paid,Covered,50,22.5,150.0,0.54
PT102961,F003,SUV,Regular,2025-01-15,12,46,UPI,Paid,Covered,65,6.18,61.75,0.49
PT102962,F001,Car,Regular,2025-04-15,10,94,UPI,Paid,Open,50,18.0,90.0,0.76
PT102963,F008,Car,Member,2025-04-21,14,140,Credit Card,Paid,Covered,50,0.0,150.0,0.45
PT102964,F006,Bike,Member,2025-12-05,16,34,UPI,Paid,Two-Wheeler,25,1.19,23.75,0.67
PT102965,F006,Bike,Regular,2025-12-02,14,68,Credit Card,Paid,Two-Wheeler,25,0.0,47.5,0.5
PT102966,F007,Car,Member,2025-04-21,8,20,Debit Card,Paid,Open,50,0.0,40.0,0.88
PT102967,F001,Car,Regular,2025-12-29,19,127,Cash,Paid,Covered,50,0.0,142.5,0.79
PT102968,F005,Car,Regular,2025-12-09,6,42,UPI,Paid,Open,50,0.0,50.0,0.4
PT102969,F007,Bike,Regular,2025-01-04,18,114,,Paid,Two-Wheeler,25,2.38,47.5,0.64
PT102970,F001,SUV,Visitor,2025-06-01,16,72,UPI,Paid,Covered,65,0.0,130.0,0.73
PT102971,F004,EV Car,Regular,2025-02-11,9,164,UPI,Paid,EV Parking,55,0.0,165.0,0.66
PT102972,F002,Bike,Regular,2025-01-26,11,251,Debit Card,Pending,Two-Wheeler,25,5.62,112.5,0.36
PT102973,F007,Car,Regular,2025-12-28,12,352,UPI,Paid,Open,50,0.0,300.0,0.62
PT102974,F007,EV Car,Visitor,2025-07-13,19,183,Debit Card,Pending,EV Parking,55,26.4,176.0,0.52
PT102975,F005,Bike,Member,2025-12-26,21,83,Credit Card,Paid,Two-Wheeler,25,0.0,50.0,0.35
PT102976,F003,Car,Regular,2025-01-08,8,176,UPI,Paid,Covered,50,15.0,150.0,0.68
PT102977,F004,EV Car,Visitor,2025-03-14,13,264,Credit Card,Paid,EV Parking,55,13.75,275.0,0.72
PT102978,F005,SUV,Regular,2025-03-19,10,190,UPI,Paid,Covered,65,26.0,260.0,0.82
PT102979,F001,SUV,Member,2025-05-28,11,283,Credit Card,Paid,Open,65,32.5,325.0,0.76
PT102980,F001,SUV,Visitor,2025-11-18,21,279,Debit Card,Paid,Covered,65,48.75,325.0,0.62
PT102981,F001,Car,Regular,2025-03-09,21,143,Credit Card,Paid,Covered,50,7.5,150.0,0.55
PT102982,F008,Car,Regular,2025-12-21,13,201,UPI,Paid,Covered,50,0.0,200.0,0.66
PT102983,F001,Bike,Regular,2025-07-02,10,235,Debit Card,Paid,Two-Wheeler,25,0.0,100.0,0.96
PT102984,F003,Car,Member,2025-11-30,14,72,UPI,Pending,Open,50,4.75,95.0,0.89
PT102985,F004,Bike,Member,2025-03-26,12,74,Debit Card,Failed,Two-Wheeler,25,0.0,50.0,0.31
PT102986,F006,SUV,Regular,2025-03-20,19,90,Credit Card,Paid,Covered,65,0.0,104.0,0.61
PT102987,F002,SUV,Regular,2025-02-08,17,184,Credit Card,Paid,Covered,65,0.0,234.0,0.72
PT102988,F003,Bike,Regular,2025-11-02,12,47,Cash,Paid,Two-Wheeler,25,0.0,22.5,0.77
PT102989,F003,SUV,Regular,2025-01-20,6,62,Debit Card,Paid,Covered,65,0.0,130.0,0.56
PT102990,F008,SUV,Regular,2025-03-11,22,123,UPI,Paid,Covered,65,9.75,195.0,0.45
PT102991,F006,Bike,Member,2025-06-05,15,65,UPI,Paid,Two-Wheeler,25,4.25,42.5,0.68
PT102992,F006,Car,Regular,2025-04-27,13,237,Cash,Paid,Open,50,18.0,180.0,0.41
PT102993,F002,Car,Member,2025-01-28,12,184,UPI,Paid,Covered,50,0.0,200.0,0.81
PT102994,F002,Car,Regular,2025-04-08,6,72,Credit Card,Paid,Covered,50,0.0,100.0,0.6
PT102995,F006,Car,Visitor,2025-11-25,10,113,Debit Card,Paid,Covered,50,5.0,100.0,0.94
PT102996,F001,Car,Member,2025-05-31,6,76,Debit Card,Paid,Covered,50,0.0,100.0,0.54
PT102997,F003,Car,Regular,2025-12-30,14,54,Debit Card,Paid,Covered,50,2.25,45.0,0.44
PT102998,F005,Bike,Member,2025-01-22,15,109,Debit Card,Paid,Two-Wheeler,25,0.0,50.0,0.6
PT102999,F002,EV Car,Member,2025-09-18,16,31,Debit Card,Paid,EV Parking,55,11.0,55.0,0.56
PT103000,F008,Car,Member,2025-03-01,10,82,Cash,Paid,Open,50,0.0,80.0,0.8
PT103001,F008,SUV,Regular,2025-06-12,9,176,Debit Card,Paid,Covered,65,18.52,185.25,0.69
PT103002,F002,Bike,Member,2025-04-24,15,71,UPI,Paid,Two-Wheeler,25,2.25,45.0,0.86
PT103003,F006,Car,Regular,2025-12-20,14,65,Credit Card,Paid,Covered,50,0.0,100.0,0.52
PT103004,F004,EV Car,Regular,2025-07-15,18,142,Debit Card,Paid,EV Parking,55,16.5,165.0,0.7
PT103005,F005,Bike,Member,2025-02-14,14,88,Cash,Paid,Two-Wheeler,25,0.0,45.0,0.58
PT103006,F005,Car,Regular,2025-04-23,13,205,UPI,Paid,Covered,50,18.0,180.0,0.72
PT103007,F002,SUV,Regular,2025-06-28,13,101,UPI,Paid,Open,65,5.52,110.5,0.93
PT103008,F001,Car,Visitor,2025-09-27,16,480,Wallet,Paid,Open,50,0.0,400.0,0.15
PT103009,F004,Bike,Member,2025-11-21,6,63,Credit Card,Paid,Two-Wheeler,25,0.0,45.0,0.59
PT103010,F005,Car,Member,2025-02-25,19,186,UPI,Paid,Covered,50,20.0,200.0,0.99
PT103011,F002,SUV,Regular,2025-12-13,16,328,Debit Card,Paid,Open,65,0.0,390.0,0.26
PT103012,F008,Bike,Regular,2025-09-24,18,175,Wallet,Paid,Two-Wheeler,25,11.25,75.0,0.82
PT103013,F005,Bike,Regular,2025-04-25,20,116,Cash,Paid,Two-Wheeler,25,5.0,50.0,0.89
PT103014,F007,Car,Visitor,2025-12-23,11,22,Debit Card,Paid,Covered,50,2.12,42.5,0.58
PT103015,F004,Bike,Visitor,2025-06-16,14,78,UPI,Paid,Two-Wheeler,25,0.0,47.5,0.4
PT103016,F004,SUV,Member,2025-12-20,13,120,Cash,Paid,Open,65,13.0,130.0,0.66
PT103017,F007,Bike,Regular,2025-04-25,14,141,Credit Card,Pending,Two-Wheeler,25,11.25,75.0,0.26
PT103018,F003,Bike,Regular,2025-03-21,7,20,Cash,Paid,Two-Wheeler,25,0.0,25.0,0.33
PT103019,F008,Bike,Visitor,2025-11-10,19,29,UPI,Paid,Two-Wheeler,25,0.0,25.0,0.82
PT103020,F007,SUV,Member,2025-10-13,20,75,UPI,Paid,Covered,65,0.0,130.0,0.8
PT103021,F006,Bike,Regular,2025-11-19,15,147,Credit Card,Paid,Two-Wheeler,25,0.0,75.0,0.72
PT103022,F006,SUV,Visitor,2025-01-29,11,43,UPI,Paid,Open,65,5.85,58.5,0.33
PT103023,F002,SUV,Regular,2025-02-11,16,82,Debit Card,Paid,Open,65,0.0,117.0,0.45
PT103024,F004,Car,Regular,2025-04-29,16,123,Wallet,Paid,Covered,50,7.12,142.5,0.5
PT103025,F003,Car,Visitor,2025-03-03,14,156,Debit Card,Paid,Covered,50,0.0,127.5,0.56
PT103026,F003,Car,Regular,2025-06-04,10,75,Cash,Paid,Open,50,0.0,95.0,0.79
PT103027,F005,SUV,Member,2025-10-12,11,111,Credit Card,Paid,Open,65,0.0,123.5,0.63
PT103028,F005,Car,Member,2025-07-08,14,145,Debit Card,Paid,Covered,50,22.5,150.0,0.15
PT103029,F007,Bike,Regular,2025-10-12,9,192,Cash,Paid,Two-Wheeler,25,5.0,100.0,0.83
PT103030,F003,SUV,Visitor,2025-04-14,16,75,Debit Card,Paid,Covered,65,0.0,130.0,0.54
PT103031,F007,Car,Visitor,2025-02-26,11,85,Credit Card,Paid,Covered,50,9.0,90.0,0.54
PT103032,F008,Bike,Regular,2025-11-07,19,240,Debit Card,Pending,Two-Wheeler,25,0.0,85.0,0.82
PT103033,F007,Car,Regular,2025-06-21,18,134,Debit Card,Paid,Open,50,0.0,150.0,0.99
PT103034,F005,Car,Member,2025-06-05,12,77,UPI,Paid,Covered,50,0.0,100.0,0.34
PT103035,F004,SUV,Regular,2025-06-14,8,127,Cash,Paid,Covered,65,35.1,175.5,0.89
PT103036,F007,Car,Regular,2025-11-29,15,168,Wallet,Paid,Covered,50,15.0,150.0,0.35
PT103037,F001,Car,Regular,2025-03-10,13,167,Credit Card,Paid,Open,50,6.0,120.0,0.52
PT103038,F004,SUV,Regular,2025-02-27,10,332,Debit Card,Paid,Covered,65,0.0,312.0,0.84
PT103039,F003,Car,Regular,2025-07-26,14,87,Debit Card,Paid,Covered,50,0.0,100.0,0.42
PT103040,F003,EV Car,Visitor,2025-03-26,22,179,Debit Card,Paid,EV Parking,55,7.84,156.75,0.44
PT103041,F007,EV Car,Member,2025-11-21,8,156,Credit Card,Paid,EV Parking,55,0.0,156.75,0.54
PT103042,F004,Car,Regular,2025-04-11,11,141,Cash,Paid,Open,50,21.38,142.5,0.29
PT103043,F005,Car,Regular,2025-10-19,14,172,Credit Card,Paid,Covered,50,12.0,120.0,0.39
PT103044,F005,SUV,Regular,2025-09-08,17,44,UPI,Paid,Open,65,0.0,65.0,0.86
PT103045,F006,Bike,Regular,2025-08-08,6,352,Cash,Failed,Two-Wheeler,25,13.5,135.0,0.48
PT103046,F003,Car,Member,2025-06-09,16,114,Debit Card,Paid,Covered,50,19.0,95.0,0.55
PT103047,F002,SUV,Member,2025-07-06,9,261,Cash,Paid,Covered,65,0.0,325.0,0.76
PT103048,F006,Car,Member,2025-03-28,17,60,UPI,Paid,Open,50,2.5,50.0,0.9
PT103049,F005,SUV,Member,2025-11-26,15,63,UPI,Failed,Open,65,17.55,117.0,0.52
PT103050,F004,Car,Regular,2025-12-15,13,211,Wallet,Paid,Open,50,0.0,200.0,0.35
PT103051,F008,Car,Member,2025-06-04,17,109,UPI,Paid,Covered,50,15.0,100.0,0.78
PT103052,F005,Car,Regular,2025-12-21,16,157,Cash,Paid,Covered,50,0.0,150.0,0.5
PT103053,F004,EV Car,Member,2025-10-07,16,149,Cash,Paid,EV Parking,55,8.25,165.0,0.3
PT103054,F006,Bike,Regular,2025-12-09,12,275,Debit Card,Paid,Two-Wheeler,25,11.88,118.75,0.63
PT103055,F003,SUV,Regular,2025-11-19,15,359,UPI,Paid,Open,65,17.55,351.0,0.62
PT103056,F005,Car,Member,2025-06-13,10,231,Debit Card,Paid,Covered,50,0.0,200.0,0.9
PT103057,F007,Car,Regular,2025-03-09,17,114,Cash,Paid,Covered,50,5.0,100.0,0.81
PT103058,F004,Car,Regular,2025-12-28,14,203,Credit Card,Paid,Open,50,0.0,160.0,0.49
PT103059,F003,Bike,Member,2025-10-15,17,194,UPI,Paid,Two-Wheeler,25,0.0,100.0,0.79
PT103060,F008,Bike,Regular,2025-07-31,11,248,,Pending,Two-Wheeler,25,0.0,106.25,0.6
PT103061,F008,Bike,Member,2025-04-30,9,108,UPI,Paid,Two-Wheeler,25,2.5,50.0,0.78
PT103062,F002,Car,Member,2025-07-04,15,123,Cash,Paid,Open,50,0.0,150.0,0.72
PT103063,F004,EV Car,Regular,2025-08-04,8,164,Cash,Paid,EV Parking,55,0.0,140.25,0.94
PT103064,F006,Car,Member,2025-05-10,11,175,,Paid,Covered,50,18.0,120.0,0.47
PT103065,F002,EV Car,Regular,2025-03-19,19,99,Credit Card,Pending,EV Parking,55,0.0,110.0,0.65
PT103066,F002,Car,Member,2025-06-19,9,50,Debit Card,Paid,Covered,50,0.0,47.5,0.82
PT103067,F001,Bike,Member,2025-02-07,12,128,UPI,Paid,Two-Wheeler,25,0.0,75.0,0.7
PT103068,F005,Car,Regular,2025-02-24,20,163,Debit Card,Paid,Covered,50,0.0,150.0,0.88
PT103069,F004,Bike,Regular,2025-10-17,7,124,Debit Card,Paid,Two-Wheeler,25,7.5,75.0,0.5
PT103070,F002,Bike,Regular,2025-02-15,13,96,Wallet,Paid,Two-Wheeler,25,0.0,42.5,0.35
PT103071,F001,Bike,Member,2025-06-20,16,119,Cash,Paid,Two-Wheeler,25,0.0,50.0,0.17
PT103072,F006,Car,Regular,2025-05-10,19,193,Wallet,Paid,Open,50,40.0,200.0,0.69
PT103073,F003,SUV,Visitor,2025-06-13,16,178,Cash,Paid,Covered,65,17.55,175.5,0.57
PT103074,F007,Bike,Regular,2025-03-11,18,125,Cash,Paid,Two-Wheeler,25,6.0,60.0,0.73
PT103075,F007,SUV,Regular,2025-10-19,7,207,UPI,Paid,Covered,65,39.0,260.0,0.29
PT103076,F004,Car,Regular,2025-03-10,9,44,Cash,Paid,Covered,50,7.5,50.0,0.78
PT103077,F002,Bike,Member,2025-04-15,16,69,Credit Card,Paid,Two-Wheeler,25,0.0,50.0,0.79
PT103078,F007,Bike,Member,2025-02-23,16,111,UPI,Paid,Two-Wheeler,25,2.5,50.0,0.41
PT103079,F005,Car,Member,2025-12-29,14,238,UPI,Paid,Covered,50,9.0,180.0,0.37
PT103080,F007,Bike,Visitor,2025-09-05,16,126,Debit Card,Paid,Two-Wheeler,25,0.0,63.75,0.63
PT103081,F007,Car,Member,2025-11-05,18,91,UPI,Paid,Covered,50,0.0,100.0,0.87
PT103082,F007,Car,Regular,2025-04-16,14,131,Credit Card,Paid,Covered,50,0.0,150.0,0.32
PT103083,F008,Car,Member,2025-12-15,20,122,Debit Card,Paid,Covered,50,6.75,135.0,0.74
PT103084,F001,Car,,2025-11-11,15,78,Wallet,Paid,Covered,50,10.0,100.0,0.24
PT103085,F002,Bike,Member,2025-04-07,13,151,Cash,Paid,Two-Wheeler,25,7.5,75.0,0.73
PT103086,F005,Bike,Regular,2025-12-08,13,131,Credit Card,Failed,Two-Wheeler,25,0.0,75.0,0.68
PT103087,F002,EV Car,Member,2025-01-27,16,417,UPI,Paid,EV Parking,55,0.0,385.0,0.59
PT103088,F008,SUV,Visitor,2025-03-13,15,171,UPI,Paid,Open,65,0.0,195.0,0.66
PT103089,F004,Car,Regular,2025-07-04,17,138,UPI,Paid,Open,50,0.0,150.0,0.79
PT103090,F004,SUV,Regular,2025-05-14,16,229,UPI,Paid,Covered,65,39.0,260.0,0.47
PT103091,F004,SUV,Member,2025-06-23,14,49,Wallet,Paid,Covered,65,9.75,65.0,0.18
PT103092,F006,Bike,Member,2025-10-08,20,68,Credit Card,Paid,Two-Wheeler,25,7.5,50.0,0.99
PT103093,F007,Bike,Visitor,2025-04-08,15,117,UPI,Paid,Two-Wheeler,25,7.5,50.0,0.6
PT103094,F006,EV Car,Member,2025-03-05,11,247,UPI,Paid,EV Parking,55,55.0,275.0,0.72
PT103095,F001,Bike,Member,2025-04-23,15,47,Credit Card,Paid,Two-Wheeler,25,0.0,22.5,0.54
PT103096,F004,EV Car,Regular,2025-03-06,11,145,Credit Card,Paid,EV Parking,55,0.0,132.0,0.37
PT103097,F008,Car,Member,2025-08-04,14,111,UPI,Paid,Covered,50,0.0,90.0,0.72
PT103098,F005,Car,Member,2025-12-20,16,93,Wallet,Paid,Covered,50,0.0,100.0,0.31
PT103099,F002,Bike,Regular,2025-10-17,17,286,UPI,Paid,Two-Wheeler,25,0.0,106.25,0.94
PT103100,F007,Bike,Regular,2025-11-11,15,70,UPI,Paid,Two-Wheeler,25,0.0,45.0,0.66
PT103101,F003,SUV,Member,2025-03-30,16,225,UPI,Paid,Open,65,44.2,221.0,0.71
PT103102,F005,EV Car,Regular,2025-09-04,13,174,Credit Card,Paid,EV Parking,55,0.0,165.0,0.6
PT103103,F007,Car,Regular,2025-11-28,14,145,UPI,Paid,Covered,50,30.0,150.0,0.39
PT103104,F006,Car,Regular,2025-05-29,18,40,UPI,Paid,Open,50,5.0,50.0,0.57
PT103105,F006,SUV,Member,2025-12-23,14,26,UPI,Paid,Covered,65,3.25,65.0,0.7
PT103106,F005,Bike,Regular,2025-08-28,12,144,Debit Card,Paid,Two-Wheeler,25,3.75,75.0,0.49
PT103107,F006,Car,Regular,2025-01-06,17,252,UPI,Paid,Covered,50,0.0,212.5,0.81
PT103108,F004,Bike,Regular,2025-08-25,8,81,UPI,Paid,Two-Wheeler,25,2.12,42.5,0.8
PT103109,F001,SUV,Member,2025-12-31,20,106,UPI,Paid,Covered,65,0.0,123.5,0.87
PT103110,F002,SUV,Member,2025-09-24,12,116,UPI,Paid,Covered,65,19.5,130.0,0.19
PT103111,F001,Bike,Regular,2025-12-02,15,128,Credit Card,Paid,Two-Wheeler,25,0.0,75.0,0.57
PT103112,F007,Car,Member,2025-08-26,15,188,UPI,Paid,Open,50,0.0,190.0,0.42
PT103113,F002,EV Car,Regular,2025-05-19,9,389,UPI,Paid,EV Parking,55,38.5,385.0,0.73
PT103114,F008,Bike,Visitor,2025-06-14,17,348,Credit Card,Paid,Two-Wheeler,25,7.5,150.0,0.69
PT103115,F002,Car,Regular,2025-10-09,14,90,UPI,Paid,Covered,50,0.0,100.0,0.4
PT103116,F001,Car,Regular,2025-07-04,12,68,UPI,Paid,Open,50,4.75,95.0,0.19
PT103117,F005,SUV,,2025-06-03,18,20,Credit Card,Paid,Covered,65,0.0,65.0,0.69
PT103118,F002,Car,Visitor,2025-04-16,15,125,Wallet,Paid,Covered,50,7.5,150.0,0.58
PT103119,F008,Car,Regular,2025-05-29,16,129,Debit Card,Paid,Open,50,0.0,127.5,0.65
PT103120,F008,Bike,Regular,2025-07-04,22,20,Cash,Paid,Two-Wheeler,25,0.0,22.5,0.56
PT103121,F008,Car,Regular,2025-09-28,9,48,Cash,Paid,Open,50,0.0,42.5,0.54
PT103122,F001,Bike,Regular,2025-12-25,16,133,Wallet,Paid,Two-Wheeler,25,0.0,75.0,0.57
PT103123,F002,Car,Regular,2025-07-10,16,34,Debit Card,Pending,Covered,50,0.0,40.0,0.64
PT103124,F003,Bike,Member,2025-06-12,18,170,,Paid,Two-Wheeler,25,0.0,75.0,0.62
PT103125,F005,Car,Regular,2025-07-20,13,84,UPI,Pending,Covered,50,0.0,95.0,0.23
PT103126,F004,Car,Regular,2025-04-16,18,202,UPI,Paid,Covered,50,0.0,200.0,0.83
PT103127,F002,Car,Member,2025-08-03,15,169,Debit Card,Paid,Covered,50,0.0,120.0,0.61
PT103128,F008,EV Car,Regular,2025-11-20,8,103,Wallet,Paid,EV Parking,55,0.0,110.0,0.99
PT103129,F003,SUV,Member,2025-08-08,7,160,Credit Card,Paid,Open,65,9.75,195.0,0.54
PT103130,F004,Car,Regular,2025-12-11,13,32,Debit Card,Paid,Open,50,7.12,47.5,0.62
PT103131,F004,SUV,Member,2025-08-05,16,103,Credit Card,Paid,Covered,65,0.0,130.0,0.79
PT103132,F007,Bike,Member,2025-01-29,13,60,Credit Card,Paid,Two-Wheeler,25,3.75,25.0,0.3
PT103133,F002,EV Car,Regular,2025-08-26,18,74,UPI,Paid,EV Parking,55,0.0,110.0,0.97
PT103134,F001,Car,Visitor,2025-03-05,14,141,Credit Card,Paid,Covered,50,0.0,150.0,0.32
PT103135,F002,Bike,Regular,2025-04-06,7,124,UPI,Paid,Two-Wheeler,25,7.5,75.0,0.33
PT103136,F003,Car,Member,2025-06-03,21,85,Debit Card,Paid,Covered,50,10.0,100.0,0.41
PT103137,F004,Car,Regular,2025-01-28,13,212,Cash,Paid,Open,50,20.0,200.0,0.15
PT103138,F002,EV Car,Member,2025-12-06,15,196,Cash,Paid,EV Parking,55,0.0,187.0,0.56
PT103139,F001,Bike,Member,2025-06-25,10,89,UPI,Paid,Two-Wheeler,25,4.75,47.5,0.6
PT103140,F007,Car,Member,2025-09-08,12,258,Cash,Paid,Covered,50,0.0,250.0,0.76
PT103141,F002,Car,Member,2025-07-13,13,211,UPI,Paid,Covered,50,0.0,170.0,0.69
PT103142,F005,SUV,Regular,2025-10-06,18,118,UPI,Pending,Open,65,0.0,123.5,0.84
PT103143,F007,Bike,Regular,2025-02-08,9,66,Debit Card,Pending,Two-Wheeler,25,10.0,50.0,0.83
PT103144,F001,Car,Member,2025-03-10,16,20,UPI,Paid,Covered,50,0.0,50.0,0.73
PT103145,F003,EV Car,Regular,2025-10-04,14,182,UPI,Paid,EV Parking,55,22.0,220.0,0.46
PT103146,F004,Car,,2025-04-30,14,146,UPI,Paid,Covered,50,6.0,120.0,0.45
PT103147,F002,Car,Visitor,2025-03-27,18,26,Debit Card,Paid,Open,50,4.25,42.5,0.5
PT103148,F001,EV Car,Regular,2025-06-26,9,87,UPI,Paid,EV Parking,55,11.0,110.0,0.81
PT103149,F007,Car,Member,2025-04-04,22,110,Debit Card,Failed,Open,50,14.25,95.0,0.76
PT103150,F005,Car,Visitor,2025-04-02,18,226,Debit Card,Paid,Open,50,0.0,200.0,0.57
PT103151,F001,Bike,Member,2025-03-22,12,150,Debit Card,Pending,Two-Wheeler,25,0.0,67.5,0.73
PT103152,F006,SUV,Regular,2025-12-07,13,155,Cash,Paid,Covered,65,9.26,185.25,0.47
PT103153,F008,Car,Member,2025-08-16,7,131,Credit Card,Paid,Covered,50,0.0,150.0,0.66
PT103154,F005,EV Car,Regular,2025-03-29,14,202,UPI,Paid,EV Parking,55,0.0,220.0,0.15
PT103155,F007,SUV,Regular,2025-12-16,14,96,UPI,Paid,Covered,65,0.0,123.5,0.35
PT103156,F003,Car,Member,2025-05-08,19,67,Credit Card,Paid,Covered,50,0.0,95.0,0.87
PT103157,F004,SUV,Member,2025-10-25,13,70,Debit Card,Paid,Open,65,0.0,123.5,0.6
PT103158,F007,Car,Regular,2025-07-09,14,95,UPI,Pending,Covered,50,0.0,85.0,0.49
PT103159,F008,Car,Member,2025-12-21,16,58,UPI,Paid,Covered,50,6.75,45.0,0.56
PT103160,F003,SUV,Member,2025-05-14,14,160,Debit Card,Paid,Covered,65,0.0,195.0,0.48
PT103161,F002,EV Car,Regular,2025-05-16,10,155,Debit Card,Paid,EV Parking,55,28.05,140.25,0.86
PT103162,F001,Car,Regular,2025-11-21,10,75,Debit Card,Paid,Open,50,20.0,100.0,0.99
PT103163,F006,Bike,Member,2025-02-09,9,129,Cash,Paid,Two-Wheeler,25,0.0,60.0,0.75
PT103164,F005,Bike,Member,2025-05-18,11,256,Debit Card,Paid,Two-Wheeler,25,11.25,112.5,0.53
PT103165,F005,Car,Regular,2025-10-14,12,85,Debit Card,Paid,Open,50,4.25,85.0,0.54
PT103166,F001,Car,Member,2025-09-13,16,282,Credit Card,Paid,Covered,50,11.88,237.5,0.31
PT103167,F006,Car,Regular,2025-10-13,8,39,Wallet,Paid,Open,50,0.0,47.5,0.72
PT103168,F001,Bike,Visitor,2025-03-26,17,130,Credit Card,Paid,Two-Wheeler,25,0.0,75.0,0.54
PT103169,F002,Bike,Regular,2025-11-13,11,480,UPI,Paid,Two-Wheeler,25,0.0,190.0,0.56
PT103170,F008,Car,Member,2025-01-27,15,229,UPI,Paid,Open,50,10.0,200.0,0.4
PT103171,F003,SUV,Member,2025-08-18,14,205,Debit Card,Paid,Open,65,52.0,260.0,0.6
PT103172,F007,SUV,Member,2025-10-18,10,137,Wallet,Paid,Covered,65,9.75,195.0,0.99
PT103173,F005,Bike,Visitor,2025-11-12,12,213,UPI,Paid,Two-Wheeler,25,9.5,95.0,0.68
PT103174,F002,Car,Visitor,2025-10-15,12,102,UPI,Paid,Covered,50,17.0,85.0,0.53
PT103175,F003,Bike,Member,2025-12-12,15,118,Cash,Paid,Two-Wheeler,25,2.5,50.0,0.59
PT103176,F002,Car,Regular,2025-05-12,16,162,Wallet,Paid,Open,50,0.0,150.0,0.15
PT103177,F006,Car,Regular,2025-04-01,22,163,UPI,Paid,Covered,50,22.5,150.0,0.47
PT103178,F005,SUV,Member,2025-12-22,9,79,UPI,Paid,Covered,65,0.0,130.0,0.83
PT103179,F007,Car,Member,2025-08-17,19,246,Debit Card,Paid,Covered,50,0.0,250.0,0.7
PT103180,F001,Car,Member,2025-01-27,14,259,UPI,Pending,Open,50,0.0,250.0,0.4
PT103181,F001,Car,Regular,2025-10-30,12,67,Cash,Paid,Open,50,15.0,100.0,0.36
PT103182,F003,Car,Visitor,2025-10-09,12,54,UPI,Pending,Covered,50,0.0,45.0,0.47
PT103183,F007,Car,Visitor,2025-10-07,11,313,UPI,Paid,Open,50,0.0,300.0,0.55
PT103184,F008,EV Car,Member,2025-07-18,14,120,UPI,Paid,EV Parking,55,0.0,104.5,0.55
PT103185,F004,Car,Member,2025-10-27,20,35,UPI,Paid,Covered,50,0.0,50.0,0.74
PT103186,F006,Car,,2025-06-03,10,97,,Paid,Open,50,0.0,100.0,0.69
PT103187,F003,Car,Regular,2025-10-26,13,84,UPI,Pending,Covered,50,10.0,100.0,0.58
PT103188,F004,EV Car,Regular,2025-02-12,11,323,Debit Card,Paid,EV Parking,55,39.6,264.0,0.26
PT103189,F002,Bike,Regular,2025-11-18,10,20,UPI,Pending,Two-Wheeler,25,0.0,25.0,0.67
PT103190,F006,Car,Regular,2025-04-20,18,116,Wallet,Paid,Open,50,0.0,100.0,0.75
PT103191,F002,SUV,Member,2025-04-21,11,220,UPI,Paid,Covered,65,0.0,260.0,0.34
PT103192,F008,Car,Regular,2025-01-01,11,102,Debit Card,Paid,Covered,50,0.0,100.0,0.57
PT103193,F007,Car,Visitor,2025-05-20,19,480,UPI,Paid,Open,50,19.0,380.0,0.83
PT103194,F005,Car,Member,2025-06-27,13,92,UPI,Paid,Covered,50,5.0,100.0,0.73
PT103195,F006,Car,Regular,2025-03-01,6,88,Credit Card,Paid,Covered,50,4.75,95.0,0.83
PT103196,F004,Car,Member,2025-07-02,16,125,Credit Card,Paid,Covered,50,0.0,142.5,0.53
PT103197,F008,Bike,Regular,2025-10-09,14,88,Debit Card,Paid,Two-Wheeler,25,2.25,45.0,0.52
PT103198,F005,Car,Regular,2025-11-09,16,182,Debit Card,Paid,Covered,50,0.0,170.0,0.44
PT103199,F001,Bike,Regular,2025-08-09,14,136,Debit Card,Pending,Two-Wheeler,25,0.0,71.25,0.61
PT103200,F004,Car,Visitor,2025-08-15,12,172,Credit Card,Paid,Covered,50,21.38,142.5,0.77
PT103201,F003,Car,Regular,2025-05-24,8,103,Cash,Paid,Covered,50,9.5,95.0,0.75
PT103202,F001,Car,Regular,2025-08-12,18,23,Debit Card,Paid,Covered,50,7.5,50.0,0.65
PT103203,F008,EV Car,Member,2025-02-21,11,105,Wallet,Paid,EV Parking,55,14.02,93.5,0.59
PT103204,F001,Car,Regular,2025-03-22,21,311,Cash,Paid,Covered,50,15.0,300.0,0.62
PT103205,F003,Bike,Member,2025-05-29,11,68,UPI,Paid,Two-Wheeler,25,7.12,47.5,0.64
PT103206,F006,Car,Regular,2025-01-27,17,416,UPI,Paid,Covered,50,0.0,350.0,0.93
PT103207,F001,Car,Member,2025-08-20,16,120,Credit Card,Paid,Covered,50,0.0,85.0,0.49
PT103208,F007,Car,Member,2025-04-21,13,20,Debit Card,Paid,Covered,50,0.0,50.0,0.49
PT103209,F004,Car,Member,2025-03-20,13,119,Credit Card,Paid,Covered,50,0.0,95.0,0.99
PT103210,F005,Car,Visitor,2025-10-06,15,57,Debit Card,Paid,Covered,50,0.0,50.0,0.25
PT103211,F001,Car,Member,2025-05-07,14,282,UPI,Paid,Covered,50,0.0,237.5,0.7
PT103212,F004,SUV,Member,2025-10-08,15,403,UPI,Paid,Covered,65,45.5,455.0,0.48
PT103213,F002,Car,Member,2025-11-15,13,232,UPI,Paid,Covered,50,18.0,180.0,0.34
PT103214,F004,Bike,Member,2025-12-07,14,166,Credit Card,Paid,Two-Wheeler,25,3.75,75.0,0.48
PT103215,F005,Car,Member,2025-07-01,10,75,Debit Card,Paid,Open,50,0.0,100.0,0.55
PT103216,F004,Bike,Regular,2025-04-29,8,86,UPI,Paid,Two-Wheeler,25,4.75,47.5,0.75
PT103217,F003,Bike,Member,2025-09-23,12,296,Credit Card,Paid,Two-Wheeler,25,0.0,125.0,0.51
PT103218,F008,Car,Regular,2025-06-27,13,298,UPI,Paid,Covered,50,0.0,250.0,0.52
PT103219,F005,Car,Member,2025-07-20,19,105,UPI,Paid,Open,50,0.0,85.0,0.81
PT103220,F008,SUV,Regular,2025-03-11,13,214,Debit Card,Paid,Covered,65,0.0,221.0,0.5
PT103221,F006,SUV,Regular,2025-06-07,13,65,UPI,Paid,Covered,65,0.0,130.0,0.54
PT103222,F008,Car,Member,2025-11-07,15,77,Debit Card,Paid,Open,50,10.0,100.0,0.6
PT103223,F002,Car,Regular,2025-04-08,11,278,Cash,Paid,Covered,50,23.75,237.5,0.88
PT103224,F003,SUV,Member,2025-07-24,18,149,Cash,Paid,Open,65,9.75,195.0,0.98
PT103225,F006,Car,Member,2025-03-27,13,277,UPI,Paid,Covered,50,0.0,250.0,0.46
PT103226,F004,Bike,Regular,2025-12-27,19,100,Credit Card,Paid,Two-Wheeler,25,4.0,40.0,0.99
PT103227,F005,Car,Regular,2025-10-07,11,198,Debit Card,Paid,Covered,50,10.0,200.0,0.44
PT103228,F002,Car,Regular,2025-03-26,13,65,Debit Card,Paid,Open,50,0.0,85.0,0.39
PT103229,F003,Bike,Member,2025-12-25,16,186,Debit Card,Paid,Two-Wheeler,25,5.0,100.0,0.3
PT103230,F006,Bike,Member,2025-08-03,14,87,UPI,Paid,Two-Wheeler,25,0.0,50.0,0.65
PT103231,F006,Car,Member,2025-05-13,15,103,UPI,Paid,Covered,50,0.0,100.0,0.86
PT103232,F002,Bike,Regular,2025-09-04,12,133,Credit Card,Paid,Two-Wheeler,25,0.0,75.0,0.61
PT103233,F007,SUV,Regular,2025-05-21,12,79,Debit Card,Paid,Covered,65,0.0,130.0,0.5
PT103234,F004,Bike,Member,2025-03-17,14,71,UPI,Paid,Two-Wheeler,25,0.0,50.0,0.79
PT103235,F002,Car,Regular,2025-04-08,11,70,UPI,Paid,Covered,50,0.0,90.0,0.52
PT103236,F006,Bike,Member,2025-10-30,9,98,Debit Card,Paid,Two-Wheeler,25,0.0,50.0,0.99
PT103237,F001,SUV,Visitor,2025-02-24,17,272,UPI,Paid,Covered,65,55.25,276.25,0.69
PT103238,F003,SUV,Member,2025-11-01,16,117,UPI,Paid,Covered,65,0.0,104.0,0.55
PT103239,F002,Bike,Regular,2025-09-16,19,255,UPI,Paid,Two-Wheeler,25,0.0,125.0,0.99
PT103240,F007,Car,Regular,2025-01-22,14,45,UPI,Paid,Open,50,0.0,47.5,0.52
PT103241,F006,SUV,Visitor,2025-02-04,13,121,Credit Card,Paid,Covered,65,29.25,195.0,0.44
PT103242,F004,Bike,Member,2025-01-28,9,142,UPI,Paid,Two-Wheeler,25,3.38,67.5,0.71
PT103243,F008,Car,Regular,2025-06-19,18,39,UPI,Paid,Covered,50,7.5,50.0,0.79
PT103244,F006,Car,Member,2025-05-20,13,79,UPI,Paid,Covered,50,0.0,90.0,0.81
PT103245,F004,Car,Visitor,2025-05-09,14,77,UPI,Paid,Covered,50,0.0,100.0,0.5
PT103246,F002,Bike,Visitor,2025-04-10,12,22,Debit Card,Paid,Two-Wheeler,25,1.19,23.75,0.39
PT103247,F004,Car,Member,2025-09-04,14,75,UPI,Paid,Covered,50,0.0,95.0,0.48
PT103248,F005,Bike,Regular,2025-01-23,16,43,Credit Card,Paid,Two-Wheeler,25,2.5,25.0,0.43
PT103249,F005,EV Car,Regular,2025-12-23,16,174,UPI,Failed,EV Parking,55,23.51,156.75,0.61
PT103250,F005,SUV,Member,2025-10-11,21,328,UPI,Paid,Covered,65,0.0,351.0,0.42
PT103251,F007,EV Car,Member,2025-04-23,14,146,UPI,Paid,EV Parking,55,33.0,165.0,0.69
PT103252,F007,EV Car,Visitor,2025-07-16,14,182,UPI,Paid,EV Parking,55,11.0,220.0,0.36
PT103253,F001,Car,Regular,2025-06-13,8,233,Debit Card,Paid,Covered,50,0.0,200.0,0.99
PT103254,F007,Bike,Member,2025-11-06,13,67,Credit Card,Paid,Two-Wheeler,25,0.0,50.0,0.63
PT103255,F008,Car,Member,2025-02-25,19,152,Cash,Paid,Covered,50,0.0,150.0,0.59
PT103256,F002,SUV,Member,2025-01-10,12,294,UPI,Paid,Covered,65,29.25,292.5,0.55
PT103257,F006,Car,Regular,2025-05-13,16,48,UPI,Pending,Covered,50,0.0,50.0,0.79
PT103258,F006,EV Car,Member,2025-06-01,21,149,UPI,Paid,EV Parking,55,0.0,156.75,0.52
PT103259,F001,Bike,Regular,2025-07-10,9,29,Debit Card,Paid,Two-Wheeler,25,1.06,21.25,0.59
PT103260,F007,SUV,Member,2025-10-11,12,185,UPI,Paid,Covered,65,0.0,234.0,0.61
PT103261,F008,Car,Member,2025-10-04,13,30,UPI,Paid,Covered,50,0.0,50.0,0.59
PT103262,F004,Car,Member,2025-08-31,11,158,UPI,Paid,Covered,50,7.5,150.0,0.41
PT103263,F001,SUV,Visitor,2025-11-28,6,288,UPI,Paid,Covered,65,0.0,325.0,0.58
PT103264,F008,Car,Member,2025-10-03,13,137,Wallet,Paid,Covered,50,0.0,150.0,0.63
PT103265,F004,SUV,Regular,2025-07-09,14,208,Credit Card,Pending,Covered,65,0.0,247.0,0.34
PT103266,F008,Car,Member,2025-04-25,15,20,Debit Card,Paid,Open,50,0.0,47.5,0.21
PT103267,F004,Bike,Regular,2025-12-18,17,198,Debit Card,Paid,Two-Wheeler,25,0.0,85.0,0.99
PT103268,F003,Car,Member,2025-11-03,11,89,Credit Card,Paid,Open,50,10.0,100.0,0.43
PT103269,F008,Bike,Regular,2025-12-24,8,127,UPI,Paid,Two-Wheeler,25,12.75,63.75,0.89
PT103270,F006,Bike,Regular,2025-10-23,8,75,Debit Card,Paid,Two-Wheeler,25,0.0,45.0,0.63
PT103271,F005,Car,Member,2025-08-22,14,62,UPI,Paid,Covered,50,20.0,100.0,0.38
PT103272,F007,Car,Member,2025-12-07,19,34,UPI,Paid,Open,50,2.0,40.0,0.99
PT103273,F004,Car,Regular,2025-03-22,21,119,Debit Card,Paid,Open,50,5.0,100.0,0.61
PT103274,F003,Bike,Member,2025-07-12,11,98,Debit Card,Paid,Two-Wheeler,25,4.5,45.0,0.57
PT103275,F008,Bike,Regular,2025-12-30,10,20,Debit Card,Paid,Two-Wheeler,25,2.5,25.0,0.66
PT103276,F006,SUV,Member,2025-09-15,12,201,Debit Card,Paid,Open,65,22.1,221.0,0.69
PT103277,F005,Bike,Regular,2025-08-19,13,103,UPI,Paid,Two-Wheeler,25,0.0,45.0,0.58
PT103278,F004,Bike,Regular,2025-01-14,17,40,UPI,Paid,Two-Wheeler,25,0.0,25.0,0.93
PT103279,F008,Car,Member,2025-01-14,16,99,UPI,Paid,Covered,50,0.0,100.0,0.38
PT103280,F008,Car,Regular,2025-02-13,19,124,Debit Card,Paid,Covered,50,0.0,120.0,0.93
PT103281,F004,Car,Regular,2025-07-29,18,202,Wallet,Paid,Open,50,10.0,200.0,0.65
PT103282,F001,EV Car,Member,2025-02-09,13,78,UPI,Paid,EV Parking,55,0.0,110.0,0.31
PT103283,F001,SUV,Regular,2025-02-03,6,199,UPI,Paid,Covered,65,0.0,260.0,0.79
PT103284,F006,Car,Regular,2025-08-23,11,137,Credit Card,Paid,Open,50,0.0,135.0,0.67
PT103285,F005,Bike,Member,2025-11-17,15,312,Cash,Paid,Two-Wheeler,25,0.0,150.0,0.58
PT103286,F004,SUV,Visitor,2025-08-22,14,226,Credit Card,Paid,Covered,65,13.0,260.0,0.6
PT103287,F006,Bike,Regular,2025-10-01,11,52,UPI,Paid,Two-Wheeler,25,1.25,25.0,0.32
PT103288,F006,Car,Member,2025-10-17,9,165,Wallet,Paid,Open,50,0.0,142.5,0.93
PT103289,F002,Car,Regular,2025-12-09,11,154,,Failed,Open,50,0.0,150.0,0.42
PT103290,F008,Bike,Member,2025-12-02,11,138,UPI,Paid,Two-Wheeler,25,0.0,71.25,0.75
PT103291,F007,EV Car,Regular,2025-08-17,18,172,Wallet,Paid,EV Parking,55,0.0,165.0,0.78
PT103292,F008,Bike,Member,2025-11-14,16,211,Credit Card,Paid,Two-Wheeler,25,10.0,100.0,0.52
PT103293,F001,Car,Regular,2025-05-08,14,113,UPI,Paid,Open,50,4.25,85.0,0.54
PT103294,F005,Car,Regular,2025-11-22,7,261,Credit Card,Paid,Covered,50,0.0,250.0,0.31
PT103295,F008,SUV,Regular,2025-07-28,17,79,Cash,Paid,Covered,65,0.0,130.0,0.79
PT103296,F004,SUV,Member,2025-10-31,14,197,Debit Card,Paid,Open,65,52.0,260.0,0.44
PT103297,F006,Bike,Member,2025-03-21,15,226,UPI,Paid,Two-Wheeler,25,10.0,100.0,0.55
PT103298,F004,Bike,Regular,2025-10-22,8,237,Wallet,Paid,Two-Wheeler,25,0.0,100.0,0.49
PT103299,F002,Car,Member,2025-06-25,17,131,UPI,Paid,Open,50,0.0,135.0,0.99
PT103300,F005,SUV,Member,2025-08-21,17,253,Debit Card,Paid,Open,65,0.0,325.0,0.86
PT103301,F006,SUV,Regular,2025-11-22,18,166,Debit Card,Paid,Covered,65,29.25,195.0,0.71
PT103302,F004,Car,Regular,2025-12-02,14,142,UPI,Paid,Covered,50,0.0,150.0,0.4
PT103303,F001,SUV,Member,2025-09-22,13,140,UPI,Paid,Covered,65,0.0,195.0,0.68
PT103304,F007,Car,Member,2025-10-12,8,83,Cash,Paid,Covered,50,20.0,100.0,0.57
PT103305,F002,Car,Regular,2025-04-28,10,141,UPI,Paid,Open,50,15.0,150.0,0.68
PT103306,F005,Car,Visitor,2025-06-15,11,108,Debit Card,Paid,Covered,50,0.0,95.0,0.42
PT103307,F002,Car,Regular,2025-11-14,8,159,Credit Card,Paid,Open,50,0.0,150.0,0.68
PT103308,F001,Car,Member,2025-05-22,10,105,Debit Card,Paid,Covered,50,0.0,100.0,0.72
PT103309,F005,Car,Regular,2025-09-04,18,249,Credit Card,Paid,Covered,50,11.88,237.5,0.65
PT103310,F002,Bike,Regular,2025-06-26,14,480,UPI,Paid,Two-Wheeler,25,0.0,180.0,0.36
PT103311,F003,Bike,Member,2025-10-26,16,60,UPI,Paid,Two-Wheeler,25,3.38,22.5,0.65
PT103312,F001,Car,Regular,2025-12-10,11,73,Cash,Pending,Covered,50,13.5,90.0,0.67
PT103313,F001,Car,Regular,2025-09-21,9,93,Credit Card,Paid,Covered,50,0.0,100.0,0.9
PT103314,F001,Bike,Regular,2025-06-17,12,232,UPI,Paid,Two-Wheeler,25,4.75,95.0,0.45
PT103315,F003,Car,Regular,2025-01-25,17,347,Wallet,Paid,Open,50,0.0,240.0,0.75
PT103316,F003,Car,Regular,2025-07-10,12,151,Debit Card,Paid,Covered,50,0.0,135.0,0.41
PT103317,F004,SUV,Regular,2025-01-15,11,89,UPI,Paid,Covered,65,13.0,130.0,0.58
PT103318,F006,SUV,Regular,2025-01-16,7,175,Wallet,Paid,Open,65,0.0,185.25,0.62
PT103319,F007,SUV,Member,2025-11-06,15,102,Debit Card,Paid,Covered,65,0.0,130.0,0.28
PT103320,F002,Bike,Regular,2025-05-07,13,160,UPI,Paid,Two-Wheeler,25,0.0,75.0,0.54
PT103321,F004,Car,Regular,2025-09-24,11,57,UPI,Paid,Covered,50,0.0,45.0,0.55
PT103322,F002,Bike,Visitor,2025-01-28,14,116,Debit Card,Paid,Two-Wheeler,25,0.0,50.0,0.64
PT103323,F007,Car,Regular,2025-09-20,15,107,Debit Card,Paid,Open,50,10.0,100.0,0.43
PT103324,F006,Bike,Member,2025-10-21,11,37,UPI,Paid,Two-Wheeler,25,2.5,25.0,0.36
PT103325,F003,Car,Visitor,2025-06-01,14,71,UPI,Paid,Covered,50,4.0,80.0,0.48
PT103326,F006,SUV,Regular,2025-03-09,11,59,UPI,Paid,Open,65,6.5,65.0,0.66
PT103327,F003,Car,Visitor,2025-02-06,21,56,Credit Card,Paid,Open,50,0.0,50.0,0.44
PT103328,F007,EV Car,Member,2025-02-04,16,65,UPI,Paid,EV Parking,55,11.0,110.0,0.31
PT103329,F006,SUV,Member,2025-05-14,14,69,UPI,Paid,Covered,65,0.0,130.0,0.3
PT103330,F004,Bike,Member,2025-06-10,10,168,Debit Card,Paid,Two-Wheeler,25,0.0,75.0,0.78
PT103331,F005,SUV,Regular,2025-08-12,14,134,Debit Card,Paid,Open,65,29.25,195.0,0.59
PT103332,F004,Bike,Visitor,2025-04-20,17,57,Credit Card,Pending,Two-Wheeler,25,0.0,22.5,0.99
PT103333,F002,SUV,Regular,2025-04-12,16,88,UPI,Paid,Open,65,0.0,130.0,0.52
PT103334,F004,Bike,Member,2025-12-21,16,99,Credit Card,Paid,Two-Wheeler,25,0.0,47.5,0.58
PT103335,F007,SUV,Member,2025-07-01,12,58,UPI,Paid,Covered,65,0.0,61.75,0.57
PT103336,F001,Bike,Regular,2025-05-27,12,159,Wallet,Paid,Two-Wheeler,25,0.0,75.0,0.55
PT103337,F002,EV Car,Regular,2025-08-04,14,93,Debit Card,Paid,EV Parking,55,0.0,110.0,0.58
PT103338,F006,Bike,Regular,2025-05-19,11,48,UPI,Paid,Two-Wheeler,25,3.75,25.0,0.28
PT103339,F002,Bike,Member,2025-11-23,9,134,UPI,Pending,Two-Wheeler,25,0.0,75.0,0.84
PT103340,F005,SUV,Regular,2025-07-07,13,96,Credit Card,Paid,Open,65,0.0,130.0,0.52
PT103341,F003,SUV,Member,2025-03-29,6,99,Credit Card,Paid,Covered,65,0.0,110.5,0.79
PT103342,F006,Bike,Regular,2025-09-04,16,133,Credit Card,Paid,Two-Wheeler,25,7.5,75.0,0.58
PT103343,F008,Car,Regular,2025-07-05,16,139,Cash,Paid,Covered,50,0.0,150.0,0.48
PT103344,F002,Bike,Visitor,2025-03-29,14,86,Debit Card,Paid,Two-Wheeler,25,0.0,50.0,0.27
PT103345,F006,EV Car,Regular,2025-11-30,16,109,Credit Card,Paid,EV Parking,55,0.0,110.0,0.63
PT103346,F006,SUV,,2025-06-01,15,71,Cash,Paid,Covered,65,6.18,123.5,0.68
PT103347,F006,SUV,Member,2025-09-24,15,97,Debit Card,Paid,Covered,65,11.7,117.0,0.61
PT103348,F003,Car,Visitor,2025-07-19,8,236,Debit Card,Paid,Covered,50,9.0,180.0,0.99
PT103349,F008,Bike,Member,2025-12-01,18,91,Wallet,Paid,Two-Wheeler,25,4.75,47.5,0.6
PT103350,F007,Bike,Member,2025-09-03,15,65,UPI,Paid,Two-Wheeler,25,0.0,42.5,0.39
PT103351,F004,SUV,Visitor,2025-08-04,15,206,UPI,Paid,Covered,65,0.0,260.0,0.52
PT103352,F006,Car,Regular,2025-03-15,13,33,Cash,Paid,Covered,50,0.0,50.0,0.58
PT103353,F001,SUV,Regular,2025-06-09,7,217,Debit Card,Paid,Covered,65,0.0,260.0,0.6
PT103354,F007,Bike,Member,2025-09-12,19,172,Wallet,Paid,Two-Wheeler,25,0.0,67.5,0.86
PT103355,F005,Car,Regular,2025-01-17,21,101,UPI,Paid,Covered,50,0.0,90.0,0.44
PT103356,F003,Car,Member,2025-05-18,17,152,Debit Card,Pending,Covered,50,0.0,150.0,0.93
PT103357,F002,Car,Member,2025-01-06,19,97,UPI,Paid,Covered,50,4.5,90.0,0.71
PT103358,F003,Bike,Member,2025-08-07,9,259,Credit Card,Paid,Two-Wheeler,25,0.0,112.5,0.75
PT103359,F002,Car,Member,2025-01-01,9,101,UPI,Failed,Open,50,5.0,100.0,0.53
PT103360,F003,Car,Visitor,2025-03-05,18,63,UPI,Failed,Covered,50,4.75,95.0,0.91
PT103361,F002,SUV,Regular,2025-07-28,8,78,UPI,Paid,Covered,65,0.0,117.0,0.6
PT103362,F006,Car,Regular,2025-01-01,9,97,Debit Card,Paid,Covered,50,0.0,80.0,0.8
PT103363,F004,Car,Visitor,2025-12-23,17,111,UPI,Failed,Covered,50,5.0,100.0,0.69
PT103364,F002,Bike,Member,2025-07-08,14,87,UPI,Paid,Two-Wheeler,25,2.5,50.0,0.4
PT103365,F008,Bike,Member,2025-09-04,13,229,UPI,Paid,Two-Wheeler,25,0.0,95.0,0.61
PT103366,F002,SUV,Regular,2025-09-14,14,118,UPI,Paid,Open,65,0.0,130.0,0.64
PT103367,F001,Bike,Regular,2025-06-23,18,60,Wallet,Paid,Two-Wheeler,25,1.06,21.25,0.64
PT103368,F002,SUV,Regular,2025-04-19,16,153,UPI,Paid,Covered,65,7.8,156.0,0.79
PT103369,F001,Bike,Member,2025-03-01,15,23,UPI,Paid,Two-Wheeler,25,0.0,22.5,0.33
PT103370,F005,Car,Regular,2025-02-12,21,112,Cash,Paid,Open,50,0.0,100.0,0.25
PT103371,F006,Car,Member,2025-02-07,14,78,Debit Card,Paid,Covered,50,15.0,100.0,0.27
PT103372,F001,Bike,Member,2025-12-29,6,64,Debit Card,Pending,Two-Wheeler,25,0.0,50.0,0.63
PT103373,F004,Car,Member,2025-09-15,13,72,Debit Card,Paid,Covered,50,15.0,100.0,0.27
PT103374,F007,SUV,Member,2025-03-23,9,140,Wallet,Paid,Open,65,0.0,195.0,0.99
PT103375,F006,Bike,Regular,2025-08-09,9,78,UPI,Paid,Two-Wheeler,25,0.0,47.5,0.87
PT103376,F001,Car,Member,2025-04-21,11,104,Wallet,Paid,Covered,50,0.0,100.0,0.95
PT103377,F006,Car,Visitor,2025-09-22,13,242,Cash,Paid,Open,50,0.0,250.0,0.53
PT103378,F008,Car,Visitor,2025-05-16,13,110,,Paid,Covered,50,14.25,95.0,0.36
PT103379,F006,Bike,Regular,2025-12-02,10,113,Debit Card,Paid,Two-Wheeler,25,0.0,50.0,0.79
PT103380,F006,Bike,Visitor,2025-11-14,12,183,Debit Card,Paid,Two-Wheeler,25,18.0,90.0,0.62
PT103381,F005,Bike,Visitor,2025-01-23,11,197,UPI,Paid,Two-Wheeler,25,0.0,95.0,0.57
PT103382,F004,Car,Regular,2025-12-15,12,377,UPI,Paid,Open,50,49.88,332.5,0.8
PT103383,F003,Bike,Regular,2025-02-28,9,135,Wallet,Paid,Two-Wheeler,25,10.69,71.25,0.62
PT103384,F003,SUV,Visitor,2025-09-23,13,114,Credit Card,Paid,Covered,65,6.5,130.0,0.72
PT103385,F001,Car,Regular,2025-05-20,14,79,UPI,Paid,Covered,50,0.0,95.0,0.42
PT103386,F006,Bike,Member,2025-04-26,9,143,Debit Card,Pending,Two-Wheeler,25,3.56,71.25,0.99
PT103387,F001,EV Car,Regular,2025-07-23,14,81,Credit Card,Paid,EV Parking,55,0.0,104.5,0.74
PT103388,F005,Car,Member,2025-06-07,16,106,UPI,Paid,Covered,50,14.25,95.0,0.39
PT103389,F005,Bike,Member,2025-11-26,6,60,Debit Card,Paid,Two-Wheeler,25,0.0,20.0,0.56
PT103390,F002,Car,Member,2025-07-15,7,106,Debit Card,Paid,Open,50,0.0,100.0,0.51
PT103391,F008,Bike,Member,2025-07-31,13,58,UPI,Paid,Two-Wheeler,25,0.0,25.0,0.5
PT103392,F005,Car,Member,2025-02-10,18,86,Wallet,Paid,Covered,50,5.0,100.0,0.56
PT103393,F002,EV Car,Visitor,2025-12-25,22,108,UPI,Paid,EV Parking,55,22.0,110.0,0.44
PT103394,F004,SUV,Member,2025-01-07,9,210,Credit Card,Paid,Open,65,0.0,234.0,0.8
PT103395,F001,SUV,Member,2025-12-16,6,126,UPI,Paid,Covered,65,19.5,195.0,0.57
PT103396,F007,SUV,Member,2025-04-15,11,147,Credit Card,Paid,Covered,65,23.4,156.0,0.6
PT103397,F004,Bike,Regular,2025-11-04,13,110,UPI,Paid,Two-Wheeler,25,0.0,50.0,0.44
PT103398,F005,Bike,Visitor,2025-02-14,14,20,UPI,Paid,Two-Wheeler,25,0.0,25.0,0.65
PT103399,F004,SUV,Member,2025-02-07,21,48,Cash,Paid,Open,65,3.25,65.0,0.42
PT103400,F004,EV Car,Member,2025-06-13,18,20,UPI,Paid,EV Parking,55,2.75,55.0,0.52
PT103401,F008,Bike,Regular,2025-03-22,14,86,Debit Card,Paid,Two-Wheeler,25,0.0,50.0,0.15
PT103402,F008,EV Car,Regular,2025-12-07,12,41,Credit Card,Paid,EV Parking,55,4.95,49.5,0.31
PT103403,F008,Bike,Member,2025-02-27,12,93,Wallet,Paid,Two-Wheeler,25,0.0,50.0,0.42
PT103404,F004,Bike,Member,2025-10-29,14,196,Credit Card,Pending,Two-Wheeler,25,15.0,100.0,0.53
PT103405,F005,Bike,Regular,2025-05-03,16,311,UPI,Paid,Two-Wheeler,25,22.5,150.0,0.82
PT103406,F007,Car,Member,2025-07-14,13,152,UPI,Paid,Open,50,14.25,142.5,0.4
PT103407,F006,Car,Visitor,2025-07-12,12,98,Cash,Paid,Covered,50,0.0,100.0,0.67
PT103408,F004,Car,Member,2025-04-14,15,274,Cash,Pending,Open,50,0.0,250.0,0.37
PT103409,F002,Bike,Member,2025-04-22,14,292,UPI,Paid,Two-Wheeler,25,0.0,125.0,0.61
PT103410,F005,Car,Regular,2025-05-12,13,40,Credit Card,Paid,Covered,50,0.0,45.0,0.46
PT103411,F004,Bike,Regular,2025-04-06,16,179,Credit Card,Paid,Two-Wheeler,25,3.19,63.75,0.75
PT103412,F007,EV Car,Member,2025-03-24,12,67,Wallet,Paid,EV Parking,55,0.0,88.0,0.77
PT103413,F006,Car,Visitor,2025-06-19,13,164,Wallet,Paid,Covered,50,0.0,135.0,0.8
PT103414,F008,Bike,Regular,2025-02-18,20,198,Wallet,Paid,Two-Wheeler,25,0.0,85.0,0.76
PT103415,F005,Car,Member,2025-05-15,16,240,Cash,Paid,Covered,50,0.0,160.0,0.59
PT103416,F003,Car,Regular,2025-09-22,13,101,Wallet,Paid,Covered,50,0.0,90.0,0.53
PT103417,F006,SUV,Member,2025-07-18,14,214,UPI,Paid,Covered,65,13.0,260.0,0.6
PT103418,F002,Bike,Member,2025-10-10,13,68,Cash,Paid,Two-Wheeler,25,4.5,45.0,0.67
PT103419,F004,SUV,Member,2025-02-04,9,79,Debit Card,Paid,Covered,65,0.0,117.0,0.78
PT103420,F007,Car,Regular,2025-12-10,12,183,Wallet,Paid,Covered,50,28.5,190.0,0.57
PT103421,F003,Bike,Regular,2025-07-23,18,70,Credit Card,Paid,Two-Wheeler,25,7.5,50.0,0.99
PT103422,F007,Car,Regular,2025-08-29,13,77,UPI,Failed,Open,50,0.0,100.0,0.75
PT103423,F003,Car,Member,2025-12-15,14,304,Credit Card,Paid,Covered,50,15.0,300.0,0.35
PT103424,F005,Car,Regular,2025-11-19,10,193,Debit Card,Paid,Covered,50,0.0,170.0,0.78
PT103425,F003,Car,Regular,2025-02-12,12,68,UPI,Paid,Covered,50,0.0,100.0,0.38
PT103426,F002,Car,Regular,2025-09-21,19,25,UPI,Paid,Covered,50,0.0,50.0,0.91
PT103427,F002,Car,Member,2025-03-19,12,142,Credit Card,Paid,Open,50,0.0,120.0,0.3
PT103428,F001,EV Car,Regular,2025-02-05,11,193,UPI,Paid,EV Parking,55,33.0,220.0,0.71
PT103429,F002,Car,Regular,2025-10-31,8,114,UPI,Paid,Open,50,13.5,90.0,0.62
PT103430,F006,Car,Regular,2025-06-23,9,177,UPI,Paid,Covered,50,13.5,135.0,0.59
PT103431,F003,Car,Member,2025-05-15,14,170,Wallet,Paid,Open,50,6.38,127.5,0.29
PT103432,F002,Bike,Member,2025-11-26,15,192,Debit Card,Paid,Two-Wheeler,25,5.0,100.0,0.22
PT103433,F005,Car,Regular,2025-05-20,15,480,UPI,Paid,Covered,50,80.0,400.0,0.49
PT103434,F007,SUV,Visitor,2025-02-24,14,96,Debit Card,Paid,Open,65,0.0,110.5,0.48
PT103435,F008,EV Car,Regular,2025-09-09,14,100,Debit Card,Paid,EV Parking,55,0.0,104.5,0.33
PT103436,F007,Car,Visitor,2025-10-06,8,109,UPI,Paid,Open,50,4.75,95.0,0.59
PT103437,F001,Bike,Member,2025-06-29,17,27,UPI,Paid,Two-Wheeler,25,0.0,23.75,0.96
PT103438,F007,Car,Regular,2025-01-13,14,85,Credit Card,Pending,Covered,50,0.0,100.0,0.59
PT103439,F003,Bike,Regular,2025-07-23,9,20,Credit Card,Paid,Two-Wheeler,25,0.0,25.0,0.85
PT103440,F001,Car,Regular,2025-11-05,9,71,Debit Card,Paid,Open,50,4.75,95.0,0.68
PT103441,F003,Car,Regular,2025-03-04,14,114,Credit Card,Paid,Covered,50,0.0,100.0,0.39
PT103442,F005,Car,Regular,2025-03-15,11,248,UPI,Paid,Covered,50,0.0,237.5,0.23
PT103443,F001,Bike,Regular,2025-11-03,19,96,Wallet,Paid,Two-Wheeler,25,0.0,50.0,0.93
PT103444,F004,Car,Regular,2025-06-04,14,25,UPI,Paid,Open,50,0.0,50.0,0.73
PT103445,F006,Car,Visitor,2025-01-07,21,134,Debit Card,Paid,Covered,50,19.12,127.5,0.62
PT103446,F006,Bike,Regular,2025-11-02,16,72,UPI,Paid,Two-Wheeler,25,0.0,42.5,0.47
PT103447,F003,Bike,Regular,2025-12-09,17,232,UPI,Paid,Two-Wheeler,25,5.0,100.0,0.69
PT103448,F007,SUV,Visitor,2025-06-02,13,73,Credit Card,Paid,Covered,65,11.05,110.5,0.63
PT103449,F008,Car,Regular,2025-02-13,9,480,,Paid,Covered,50,0.0,400.0,0.98
PT103450,F008,SUV,Regular,2025-02-05,15,77,Credit Card,Paid,Open,65,13.0,130.0,0.64
PT103451,F004,Bike,Regular,2025-04-07,13,49,UPI,Paid,Two-Wheeler,25,1.25,25.0,0.45
PT103452,F001,Car,Member,2025-06-14,20,23,Credit Card,Paid,Covered,50,2.5,50.0,0.95
PT103453,F004,Bike,Regular,2025-08-22,10,171,Debit Card,Paid,Two-Wheeler,25,0.0,75.0,0.93
PT103454,F004,Bike,Member,2025-04-13,15,284,UPI,Paid,Two-Wheeler,25,0.0,118.75,0.65
PT103455,F007,EV Car,Regular,2025-01-07,18,185,Cash,Paid,EV Parking,55,41.8,209.0,0.58
PT103456,F008,Car,Visitor,2025-04-04,13,58,UPI,Paid,Covered,50,4.0,40.0,0.31
PT103457,F001,Bike,Member,2025-05-01,20,219,UPI,Paid,Two-Wheeler,25,15.0,100.0,0.71
PT103458,F005,Car,Member,2025-12-31,8,103,Debit Card,Paid,Covered,50,12.75,85.0,0.99
PT103459,F007,EV Car,Regular,2025-02-06,14,188,Credit Card,Paid,EV Parking,55,0.0,198.0,0.55
PT103460,F004,Car,Member,2025-01-21,16,143,Credit Card,Paid,Open,50,15.0,150.0,0.3
PT103461,F004,EV Car,Regular,2025-04-08,11,71,UPI,Paid,EV Parking,55,0.0,110.0,0.49
PT103462,F005,EV Car,Regular,2025-10-29,8,50,Cash,Paid,EV Parking,55,5.5,55.0,0.73
PT103463,F004,Car,Member,2025-01-21,8,75,Credit Card,Paid,Covered,50,0.0,100.0,0.99
PT103464,F004,SUV,Member,2025-08-20,12,41,UPI,Paid,Covered,65,0.0,61.75,0.52
PT103465,F004,EV Car,Visitor,2025-12-20,11,201,UPI,Paid,EV Parking,55,20.9,209.0,0.53
PT103466,F006,Car,Member,2025-03-13,11,215,Cash,Paid,Open,50,20.0,200.0,0.95
PT103467,F007,Bike,Regular,2025-12-18,13,382,Credit Card,Paid,Two-Wheeler,25,8.31,166.25,0.47
PT103468,F002,Bike,Visitor,2025-02-21,8,72,UPI,Pending,Two-Wheeler,25,0.0,45.0,0.99
PT103469,F007,Car,Regular,2025-08-10,22,226,UPI,Paid,Covered,50,0.0,200.0,0.34
PT103470,F005,Car,Member,2025-10-12,15,152,UPI,Paid,Covered,50,28.5,142.5,0.54
PT103471,F004,Car,Regular,2025-11-21,7,128,Credit Card,Paid,Covered,50,0.0,150.0,0.42
PT103472,F007,Car,Regular,2025-06-16,15,61,Cash,Pending,Covered,50,0.0,95.0,0.65
PT103473,F006,Bike,Regular,2025-10-10,17,480,Credit Card,Paid,Two-Wheeler,25,10.0,200.0,0.7
PT103474,F008,Car,Regular,2025-07-24,10,283,Credit Card,Paid,Covered,50,0.0,237.5,0.98
PT103475,F005,SUV,Regular,2025-05-18,17,284,Wallet,Paid,Open,65,15.44,308.75,0.99
PT103476,F003,SUV,Member,2025-02-05,15,170,Credit Card,Paid,Covered,65,0.0,156.0,0.44
PT103477,F007,Car,Regular,2025-04-05,17,57,Credit Card,Paid,Covered,50,5.0,50.0,0.83
PT103478,F003,Bike,Regular,2025-01-16,16,20,UPI,Paid,Two-Wheeler,25,3.75,25.0,0.53
PT103479,F004,Bike,Regular,2025-08-25,15,137,Credit Card,Paid,Two-Wheeler,25,11.25,75.0,0.22
PT103480,F006,EV Car,Member,2025-06-13,10,97,Credit Card,Paid,EV Parking,55,5.5,110.0,0.67
PT103481,F006,Car,Member,2025-03-31,12,129,UPI,Paid,Open,50,0.0,150.0,0.47
PT103482,F007,Car,Visitor,2025-04-18,14,140,Wallet,Paid,Covered,50,14.25,142.5,0.46
PT103483,F005,EV Car,Member,2025-03-25,9,196,Cash,Paid,EV Parking,55,22.0,220.0,0.5
PT103484,F005,EV Car,Member,2025-09-12,13,140,Debit Card,Paid,EV Parking,55,8.25,165.0,0.58
PT103485,F006,SUV,Regular,2025-06-14,13,20,Credit Card,Paid,Covered,65,3.25,65.0,0.38
PT103486,F005,SUV,Regular,2025-07-19,11,96,Credit Card,Paid,Covered,65,11.05,110.5,0.31
PT103487,F006,Car,Member,2025-11-20,10,61,UPI,Paid,Open,50,4.75,95.0,0.58
PT103488,F007,Bike,Regular,2025-11-11,11,179,UPI,Paid,Two-Wheeler,25,7.5,75.0,0.51
PT103489,F002,Car,Regular,2025-06-06,14,104,Debit Card,Failed,Open,50,0.0,100.0,0.3
PT103490,F006,Car,Regular,2025-01-31,13,77,Credit Card,Paid,Covered,50,0.0,100.0,0.57
PT103491,F003,SUV,Visitor,2025-03-07,13,41,Cash,Paid,Open,65,3.25,65.0,0.7
PT103492,F005,Car,Member,2025-03-30,10,156,UPI,Paid,Open,50,0.0,142.5,0.62
PT103493,F006,Bike,Regular,2025-09-16,16,146,Credit Card,Pending,Two-Wheeler,25,11.25,75.0,0.58
PT103494,F006,EV Car,Member,2025-09-10,15,109,Debit Card,Paid,EV Parking,55,5.22,104.5,0.68
PT103495,F007,Car,Regular,2025-08-22,13,93,Credit Card,Paid,Covered,50,0.0,100.0,0.33
PT103496,F005,EV Car,Regular,2025-04-17,10,85,Cash,Paid,EV Parking,55,9.35,93.5,0.88
PT103497,F002,EV Car,Member,2025-03-10,16,31,Wallet,Paid,EV Parking,55,5.5,55.0,0.69
PT103498,F007,Bike,Regular,2025-10-05,18,46,UPI,Failed,Two-Wheeler,25,2.12,21.25,0.89
PT103499,F002,Car,Member,2025-12-02,10,235,UPI,Paid,Covered,50,0.0,190.0,0.8
PT103500,F008,Car,Member,2025-07-20,14,150,UPI,Paid,Covered,50,22.5,150.0,0.83
PT103501,F007,Bike,Regular,2025-02-22,13,133,Debit Card,Failed,Two-Wheeler,25,0.0,67.5,0.51
PT103502,F005,Car,Regular,2025-08-29,8,110,UPI,Paid,Covered,50,5.0,100.0,0.64
PT103503,F001,Car,Member,2025-11-28,16,168,Debit Card,Paid,Covered,50,0.0,142.5,0.28
PT103504,F005,EV Car,Visitor,2025-06-24,8,215,UPI,Paid,EV Parking,55,11.0,220.0,0.89
PT103505,F005,Car,Member,2025-02-11,15,42,Debit Card,Paid,Open,50,4.5,45.0,0.43
PT103506,F002,SUV,Member,2025-09-17,12,62,Debit Card,Paid,Covered,65,5.52,110.5,0.43
PT103507,F002,Car,Member,2025-07-29,14,155,Credit Card,Paid,Open,50,0.0,142.5,0.42
PT103508,F005,Bike,Member,2025-02-11,10,242,Credit Card,Paid,Two-Wheeler,25,12.5,125.0,0.83
PT103509,F005,EV Car,Member,2025-12-19,12,480,UPI,Paid,EV Parking,55,22.0,440.0,0.44
PT103510,F005,Car,Regular,2025-06-19,9,172,UPI,Paid,Covered,50,0.0,142.5,0.56
PT103511,F002,Car,Regular,2025-09-16,13,103,Credit Card,Paid,Covered,50,20.0,100.0,0.74
PT103512,F005,Bike,Regular,2025-12-03,11,194,Credit Card,Paid,Two-Wheeler,25,9.0,90.0,0.39
PT103513,F005,SUV,Visitor,2025-07-23,10,114,Wallet,Paid,Open,65,26.0,130.0,0.78
PT103514,F008,Bike,Regular,2025-12-03,9,144,Wallet,Paid,Two-Wheeler,25,15.0,75.0,0.8
PT103515,F004,Car,Member,2025-06-12,16,187,Cash,Failed,Covered,50,30.0,200.0,0.52
PT103516,F001,Car,Member,2025-04-15,15,191,UPI,Paid,Open,50,19.0,190.0,0.69
PT103517,F003,EV Car,Member,2025-06-27,10,219,Debit Card,Paid,EV Parking,55,9.35,187.0,0.87
PT103518,F001,EV Car,Regular,2025-07-10,13,200,UPI,Paid,EV Parking,55,0.0,220.0,0.41
PT103519,F004,Bike,Member,2025-05-04,15,159,UPI,Paid,Two-Wheeler,25,0.0,60.0,0.5
PT103520,F003,SUV,Regular,2025-07-17,18,117,,Paid,Open,65,13.0,130.0,0.75
PT103521,F007,Bike,Regular,2025-04-09,8,327,UPI,Paid,Two-Wheeler,25,0.0,150.0,0.85
PT103522,F005,Bike,Regular,2025-01-06,12,201,UPI,Paid,Two-Wheeler,25,15.0,100.0,0.49
PT103523,F004,Car,Regular,2025-10-15,15,395,Credit Card,Paid,Covered,50,0.0,350.0,0.49
PT103524,F008,Bike,Member,2025-09-24,6,65,Wallet,Paid,Two-Wheeler,25,0.0,45.0,0.49
PT103525,F007,Bike,Member,2025-02-12,11,119,UPI,Paid,Two-Wheeler,25,0.0,42.5,0.36
PT103526,F005,Car,Regular,2025-10-22,16,170,Wallet,Paid,Open,50,0.0,150.0,0.5
PT103527,F002,Bike,Member,2025-05-21,12,43,UPI,Paid,Two-Wheeler,25,0.0,23.75,0.53
PT103528,F006,SUV,Member,2025-09-26,8,199,UPI,Paid,Covered,65,0.0,247.0,0.94
PT103529,F004,Bike,Regular,2025-02-08,15,77,Credit Card,Paid,Two-Wheeler,25,5.0,50.0,0.53
PT103530,F002,Bike,Member,2025-06-11,11,61,Debit Card,Paid,Two-Wheeler,25,0.0,50.0,0.61
PT103531,F004,EV Car,Regular,2025-07-14,15,193,UPI,Paid,EV Parking,55,0.0,220.0,0.58
PT103532,F008,Car,Member,2025-11-20,19,236,UPI,Paid,Covered,50,0.0,200.0,0.99
PT103533,F004,Bike,Visitor,2025-04-14,14,122,Credit Card,Pending,Two-Wheeler,25,0.0,75.0,0.56
PT103534,F002,SUV,Regular,2025-09-02,14,99,UPI,Paid,Covered,65,0.0,110.5,0.54
PT103535,F008,Bike,Member,2025-03-06,14,97,Debit Card,Paid,Two-Wheeler,25,4.25,42.5,0.57
PT103536,F003,Car,Regular,2025-07-20,17,67,Credit Card,Paid,Open,50,9.5,95.0,0.73
PT103537,F001,Car,Regular,2025-08-30,11,179,UPI,Paid,Open,50,0.0,120.0,0.67
PT103538,F005,SUV,Regular,2025-01-07,13,58,Cash,Paid,Covered,65,3.09,61.75,0.38
PT103539,F004,Bike,Regular,2025-08-07,18,96,UPI,Paid,Two-Wheeler,25,0.0,50.0,0.99
PT103540,F005,SUV,Regular,2025-01-03,16,183,Debit Card,Paid,Open,65,0.0,221.0,0.52
PT103541,F006,Bike,Regular,2025-12-08,12,365,Debit Card,Paid,Two-Wheeler,25,26.25,175.0,0.53
PT103542,F002,Bike,Member,2025-11-01,17,81,Wallet,Paid,Two-Wheeler,25,0.0,50.0,0.66
PT103543,F005,SUV,Visitor,2025-11-10,11,156,Credit Card,Paid,Open,65,27.79,185.25,0.52
PT103544,F002,Bike,Member,2025-10-11,15,76,Credit Card,Paid,Two-Wheeler,25,0.0,50.0,0.55
PT103545,F005,Car,Member,2025-01-22,20,49,UPI,Paid,Covered,50,0.0,47.5,0.72
PT103546,F001,Bike,Member,2025-04-04,14,118,Debit Card,Paid,Two-Wheeler,25,0.0,50.0,0.33
PT103547,F001,SUV,Visitor,2025-12-23,17,222,Credit Card,Paid,Covered,65,0.0,247.0,0.75
PT103548,F008,Car,Regular,2025-03-12,16,225,Credit Card,Paid,Covered,50,36.0,180.0,0.43
PT103549,F001,Car,Regular,2025-08-10,18,165,Cash,Paid,Open,50,0.0,150.0,0.68
PT103550,F008,Car,Regular,2025-01-13,20,108,UPI,Paid,Open,50,15.0,100.0,0.85
PT103551,F001,EV Car,Regular,2025-01-05,7,53,Cash,Paid,EV Parking,55,8.25,55.0,0.7
PT103552,F001,Car,Regular,2025-01-22,7,75,Cash,Paid,Open,50,5.0,100.0,0.55
PT103553,F001,Bike,Member,2025-11-05,14,147,Credit Card,Paid,Two-Wheeler,25,0.0,67.5,0.45
PT103554,F002,Car,Member,2025-10-22,20,95,Credit Card,Paid,Covered,50,0.0,100.0,0.99
PT103555,F004,Car,Regular,2025-02-06,13,104,UPI,Paid,Covered,50,0.0,90.0,0.62
PT103556,F008,Bike,Regular,2025-01-31,17,71,Wallet,Paid,Two-Wheeler,25,4.5,45.0,0.99
PT103557,F005,Car,Regular,2025-03-03,16,89,UPI,Paid,Covered,50,0.0,100.0,0.56
PT103558,F001,Bike,Regular,2025-08-09,14,78,Credit Card,Paid,Two-Wheeler,25,7.5,50.0,0.4
PT103559,F002,SUV,Regular,2025-12-25,14,90,Debit Card,Paid,Open,65,6.5,130.0,0.82
PT103560,F002,SUV,Member,2025-03-22,13,90,Wallet,Paid,Open,65,0.0,123.5,0.76
PT103561,F002,Car,Member,2025-08-21,11,157,Debit Card,Pending,Covered,50,15.0,150.0,0.85
PT103562,F008,SUV,Regular,2025-01-06,18,113,Debit Card,Paid,Covered,65,0.0,130.0,0.96
PT103563,F004,Bike,Member,2025-04-15,11,55,UPI,Paid,Two-Wheeler,25,3.75,25.0,0.45
PT103564,F008,SUV,Regular,2025-12-03,19,116,UPI,Failed,Covered,65,0.0,123.5,0.55
PT103565,F005,Bike,Regular,2025-06-11,12,84,UPI,Paid,Two-Wheeler,25,10.0,50.0,0.46
PT103566,F004,Bike,Visitor,2025-12-09,7,22,Cash,Paid,Two-Wheeler,25,2.5,25.0,0.52
PT103567,F003,EV Car,Regular,2025-02-21,10,89,Debit Card,Paid,EV Parking,55,13.2,88.0,0.64
PT103568,F007,SUV,Regular,2025-06-07,18,27,Debit Card,Paid,Open,65,0.0,58.5,0.57
PT103569,F002,Bike,Regular,2025-01-13,9,122,Debit Card,Paid,Two-Wheeler,25,7.5,75.0,0.68
PT103570,F008,Car,Member,2025-07-05,16,105,Credit Card,Paid,Open,50,0.0,90.0,0.56
PT103571,F003,Car,Regular,2025-08-10,10,180,UPI,Pending,Covered,50,13.5,135.0,0.73
PT103572,F006,Car,Regular,2025-08-29,14,83,UPI,Paid,Covered,50,0.0,95.0,0.54
PT103573,F008,Car,Regular,2025-11-05,11,25,UPI,Paid,Covered,50,0.0,47.5,0.74
PT103574,F001,Car,Regular,2025-05-28,12,97,Debit Card,Paid,Covered,50,0.0,100.0,0.54
PT103575,F007,SUV,Member,2025-02-24,9,198,UPI,Paid,Open,65,0.0,260.0,0.97
PT103576,F001,Car,Regular,2025-02-28,14,201,Debit Card,Paid,Covered,50,0.0,190.0,0.36
PT103577,F004,Bike,Member,2025-07-17,12,103,Debit Card,Paid,Two-Wheeler,25,5.0,50.0,0.41
PT103578,F007,Car,Regular,2025-04-08,12,187,Credit Card,Paid,Covered,50,0.0,160.0,0.49
PT103579,F008,Car,Regular,2025-06-05,7,131,UPI,Paid,Covered,50,15.0,150.0,0.3
PT103580,F005,Car,Regular,2025-09-07,9,189,UPI,Paid,Covered,50,0.0,200.0,0.63
PT103581,F003,Car,Member,2025-06-29,15,475,UPI,Paid,Open,50,34.0,340.0,0.58
PT103582,F005,SUV,Member,2025-03-15,12,31,Debit Card,Paid,Open,65,6.5,65.0,0.69
PT103583,F008,SUV,Visitor,2025-03-02,13,79,UPI,Paid,Covered,65,0.0,123.5,0.38
PT103584,F004,Car,Regular,2025-02-14,16,176,Cash,Paid,Open,50,15.0,150.0,0.52
PT103585,F001,Bike,Regular,2025-05-15,13,109,Debit Card,Pending,Two-Wheeler,25,6.75,45.0,0.5
PT103586,F007,Bike,Regular,2025-07-29,11,54,UPI,Paid,Two-Wheeler,25,2.38,23.75,0.6
PT103587,F005,SUV,Regular,2025-03-27,14,119,Debit Card,Paid,Open,65,0.0,123.5,0.48
PT103588,F008,SUV,Regular,2025-09-27,17,124,Debit Card,Paid,Open,65,0.0,165.75,0.76
PT103589,F005,Bike,Regular,2025-10-19,14,141,Debit Card,Paid,Two-Wheeler,25,7.5,75.0,0.59
PT103590,F008,Bike,Member,2025-09-21,13,199,UPI,Paid,Two-Wheeler,25,0.0,100.0,0.24
PT103591,F001,SUV,Regular,2025-09-25,9,155,UPI,Paid,Covered,65,17.55,175.5,0.97
PT103592,F007,Car,Regular,2025-08-13,11,110,UPI,Paid,Covered,50,0.0,95.0,0.54
PT103593,F003,Car,Member,2025-08-04,20,47,UPI,Paid,Covered,50,4.25,42.5,0.64
PT103594,F001,EV Car,Regular,2025-12-28,16,304,Debit Card,Paid,EV Parking,55,0.0,330.0,0.47
PT103595,F005,SUV,Regular,2025-08-19,8,48,Debit Card,Paid,Covered,65,0.0,65.0,0.95
PT103596,F003,Bike,Member,2025-07-09,6,71,Wallet,Paid,Two-Wheeler,25,9.5,47.5,0.15
PT103597,F008,Bike,Member,2025-05-22,10,89,UPI,Paid,Two-Wheeler,25,7.5,50.0,0.8
PT103598,F003,Car,Regular,2025-06-26,20,177,UPI,Paid,Open,50,22.5,150.0,0.85
PT103599,F008,Bike,Visitor,2025-02-20,14,137,Debit Card,Paid,Two-Wheeler,25,15.0,75.0,0.79
PT103600,F001,Bike,Regular,2025-07-09,17,100,UPI,Paid,Two-Wheeler,25,0.0,50.0,0.55
PT103601,F005,Car,Regular,2025-01-05,13,20,UPI,Paid,Open,50,0.0,50.0,0.53
PT103602,F004,SUV,Member,2025-07-30,17,253,Credit Card,Paid,Open,65,0.0,325.0,0.76
PT103603,F005,SUV,Member,2025-07-14,7,135,UPI,Paid,Covered,65,0.0,175.5,0.91
PT103604,F008,Car,Member,2025-01-01,13,150,Debit Card,Paid,Covered,50,0.0,150.0,0.66
PT103605,F002,Bike,Visitor,2025-04-14,12,198,UPI,Paid,Two-Wheeler,25,15.0,100.0,0.73
PT103606,F007,Car,Visitor,2025-12-27,21,67,Debit Card,Paid,Covered,50,0.0,85.0,0.66
PT103607,F006,Bike,Member,2025-04-11,12,91,Cash,Paid,Two-Wheeler,25,0.0,45.0,0.3
PT103608,F004,Car,Regular,2025-05-08,13,218,UPI,Paid,Covered,50,0.0,200.0,0.63
PT103609,F003,Bike,Regular,2025-12-19,16,256,Wallet,Paid,Two-Wheeler,25,0.0,118.75,0.7
PT103610,F004,SUV,Member,2025-11-01,18,127,Credit Card,Paid,Covered,65,0.0,195.0,0.99
PT103611,F007,Car,Regular,2025-09-06,18,325,Wallet,Paid,Open,50,15.0,300.0,0.78
PT103612,F003,EV Car,Regular,2025-12-17,13,422,UPI,Paid,EV Parking,55,0.0,440.0,0.21
PT103613,F007,EV Car,Member,2025-10-18,20,37,Credit Card,Paid,EV Parking,55,2.75,55.0,0.73
PT103614,F003,Car,Visitor,2025-09-26,15,24,UPI,Paid,Open,50,7.5,50.0,0.49
PT103615,F004,Car,Member,2025-02-07,18,103,Debit Card,Paid,Covered,50,5.0,100.0,0.79
PT103616,F003,EV Car,Member,2025-11-30,19,229,Credit Card,Paid,EV Parking,55,11.0,220.0,0.99
PT103617,F003,EV Car,Member,2025-09-07,11,87,Credit Card,Paid,EV Parking,55,0.0,104.5,0.52
PT103618,F002,Car,Regular,2025-08-09,14,49,Wallet,Paid,Covered,50,0.0,47.5,0.46
PT103619,F005,Car,Regular,2025-03-04,14,56,UPI,Paid,Covered,50,0.0,50.0,0.44
PT103620,F005,Car,Regular,2025-09-10,17,40,UPI,Paid,Covered,50,9.5,47.5,0.81
PT103621,F006,EV Car,Regular,2025-09-22,13,69,Credit Card,Paid,EV Parking,55,5.5,110.0,0.43
PT103622,F006,Car,Regular,2025-06-13,11,266,Debit Card,Paid,Covered,50,0.0,250.0,0.31
PT103623,F008,Bike,Regular,2025-01-23,16,99,Credit Card,Paid,Two-Wheeler,25,0.0,42.5,0.52
PT103624,F008,SUV,Regular,2025-03-20,14,277,Credit Card,Paid,Open,65,32.5,325.0,0.62
PT103625,F008,Car,Regular,2025-04-28,18,20,Wallet,Paid,Covered,50,2.5,50.0,0.6
PT103626,F002,Bike,Member,2025-07-04,15,162,Debit Card,Pending,Two-Wheeler,25,3.75,75.0,0.51
PT103627,F006,Car,Regular,2025-02-28,6,115,UPI,Paid,Covered,50,14.25,95.0,0.73
PT103628,F007,SUV,Regular,2025-10-30,20,58,UPI,Paid,Covered,65,3.09,61.75,0.5
PT103629,F008,Car,Visitor,2025-09-09,14,74,Wallet,Paid,Covered,50,5.0,100.0,0.46
PT103630,F008,Bike,Member,2025-03-30,14,106,Debit Card,Paid,Two-Wheeler,25,0.0,45.0,0.64
PT103631,F004,Bike,Regular,2025-08-17,19,113,Wallet,Paid,Two-Wheeler,25,0.0,50.0,0.74
PT103632,F001,Car,Regular,2025-12-09,15,115,UPI,Paid,Covered,50,16.0,80.0,0.52
PT103633,F007,Car,Regular,2025-11-27,13,102,Debit Card,Paid,Covered,50,5.0,100.0,0.6
PT103634,F008,Car,Member,2025-08-26,9,95,Debit Card,Paid,Covered,50,0.0,80.0,0.54
PT103635,F008,Car,Member,2025-10-19,20,110,UPI,Paid,Open,50,4.25,85.0,0.6
PT103636,F008,SUV,Regular,2025-10-22,8,34,Credit Card,Paid,Open,65,0.0,55.25,0.86
PT103637,F001,SUV,Regular,2025-11-17,10,50,Debit Card,Paid,Covered,65,6.5,65.0,0.87
PT103638,F001,Bike,Regular,2025-02-13,17,177,Credit Card,Paid,Two-Wheeler,25,0.0,75.0,0.69
PT103639,F002,Bike,Regular,2025-11-29,14,103,Cash,Paid,Two-Wheeler,25,4.75,47.5,0.77
PT103640,F007,Bike,Member,2025-03-21,10,264,Cash,Paid,Two-Wheeler,25,0.0,112.5,0.8
PT103641,F002,SUV,Regular,2025-06-23,12,178,Cash,Failed,Covered,65,0.0,175.5,0.39
PT103642,F003,Bike,Visitor,2025-05-21,22,48,Cash,Paid,Two-Wheeler,25,0.0,25.0,0.63
PT103643,F001,Car,Regular,2025-02-06,14,204,Credit Card,Paid,Covered,50,19.0,190.0,0.52
PT103644,F004,Car,Regular,2025-01-14,13,56,UPI,Pending,Covered,50,0.0,50.0,0.38
PT103645,F006,Bike,Regular,2025-05-02,18,96,Cash,Paid,Two-Wheeler,25,0.0,50.0,0.53
PT103646,F004,Bike,Regular,2025-08-26,13,277,Credit Card,Paid,Two-Wheeler,25,11.88,118.75,0.48
PT103647,F006,Bike,Regular,2025-02-24,12,127,UPI,Paid,Two-Wheeler,25,0.0,75.0,0.36
PT103648,F001,Car,Regular,2025-01-22,10,240,Credit Card,Paid,Open,50,0.0,190.0,0.8
PT103649,F001,SUV,Regular,2025-12-06,16,81,UPI,Paid,Open,65,0.0,123.5,0.61
PT103650,F001,Car,Member,2025-07-22,14,122,Debit Card,Paid,Covered,50,21.38,142.5,0.21
PT103651,F002,Car,Regular,2025-12-12,9,54,UPI,Paid,Open,50,0.0,50.0,0.74
PT103652,F007,Car,Regular,2025-01-15,14,47,UPI,Paid,Open,50,0.0,50.0,0.84
PT103653,F006,Car,Regular,2025-01-30,10,147,Wallet,Paid,Covered,50,0.0,150.0,0.8
PT103654,F007,Bike,Regular,2025-01-29,21,137,Debit Card,Paid,Two-Wheeler,25,0.0,75.0,0.46
PT103655,F002,Car,Visitor,2025-09-09,11,75,Debit Card,Paid,Covered,50,0.0,80.0,0.55
PT103656,F002,Bike,Regular,2025-06-09,15,25,Debit Card,Paid,Two-Wheeler,25,0.0,22.5,0.64
PT103657,F005,Bike,Member,2025-04-27,15,50,Cash,Paid,Two-Wheeler,25,0.0,25.0,0.56
PT103658,F004,Car,Regular,2025-06-07,15,82,Debit Card,Paid,Covered,50,0.0,95.0,0.29
PT103659,F004,Car,Member,2025-04-18,13,108,Credit Card,Paid,Covered,50,15.0,100.0,0.45
PT103660,F003,SUV,Regular,2025-04-25,8,105,Wallet,Paid,Open,65,0.0,130.0,0.68
PT103661,F008,Bike,Visitor,2025-09-29,21,55,UPI,Paid,Two-Wheeler,25,0.0,23.75,0.57
PT103662,F002,Car,Member,2025-12-04,10,161,Wallet,Paid,Covered,50,22.5,150.0,0.78
PT103663,F006,Car,Regular,2025-06-25,16,130,UPI,Paid,Covered,50,22.5,150.0,0.63
PT103664,F005,Bike,Regular,2025-08-19,9,151,Credit Card,Paid,Two-Wheeler,25,3.75,75.0,0.6
PT103665,F005,Bike,Regular,2025-10-11,12,191,UPI,Paid,Two-Wheeler,25,0.0,90.0,0.72
PT103666,F008,Bike,Member,2025-11-14,14,291,Credit Card,Paid,Two-Wheeler,25,0.0,125.0,0.8
PT103667,F007,SUV,Regular,2025-09-07,13,81,Credit Card,Paid,Covered,65,0.0,130.0,0.27
PT103668,F008,Car,Visitor,2025-02-25,20,259,Wallet,Paid,Open,50,0.0,200.0,0.9
PT103669,F008,Car,Member,2025-11-27,17,55,Wallet,Paid,Covered,50,0.0,50.0,0.69
PT103670,F008,SUV,Regular,2025-09-30,19,188,Wallet,Paid,Covered,65,11.05,221.0,0.78
PT103671,F004,EV Car,Member,2025-07-09,15,76,UPI,Paid,EV Parking,55,0.0,110.0,0.47
PT103672,F002,Car,Member,2025-01-21,11,105,Wallet,Paid,Covered,50,5.0,100.0,0.71
PT103673,F003,Bike,Regular,2025-06-14,14,36,Credit Card,Paid,Two-Wheeler,25,0.0,25.0,0.49
PT103674,F002,Car,Member,2025-10-12,16,96,Cash,Pending,Covered,50,0.0,100.0,0.35
PT103675,F007,Car,Visitor,2025-03-09,8,81,UPI,Paid,Covered,50,10.0,100.0,0.76
PT103676,F001,Car,Regular,2025-09-24,18,74,Credit Card,Paid,Open,50,15.0,100.0,0.44
PT103677,F008,Car,Regular,2025-08-06,15,63,Wallet,Paid,Covered,50,0.0,100.0,0.27
PT103678,F002,SUV,Member,2025-12-04,16,112,Wallet,Paid,Covered,65,6.5,130.0,0.64
PT103679,F007,Bike,Visitor,2025-04-06,15,49,Debit Card,Paid,Two-Wheeler,25,0.0,25.0,0.53
PT103680,F001,Car,Member,2025-07-07,17,92,Debit Card,Paid,Covered,50,0.0,80.0,0.67
PT103681,F001,Car,Regular,2025-07-27,8,77,UPI,Paid,Open,50,10.0,100.0,0.81
PT103682,F008,SUV,Regular,2025-03-15,12,169,Debit Card,Paid,Open,65,0.0,165.75,0.3
PT103683,F003,Car,Regular,2025-12-30,14,131,Credit Card,Paid,Covered,50,0.0,150.0,0.18
PT103684,F006,Bike,Regular,2025-06-11,14,52,UPI,Paid,Two-Wheeler,25,0.0,25.0,0.53
PT103685,F004,Car,Regular,2025-06-10,20,85,UPI,Paid,Covered,50,0.0,90.0,0.98
PT103686,F002,Bike,Member,2025-03-01,7,116,UPI,Paid,Two-Wheeler,25,0.0,45.0,0.36
PT103687,F001,Car,Regular,2025-01-26,18,150,Debit Card,Paid,Covered,50,0.0,142.5,0.75
PT103688,F002,Car,Regular,2025-12-28,14,236,UPI,Paid,Covered,50,40.0,200.0,0.62
PT103689,F006,Car,Regular,2025-01-25,14,189,Credit Card,Paid,Open,50,9.0,180.0,0.63
PT103690,F004,Car,Member,2025-09-15,12,480,UPI,Paid,Open,50,0.0,400.0,0.61
PT103691,F006,Bike,Member,2025-12-12,15,160,Credit Card,Paid,Two-Wheeler,25,0.0,75.0,0.36
PT103692,F004,Bike,,2025-12-06,15,107,Debit Card,Paid,Two-Wheeler,25,2.12,42.5,0.54
PT103693,F005,Car,Member,2025-01-03,10,291,Debit Card,Paid,Covered,50,0.0,250.0,0.66
PT103694,F004,Car,Regular,2025-10-15,15,112,Credit Card,Paid,Covered,50,0.0,95.0,0.36
PT103695,F008,Bike,Regular,2025-09-14,11,64,Credit Card,Failed,Two-Wheeler,25,5.0,50.0,0.54
PT103696,F003,Bike,Member,2025-10-07,15,84,UPI,Paid,Two-Wheeler,25,0.0,50.0,0.42
PT103697,F006,EV Car,Regular,2025-11-02,15,147,Cash,Paid,EV Parking,55,0.0,156.75,0.56
PT103698,F001,Bike,Visitor,2025-09-05,16,99,UPI,Paid,Two-Wheeler,25,0.0,50.0,0.46
PT103699,F008,Bike,Visitor,2025-02-13,6,69,UPI,Paid,Two-Wheeler,25,0.0,50.0,0.57
PT103700,F005,Bike,Regular,2025-02-02,9,93,Debit Card,Paid,Two-Wheeler,25,0.0,50.0,0.95
PT103701,F003,EV Car,Member,2025-10-21,17,217,UPI,Paid,EV Parking,55,29.7,198.0,0.74
PT103702,F002,SUV,Member,2025-04-22,13,116,Cash,Paid,Covered,65,0.0,130.0,0.39
PT103703,F008,Car,Regular,2025-11-04,17,57,UPI,Paid,Covered,50,2.12,42.5,0.93
PT103704,F006,Car,Member,2025-10-18,8,65,Debit Card,Paid,Open,50,4.0,80.0,0.9
PT103705,F007,Car,Member,2025-09-30,16,100,UPI,Paid,Covered,50,0.0,85.0,0.6
PT103706,F007,Bike,Regular,2025-11-10,8,203,UPI,Paid,Two-Wheeler,25,0.0,90.0,0.75
PT103707,F001,SUV,Member,2025-10-31,13,303,UPI,Paid,Open,65,0.0,351.0,0.35
PT103708,F004,Bike,Regular,2025-02-12,19,20,Cash,Paid,Two-Wheeler,25,1.19,23.75,0.85
PT103709,F001,Car,Regular,2025-10-31,8,106,Wallet,Paid,Covered,50,0.0,90.0,0.77
PT103710,F007,SUV,Regular,2025-02-13,12,41,Credit Card,Paid,Covered,65,6.18,61.75,0.46
PT103711,F002,SUV,Regular,2025-10-16,14,256,Cash,Paid,Open,65,39.0,260.0,0.53
PT103712,F005,Car,Member,2025-03-28,18,110,Debit Card,Paid,Covered,50,8.5,85.0,0.71
PT103713,F005,Bike,Regular,2025-08-18,12,110,Wallet,Paid,Two-Wheeler,25,9.5,47.5,0.65
PT103714,F006,Bike,Regular,2025-03-24,17,53,Cash,Paid,Two-Wheeler,25,2.5,25.0,0.81
PT103715,F005,SUV,Regular,2025-07-23,16,171,UPI,Paid,Covered,65,29.25,195.0,0.77
PT103716,F006,SUV,Member,2025-05-10,12,179,Debit Card,Paid,Covered,65,19.5,195.0,0.71
PT103717,F008,Bike,Regular,2025-05-18,12,76,Credit Card,Paid,Two-Wheeler,25,5.0,50.0,0.42
PT103718,F006,Bike,Visitor,2025-03-24,10,161,UPI,Paid,Two-Wheeler,25,6.38,63.75,0.57
PT103719,F008,SUV,Member,2025-06-24,15,66,UPI,Paid,Covered,65,16.58,110.5,0.6
PT103720,F006,Bike,Member,2025-05-16,14,56,Wallet,Paid,Two-Wheeler,25,0.0,25.0,0.53
PT103721,F007,Car,Member,2025-04-17,10,226,Wallet,Paid,Covered,50,9.0,180.0,0.94
PT103722,F007,SUV,Regular,2025-05-31,15,93,Debit Card,Paid,Open,65,0.0,130.0,0.41
PT103723,F004,Car,Member,2025-04-19,14,66,Wallet,Paid,Open,50,14.25,95.0,0.36
PT103724,F008,Car,Regular,2025-08-10,9,224,Cash,Paid,Covered,50,0.0,200.0,0.85
PT103725,F003,SUV,Regular,2025-12-14,20,67,UPI,Paid,Open,65,10.4,104.0,0.99
PT103726,F008,SUV,Regular,2025-11-15,17,265,UPI,Pending,Open,65,32.5,325.0,0.65
PT103727,F006,Car,Regular,2025-11-29,8,111,UPI,Paid,Covered,50,20.0,100.0,0.77
PT103728,F006,Car,Regular,2025-09-04,19,53,UPI,Paid,Open,50,0.0,45.0,0.93
PT103729,F003,Car,Regular,2025-02-06,19,396,UPI,Paid,Covered,50,35.0,350.0,0.85
PT103730,F001,Car,Regular,2025-09-25,7,37,Credit Card,Paid,Covered,50,5.0,50.0,0.46
PT103731,F006,Car,Regular,2025-03-15,11,158,Cash,Paid,Covered,50,22.5,150.0,0.6
PT103732,F004,SUV,,2025-04-25,15,20,Cash,Paid,Covered,65,9.75,65.0,0.61
PT103733,F005,Car,Member,2025-03-22,19,325,Credit Card,Paid,Covered,50,12.0,240.0,0.8
PT103734,F005,Bike,Member,2025-07-12,17,93,Wallet,Paid,Two-Wheeler,25,2.5,50.0,0.75
PT103735,F002,Car,Regular,2025-08-02,12,101,Credit Card,Paid,Open,50,0.0,100.0,0.55
PT103736,F002,EV Car,Member,2025-01-15,7,35,Cash,Paid,EV Parking,55,11.0,55.0,0.4
PT103737,F005,Car,Regular,2025-12-02,13,122,Credit Card,Failed,Covered,50,0.0,150.0,0.49
PT103738,F005,Car,,2025-03-25,9,209,UPI,Paid,Covered,50,19.0,190.0,0.83
PT103739,F007,Car,Member,2025-09-23,11,87,Wallet,Paid,Covered,50,10.0,100.0,0.69
PT103740,F004,Bike,Regular,2025-10-25,15,80,UPI,Paid,Two-Wheeler,25,0.0,47.5,0.39
PT103741,F003,Bike,Regular,2025-06-03,14,84,Credit Card,Paid,Two-Wheeler,25,0.0,47.5,0.6
PT103742,F002,Car,Regular,2025-11-01,12,132,UPI,Paid,Open,50,0.0,150.0,0.38
PT103743,F007,Bike,Regular,2025-09-10,19,112,Debit Card,Pending,Two-Wheeler,25,6.75,45.0,0.89
PT103744,F007,Car,Visitor,2025-09-30,10,244,Wallet,Pending,Covered,50,0.0,250.0,0.97
PT103745,F003,Bike,Member,2025-12-27,13,64,UPI,Paid,Two-Wheeler,25,0.0,50.0,0.35
PT103746,F007,Bike,Member,2025-11-09,14,132,Cash,Paid,Two-Wheeler,25,7.5,75.0,0.44
PT103747,F008,Car,Regular,2025-12-08,12,265,UPI,Paid,Open,50,0.0,250.0,0.4
PT103748,F004,Car,Regular,2025-05-12,15,20,UPI,Paid,Covered,50,7.5,50.0,0.5
PT103749,F005,Car,Member,2025-07-18,18,148,UPI,Paid,Covered,50,0.0,150.0,0.71
PT103750,F006,Car,Member,2025-11-21,14,85,Debit Card,Paid,Open,50,0.0,100.0,0.67
PT103751,F003,Bike,Regular,2025-12-17,16,86,UPI,Paid,Two-Wheeler,25,0.0,42.5,0.56
PT103752,F005,Car,Member,2025-03-24,8,151,Credit Card,Paid,Open,50,0.0,135.0,0.83
PT103753,F005,Car,Visitor,2025-11-02,10,195,UPI,Paid,Covered,50,0.0,200.0,0.74
PT103754,F001,Car,Regular,2025-05-06,13,129,UPI,Paid,Covered,50,14.25,142.5,0.6
PT103755,F008,EV Car,Member,2025-08-02,19,52,Debit Card,Paid,EV Parking,55,0.0,46.75,0.95
PT103756,F003,SUV,Regular,2025-11-19,14,74,UPI,Paid,Covered,65,0.0,104.0,0.46
PT103757,F007,Car,Member,2025-08-03,13,116,UPI,Paid,Covered,50,0.0,100.0,0.65
PT103758,F006,Car,Regular,2025-08-26,14,106,UPI,Paid,Covered,50,0.0,100.0,0.37
PT103759,F003,Car,Regular,2025-03-29,9,104,Credit Card,Paid,Covered,50,14.25,95.0,0.99
PT103760,F007,Bike,Regular,2025-04-23,15,155,Debit Card,Pending,Two-Wheeler,25,0.0,63.75,0.41
PT103761,F005,Car,Regular,2025-04-15,9,225,UPI,Paid,Open,50,38.0,190.0,0.97
PT103762,F006,Bike,Member,2025-03-04,14,22,UPI,Paid,Two-Wheeler,25,0.0,25.0,0.42
PT103763,F007,Bike,Visitor,2025-08-27,16,232,Credit Card,Paid,Two-Wheeler,25,0.0,100.0,0.55
PT103764,F004,SUV,Regular,2025-01-26,13,154,UPI,Paid,Covered,65,0.0,195.0,0.63
PT103765,F007,Car,Member,2025-05-08,19,318,Cash,Paid,Covered,50,0.0,300.0,0.91
PT103766,F001,SUV,Member,2025-01-01,10,147,Debit Card,Paid,Covered,65,19.5,195.0,0.83
PT103767,F008,SUV,Member,2025-04-04,10,62,Debit Card,Pending,Covered,65,0.0,130.0,0.91
PT103768,F005,Car,Member,2025-01-12,14,158,UPI,Paid,Covered,50,0.0,150.0,0.31
PT103769,F007,Car,Regular,2025-06-15,19,121,Debit Card,Failed,Open,50,7.12,142.5,0.8
PT103770,F008,Car,Member,2025-10-25,13,61,Cash,Paid,Open,50,5.0,100.0,0.73
PT103771,F002,Car,Visitor,2025-09-29,19,92,Credit Card,Paid,Covered,50,15.0,100.0,0.91
PT103772,F002,Car,Member,2025-03-08,15,105,Debit Card,Paid,Covered,50,19.0,95.0,0.51
PT103773,F008,Bike,Member,2025-06-16,16,350,Debit Card,Paid,Two-Wheeler,25,7.12,142.5,0.55
PT103774,F008,Car,Member,2025-09-11,19,166,Credit Card,Paid,Covered,50,15.0,150.0,0.67
PT103775,F001,EV Car,Member,2025-12-21,14,53,UPI,Paid,EV Parking,55,4.95,49.5,0.21
PT103776,F004,Car,Regular,2025-09-10,15,202,Debit Card,Paid,Covered,50,0.0,200.0,0.65
PT103777,F005,EV Car,Regular,2025-09-03,14,64,UPI,Paid,EV Parking,55,9.9,99.0,0.59
PT103778,F003,Car,Member,2025-02-28,16,83,Debit Card,Paid,Open,50,0.0,80.0,0.56
PT103779,F001,SUV,Visitor,2025-10-21,11,105,Cash,Paid,Covered,65,11.7,117.0,0.27
PT103780,F004,Car,Regular,2025-05-24,16,121,Cash,Paid,Covered,50,27.0,135.0,0.48
PT103781,F008,Car,Regular,2025-07-28,16,69,Credit Card,Paid,Open,50,0.0,85.0,0.27
PT103782,F003,SUV,Regular,2025-08-14,14,292,,Paid,Open,65,32.5,325.0,0.19
PT103783,F008,Car,Regular,2025-10-11,7,174,UPI,Pending,Covered,50,21.38,142.5,0.43
PT103784,F008,Bike,Regular,2025-04-01,16,306,Debit Card,Paid,Two-Wheeler,25,0.0,142.5,0.77
PT103785,F002,Bike,Regular,2025-04-21,9,105,Cash,Paid,Two-Wheeler,25,0.0,42.5,0.83
PT103786,F002,Bike,Member,2025-08-28,20,52,Debit Card,Paid,Two-Wheeler,25,3.38,22.5,0.74
PT103787,F003,Bike,Regular,2025-12-16,8,69,UPI,Paid,Two-Wheeler,25,10.0,50.0,0.72
PT103788,F001,SUV,Visitor,2025-11-29,16,40,Wallet,Paid,Covered,65,0.0,65.0,0.44
PT103789,F002,Car,Regular,2025-03-21,12,52,Wallet,Paid,Covered,50,0.0,50.0,0.71
PT103790,F005,Bike,Visitor,2025-07-23,16,79,Credit Card,Paid,Two-Wheeler,25,2.5,50.0,0.52
PT103791,F008,SUV,Regular,2025-08-26,14,198,Credit Card,Paid,Covered,65,0.0,260.0,0.76
PT103792,F006,Car,Regular,2025-11-24,15,189,Debit Card,Paid,Open,50,0.0,180.0,0.52
PT103793,F007,Car,Regular,2025-10-21,8,117,Debit Card,Paid,Covered,50,0.0,100.0,0.99
PT103794,F003,SUV,Regular,2025-07-03,20,69,Wallet,Paid,Covered,65,0.0,117.0,0.93
PT103795,F003,Bike,Regular,2025-07-31,6,189,UPI,Paid,Two-Wheeler,25,5.0,100.0,0.51
PT103796,F002,Car,Member,2025-09-08,20,150,Credit Card,Paid,Covered,50,7.12,142.5,0.66
PT103797,F001,Car,Member,2025-08-15,14,208,Debit Card,Paid,Covered,50,9.5,190.0,0.56
PT103798,F008,Bike,Visitor,2025-06-16,11,44,Cash,Paid,Two-Wheeler,25,2.38,23.75,0.36
PT103799,F005,Car,Member,2025-01-31,15,130,Cash,Paid,Open,50,0.0,150.0,0.55
PT103800,F001,Bike,Regular,2025-12-02,15,193,Wallet,Paid,Two-Wheeler,25,0.0,100.0,0.79
PT103801,F004,SUV,Regular,2025-05-31,16,315,Credit Card,Paid,Covered,65,0.0,351.0,0.66
PT103802,F004,Car,Regular,2025-06-11,6,248,Cash,Paid,Covered,50,0.0,250.0,0.45
PT103803,F006,Bike,Regular,2025-04-06,21,44,Credit Card,Pending,Two-Wheeler,25,0.0,25.0,0.46
PT103804,F002,EV Car,Regular,2025-09-30,15,235,Credit Card,Paid,EV Parking,55,0.0,220.0,0.59
PT103805,F002,Bike,Visitor,2025-12-29,12,153,UPI,Paid,Two-Wheeler,25,0.0,75.0,0.45
PT103806,F002,SUV,Regular,2025-01-24,14,230,Cash,Paid,Covered,65,0.0,234.0,0.59
PT103807,F006,Car,Regular,2025-04-28,10,186,Wallet,Paid,Covered,50,9.0,180.0,0.7
PT103808,F004,SUV,Visitor,2025-03-28,11,50,UPI,Paid,Covered,65,3.25,65.0,0.41
PT103809,F001,Car,Visitor,2025-10-02,8,143,UPI,Paid,Covered,50,20.25,135.0,0.69
PT103810,F006,Car,Visitor,2025-02-19,18,163,Cash,Paid,Open,50,13.5,135.0,0.92
PT103811,F006,Car,Regular,2025-11-23,11,174,Debit Card,Paid,Covered,50,7.5,150.0,0.57
PT103812,F001,Car,Member,2025-04-22,16,190,Wallet,Paid,Covered,50,0.0,180.0,0.59
PT103813,F002,SUV,Member,2025-10-07,11,122,UPI,Paid,Covered,65,9.75,195.0,0.78
PT103814,F005,Car,Regular,2025-10-29,10,269,UPI,Paid,Covered,50,0.0,225.0,0.7
PT103815,F001,Bike,Regular,2025-05-16,9,70,Credit Card,Paid,Two-Wheeler,25,0.0,50.0,0.56
PT103816,F004,SUV,Regular,2025-11-29,18,262,UPI,Paid,Covered,65,0.0,325.0,0.83
PT103817,F003,Bike,Member,2025-01-03,9,76,UPI,Paid,Two-Wheeler,25,0.0,50.0,0.84
PT103818,F008,Car,Regular,2025-06-11,8,244,UPI,Pending,Open,50,0.0,250.0,0.84
PT103819,F003,Bike,Member,2025-03-18,6,161,UPI,Paid,Two-Wheeler,25,3.75,75.0,0.47
PT103820,F007,Car,Regular,2025-07-04,12,20,UPI,Paid,Covered,50,5.0,50.0,0.65
PT103821,F007,Car,Regular,2025-02-27,20,182,Wallet,Paid,Covered,50,16.0,160.0,0.93
PT103822,F006,EV Car,Visitor,2025-06-12,19,96,UPI,Paid,EV Parking,55,5.5,110.0,0.94
PT103823,F008,Car,Member,2025-01-21,9,247,Credit Card,Paid,Covered,50,0.0,250.0,0.82
PT103824,F003,Car,Regular,2025-03-06,6,131,Cash,Paid,Open,50,0.0,150.0,0.47
PT103825,F005,SUV,Regular,2025-03-07,16,51,Debit Card,Paid,Covered,65,5.52,55.25,0.6
PT103826,F002,Car,Regular,2025-10-25,12,172,Credit Card,Failed,Covered,50,0.0,150.0,0.44
PT103827,F004,Bike,Regular,2025-10-26,17,185,Debit Card,Paid,Two-Wheeler,25,0.0,90.0,0.85
PT103828,F007,Car,Visitor,2025-10-09,11,220,Cash,Paid,Covered,50,0.0,200.0,0.63
PT103829,F005,Car,Member,2025-06-24,14,53,Cash,Paid,Open,50,7.5,50.0,0.49
PT103830,F004,Car,Member,2025-06-14,7,43,Debit Card,Paid,Covered,50,2.38,47.5,0.43
PT103831,F004,Car,Regular,2025-03-23,18,143,Cash,Paid,Covered,50,0.0,142.5,0.51
PT103832,F002,Car,Regular,2025-05-26,10,200,Credit Card,Paid,Open,50,9.5,190.0,0.99
PT103833,F008,SUV,Member,2025-07-23,12,409,UPI,Pending,Covered,65,0.0,409.5,0.24
PT103834,F006,Bike,Regular,2025-06-13,13,127,Cash,Paid,Two-Wheeler,25,0.0,75.0,0.55
PT103835,F003,EV Car,Regular,2025-04-14,11,111,Credit Card,Paid,EV Parking,55,0.0,110.0,0.71
PT103836,F002,Car,Member,2025-05-10,7,123,Wallet,Paid,Covered,50,0.0,142.5,0.34
PT103837,F005,Bike,Member,2025-03-25,7,170,UPI,Paid,Two-Wheeler,25,3.75,75.0,0.82
PT103838,F006,Bike,Regular,2025-04-30,20,224,UPI,Paid,Two-Wheeler,25,0.0,100.0,0.93
PT103839,F005,EV Car,Regular,2025-09-16,12,185,Wallet,Paid,EV Parking,55,22.0,220.0,0.28
PT103840,F006,Car,Member,2025-04-14,12,273,UPI,Paid,Open,50,0.0,212.5,0.52
PT103841,F008,Bike,Member,2025-12-30,19,268,Wallet,Paid,Two-Wheeler,25,6.25,125.0,0.99
PT103842,F007,SUV,Regular,2025-02-03,17,57,Wallet,Paid,Open,65,3.25,65.0,0.73
PT103843,F005,Car,Member,2025-06-23,15,39,Cash,Paid,Open,50,2.25,45.0,0.62
PT103844,F002,SUV,Regular,2025-11-22,15,71,Credit Card,Paid,Covered,65,5.85,117.0,0.58
PT103845,F006,Car,Regular,2025-08-20,17,47,Debit Card,Paid,Covered,50,10.0,50.0,0.91
PT103846,F006,SUV,Regular,2025-07-04,10,91,Cash,Paid,Open,65,0.0,117.0,0.68
PT103847,F004,EV Car,Visitor,2025-12-10,15,185,Debit Card,Paid,EV Parking,55,22.0,220.0,0.27
PT103848,F004,Bike,Regular,2025-01-18,9,196,Debit Card,Paid,Two-Wheeler,25,9.0,90.0,0.86
PT103849,F001,Bike,Member,2025-08-19,9,219,Wallet,Paid,Two-Wheeler,25,0.0,100.0,0.98
PT103850,F005,Car,Regular,2025-05-15,11,177,Debit Card,Pending,Covered,50,0.0,135.0,0.48
PT103851,F004,EV Car,Regular,2025-02-14,15,49,Wallet,Pending,EV Parking,55,0.0,49.5,0.6
PT103852,F001,Bike,Member,2025-04-22,18,77,UPI,Paid,Two-Wheeler,25,0.0,50.0,0.89
PT103853,F007,Car,Member,2025-03-24,15,95,UPI,Paid,Open,50,0.0,100.0,0.4
PT103854,F007,Bike,Regular,2025-02-08,13,152,Credit Card,Paid,Two-Wheeler,25,0.0,75.0,0.34
PT103855,F004,Bike,Member,2025-09-11,14,78,UPI,Paid,Two-Wheeler,25,2.5,50.0,0.38
PT103856,F005,Car,Regular,2025-05-25,16,104,Debit Card,Paid,Covered,50,0.0,80.0,0.5
PT103857,F006,Car,Regular,2025-11-13,15,35,UPI,Paid,Covered,50,4.25,42.5,0.51
PT103858,F003,Car,Regular,2025-02-20,14,207,Wallet,Paid,Covered,50,0.0,180.0,0.27
PT103859,F008,Bike,Regular,2025-10-20,11,191,UPI,Paid,Two-Wheeler,25,10.0,100.0,0.59
PT103860,F005,Bike,Regular,2025-03-08,15,399,Credit Card,Paid,Two-Wheeler,25,0.0,175.0,0.58
PT103861,F008,Bike,Member,2025-01-24,6,128,UPI,Paid,Two-Wheeler,25,0.0,63.75,0.54
PT103862,F002,SUV,,2025-05-02,14,94,Credit Card,Paid,Covered,65,0.0,123.5,0.38
PT103863,F007,SUV,Member,2025-02-18,17,50,UPI,Paid,Covered,65,3.25,65.0,0.99
PT103864,F004,Bike,Member,2025-05-29,10,192,UPI,Paid,Two-Wheeler,25,0.0,100.0,0.7
PT103865,F004,Car,Regular,2025-07-04,9,241,Debit Card,Paid,Covered,50,37.5,250.0,0.63
PT103866,F008,Bike,Regular,2025-09-07,21,59,UPI,Paid,Two-Wheeler,25,0.0,23.75,0.67
PT103867,F006,Car,Regular,2025-05-25,17,64,UPI,Paid,Covered,50,5.0,100.0,0.76
PT103868,F008,Bike,Visitor,2025-08-31,12,111,Debit Card,Pending,Two-Wheeler,25,0.0,50.0,0.15
PT103869,F002,Bike,Regular,2025-12-31,11,127,UPI,Pending,Two-Wheeler,25,3.38,67.5,0.53
PT103870,F006,Car,Visitor,2025-12-24,12,275,Credit Card,Paid,Covered,50,0.0,250.0,0.41
PT103871,F002,EV Car,Visitor,2025-05-29,13,58,UPI,Paid,EV Parking,55,0.0,55.0,0.3
PT103872,F003,Car,Regular,2025-03-09,17,178,UPI,Paid,Covered,50,0.0,150.0,0.72
PT103873,F007,Bike,Regular,2025-08-12,11,287,Debit Card,Paid,Two-Wheeler,25,0.0,125.0,0.38
PT103874,F004,Car,Member,2025-07-29,16,92,UPI,Paid,Open,50,0.0,100.0,0.38
PT103875,F004,EV Car,Regular,2025-07-11,19,146,Cash,Paid,EV Parking,55,31.35,156.75,0.81
PT103876,F003,Car,Regular,2025-10-27,12,118,Wallet,Paid,Covered,50,0.0,100.0,0.67
PT103877,F001,Car,Regular,2025-05-04,7,30,UPI,Paid,Covered,50,0.0,45.0,0.25
PT103878,F007,Car,Regular,2025-10-11,17,107,Wallet,Paid,Open,50,20.0,100.0,0.95
PT103879,F006,Car,Regular,2025-10-19,15,125,UPI,Paid,Covered,50,0.0,150.0,0.5
PT103880,F003,Car,Regular,2025-10-27,10,138,UPI,Paid,Covered,50,0.0,150.0,0.99
PT103881,F006,Bike,Regular,2025-02-19,14,28,UPI,Paid,Two-Wheeler,25,2.25,22.5,0.66
PT103882,F008,Bike,Regular,2025-07-02,17,88,UPI,Paid,Two-Wheeler,25,6.38,42.5,0.49
PT103883,F005,Car,Visitor,2025-09-04,10,201,Debit Card,Paid,Open,50,20.0,200.0,0.82
PT103884,F004,Car,Regular,2025-03-29,11,107,UPI,Paid,Covered,50,0.0,100.0,0.62
PT103885,F006,SUV,Regular,2025-05-18,11,206,Cash,Paid,Open,65,49.4,247.0,0.39
PT103886,F002,Bike,Member,2025-02-07,22,82,Debit Card,Paid,Two-Wheeler,25,0.0,42.5,0.66
PT103887,F006,SUV,Visitor,2025-02-18,11,271,UPI,Paid,Covered,65,55.25,276.25,0.63
PT103888,F005,Bike,Member,2025-03-13,11,206,Debit Card,Paid,Two-Wheeler,25,9.5,95.0,0.49
PT103889,F007,Car,Visitor,2025-09-15,7,33,Wallet,Paid,Covered,50,7.12,47.5,0.52
PT103890,F004,Car,Member,2025-02-13,21,206,UPI,Paid,Covered,50,0.0,190.0,0.48
PT103891,F008,Car,Regular,2025-10-18,11,130,UPI,Paid,Covered,50,0.0,150.0,0.58
PT103892,F003,SUV,Regular,2025-04-26,16,57,Credit Card,Paid,Covered,65,3.25,65.0,0.7
PT103893,F008,EV Car,Regular,2025-05-29,7,112,Credit Card,Paid,EV Parking,55,0.0,110.0,0.47
PT103894,F005,Bike,Regular,2025-11-09,16,99,Credit Card,Paid,Two-Wheeler,25,0.0,40.0,0.58
PT103895,F004,Car,Regular,2025-12-13,16,83,UPI,Paid,Covered,50,15.0,100.0,0.63
PT103896,F006,Car,Regular,2025-10-06,8,68,Debit Card,Paid,Covered,50,5.0,100.0,0.99
PT103897,F007,Car,Member,2025-10-15,9,49,Debit Card,Failed,Open,50,0.0,45.0,0.66
PT103898,F001,Bike,Regular,2025-08-06,12,23,Credit Card,Paid,Two-Wheeler,25,0.0,23.75,0.31
PT103899,F007,Car,Member,2025-03-12,12,187,UPI,Paid,Covered,50,0.0,200.0,0.47
PT103900,F001,EV Car,Regular,2025-06-10,16,82,Credit Card,Paid,EV Parking,55,0.0,104.5,0.68
PT103901,F002,Car,Member,2025-09-30,8,218,UPI,Paid,Covered,50,0.0,170.0,0.53
PT103902,F007,EV Car,Regular,2025-05-07,15,118,Credit Card,Paid,EV Parking,55,10.45,104.5,0.58
PT103903,F004,SUV,Regular,2025-06-19,11,149,Wallet,Paid,Covered,65,17.55,175.5,0.39
PT103904,F001,SUV,Member,2025-01-17,13,96,Credit Card,Paid,Covered,65,0.0,130.0,0.44
PT103905,F003,Bike,Regular,2025-10-31,6,20,UPI,Paid,Two-Wheeler,25,0.0,25.0,0.5
PT103906,F004,Bike,Regular,2025-08-27,12,296,Credit Card,Paid,Two-Wheeler,25,6.25,125.0,0.53
PT103907,F003,Bike,Visitor,2025-06-25,10,207,Cash,Paid,Two-Wheeler,25,9.0,90.0,0.57
PT103908,F007,Bike,Regular,2025-07-29,14,308,Debit Card,Paid,Two-Wheeler,25,20.25,135.0,0.36
PT103909,F003,Bike,Regular,2025-02-26,10,208,Credit Card,Paid,Two-Wheeler,25,0.0,100.0,0.79
PT103910,F001,EV Car,Regular,2025-12-25,17,99,UPI,Paid,EV Parking,55,10.45,104.5,0.96
PT103911,F004,SUV,Regular,2025-07-08,18,147,Credit Card,Paid,Open,65,0.0,175.5,0.99
PT103912,F006,SUV,Member,2025-02-13,17,134,Credit Card,Paid,Open,65,0.0,185.25,0.97
PT103913,F005,SUV,Regular,2025-05-02,21,77,Wallet,Paid,Covered,65,16.58,110.5,0.33
PT103914,F001,Car,Regular,2025-11-05,19,220,Debit Card,Paid,Open,50,0.0,200.0,0.73
PT103915,F001,Car,Regular,2025-02-02,11,365,Debit Card,Paid,Open,50,0.0,315.0,0.48
PT103916,F006,Bike,Regular,2025-11-08,12,352,Credit Card,Paid,Two-Wheeler,25,0.0,142.5,0.67
PT103917,F004,Bike,Member,2025-01-28,14,166,UPI,Paid,Two-Wheeler,25,0.0,63.75,0.71
PT103918,F004,SUV,Member,2025-05-31,13,62,Cash,Paid,Covered,65,0.0,110.5,0.56
PT103919,F008,Bike,Member,2025-03-04,20,186,Credit Card,Paid,Two-Wheeler,25,4.75,95.0,0.94
PT103920,F007,Bike,Regular,2025-01-07,12,480,Wallet,Paid,Two-Wheeler,25,0.0,200.0,0.99
PT103921,F003,Bike,Regular,2025-04-21,16,104,Credit Card,Paid,Two-Wheeler,25,0.0,50.0,0.71
PT103922,F007,Car,Regular,2025-05-10,14,223,UPI,Paid,Open,50,27.0,180.0,0.47
PT103923,F006,Bike,Regular,2025-05-12,20,184,Debit Card,Paid,Two-Wheeler,25,0.0,90.0,0.61
PT103924,F007,SUV,Regular,2025-01-08,16,146,UPI,Failed,Open,65,29.25,195.0,0.48
PT103925,F006,Car,Regular,2025-11-01,12,144,UPI,Paid,Covered,50,0.0,150.0,0.92
PT103926,F004,Bike,Regular,2025-01-29,10,122,UPI,Paid,Two-Wheeler,25,3.19,63.75,0.53
PT103927,F003,Bike,Regular,2025-12-04,18,112,Debit Card,Paid,Two-Wheeler,25,0.0,50.0,0.7
PT103928,F007,Car,Regular,2025-11-07,19,72,Credit Card,Paid,Open,50,9.0,90.0,0.99
PT103929,F001,Car,Visitor,2025-12-17,17,241,UPI,Paid,Open,50,0.0,237.5,0.62
PT103930,F002,EV Car,Member,2025-01-06,16,140,Credit Card,Paid,EV Parking,55,23.51,156.75,0.62
PT103931,F008,Car,Member,2025-04-22,12,237,UPI,Paid,Covered,50,0.0,200.0,0.66
PT103932,F005,Car,Regular,2025-04-15,14,178,,Paid,Covered,50,7.12,142.5,0.2
PT103933,F001,Car,Regular,2025-07-26,19,177,Credit Card,Failed,Covered,50,0.0,150.0,0.61
PT103934,F004,Bike,Member,2025-02-09,9,111,Debit Card,Paid,Two-Wheeler,25,0.0,45.0,0.62
PT103935,F005,Bike,Regular,2025-09-25,14,27,UPI,Paid,Two-Wheeler,25,0.0,21.25,0.6
PT103936,F002,Bike,Regular,2025-11-16,12,179,Debit Card,Paid,Two-Wheeler,25,0.0,67.5,0.51
PT103937,F002,Car,Regular,2025-02-15,15,147,Debit Card,Paid,Covered,50,0.0,150.0,0.51
PT103938,F003,SUV,Regular,2025-08-29,15,68,Wallet,Paid,Open,65,6.18,123.5,0.45
PT103939,F005,Car,Regular,2025-09-27,14,28,UPI,Paid,Covered,50,0.0,50.0,0.38
PT103940,F003,Car,Member,2025-06-04,11,214,Credit Card,Paid,Covered,50,0.0,200.0,0.73
PT103941,F001,Bike,Member,2025-04-26,10,151,Debit Card,Paid,Two-Wheeler,25,0.0,75.0,0.99
PT103942,F006,Car,Member,2025-02-06,16,49,UPI,Paid,Covered,50,0.0,50.0,0.55
PT103943,F006,SUV,Regular,2025-07-24,22,95,UPI,Paid,Covered,65,0.0,117.0,0.45
PT103944,F006,EV Car,Regular,2025-09-06,10,96,Wallet,Pending,EV Parking,55,5.5,110.0,0.68
PT103945,F005,Car,Regular,2025-04-20,8,233,,Paid,Covered,50,0.0,200.0,0.53
PT103946,F006,SUV,Regular,2025-11-14,16,349,Wallet,Paid,Covered,65,58.5,390.0,0.51
PT103947,F001,SUV,Regular,2025-11-19,12,195,UPI,Paid,Open,65,0.0,221.0,0.17
PT103948,F003,EV Car,Member,2025-03-21,11,189,Debit Card,Paid,EV Parking,55,0.0,220.0,0.58
PT103949,F005,Car,Member,2025-03-17,14,201,Credit Card,Paid,Open,50,28.5,190.0,0.45
PT103950,F003,Bike,Visitor,2025-09-27,15,287,Credit Card,Paid,Two-Wheeler,25,0.0,112.5,0.75
PT103951,F005,Car,Regular,2025-04-08,11,177,Wallet,Paid,Covered,50,0.0,135.0,0.57
PT103952,F003,SUV,Regular,2025-03-17,22,209,UPI,Paid,Open,65,44.2,221.0,0.37
PT103953,F002,Car,Regular,2025-10-09,12,326,Cash,Paid,Covered,50,45.0,300.0,0.66
PT103954,F003,Bike,Regular,2025-03-22,12,70,Debit Card,Paid,Two-Wheeler,25,5.0,50.0,0.34
PT103955,F006,Car,Regular,2025-12-30,13,134,UPI,Paid,Open,50,0.0,150.0,0.53
PT103956,F002,Car,Member,2025-11-05,16,144,Wallet,Paid,Open,50,7.5,150.0,0.42
PT103957,F003,Bike,Visitor,2025-03-04,18,95,Credit Card,Paid,Two-Wheeler,25,8.0,40.0,0.87
PT103958,F005,SUV,Member,2025-09-24,12,20,Cash,Paid,Open,65,8.29,55.25,0.49
PT103959,F005,Bike,Member,2025-02-02,9,213,UPI,Paid,Two-Wheeler,25,0.0,100.0,0.64
PT103960,F008,SUV,Member,2025-10-24,11,139,Cash,Paid,Covered,65,0.0,175.5,0.6
PT103961,F005,Car,Regular,2025-02-09,8,217,Debit Card,Paid,Covered,50,0.0,180.0,0.84
PT103962,F004,Bike,Regular,2025-06-23,15,276,UPI,Paid,Two-Wheeler,25,0.0,125.0,0.68
PT103963,F001,Bike,Regular,2025-09-17,16,37,Debit Card,Paid,Two-Wheeler,25,1.06,21.25,0.51
PT103964,F005,Car,Visitor,2025-08-12,13,108,UPI,Paid,Open,50,0.0,100.0,0.56
PT103965,F002,Bike,Member,2025-08-11,20,94,UPI,Paid,Two-Wheeler,25,0.0,47.5,0.92
PT103966,F008,Bike,Regular,2025-09-24,16,200,UPI,Paid,Two-Wheeler,25,0.0,90.0,0.71
PT103967,F005,Bike,Regular,2025-06-04,12,89,UPI,Paid,Two-Wheeler,25,0.0,47.5,0.4
PT103968,F004,SUV,Visitor,2025-09-21,9,109,UPI,Pending,Covered,65,0.0,130.0,0.72
PT103969,F006,Bike,Member,2025-05-29,14,204,Credit Card,Paid,Two-Wheeler,25,0.0,85.0,0.82
PT103970,F002,Car,Visitor,2025-08-13,14,103,Credit Card,Paid,Covered,50,0.0,100.0,0.62
PT103971,F004,Car,Member,2025-05-07,14,187,Credit Card,Paid,Open,50,40.0,200.0,0.6
PT103972,F006,Bike,Regular,2025-01-05,15,390,UPI,Paid,Two-Wheeler,25,0.0,175.0,0.15
PT103973,F007,Car,Regular,2025-10-15,11,198,Debit Card,Paid,Open,50,0.0,190.0,0.32
PT103974,F007,Car,Regular,2025-12-11,6,80,Debit Card,Paid,Open,50,0.0,100.0,0.52
PT103975,F002,Bike,Member,2025-02-27,17,122,UPI,Paid,Two-Wheeler,25,0.0,75.0,0.93
PT103976,F003,Bike,Member,2025-03-13,17,22,Cash,Paid,Two-Wheeler,25,0.0,25.0,0.56
PT103977,F001,Car,Member,2025-06-04,19,87,Debit Card,Paid,Open,50,0.0,95.0,0.63
PT103978,F008,SUV,Regular,2025-10-09,20,210,Debit Card,Paid,Covered,65,0.0,260.0,0.67
PT103979,F001,Bike,Regular,2025-06-17,10,121,UPI,Paid,Two-Wheeler,25,0.0,63.75,0.8
PT103980,F004,Car,Visitor,2025-01-29,12,93,UPI,Paid,Covered,50,4.25,85.0,0.56
PT103981,F006,SUV,Regular,2025-03-23,18,72,Cash,Paid,Covered,65,0.0,130.0,0.92
PT103982,F001,Bike,Member,2025-09-20,19,100,Cash,Paid,Two-Wheeler,25,0.0,47.5,0.66
PT103983,F006,Bike,Member,2025-04-16,6,38,UPI,Paid,Two-Wheeler,25,1.0,20.0,0.37
PT103984,F006,Bike,Member,2025-10-04,13,126,UPI,Paid,Two-Wheeler,25,0.0,67.5,0.36
PT103985,F004,Car,Regular,2025-12-18,9,205,Debit Card,Paid,Covered,50,0.0,200.0,0.62
PT103986,F004,Bike,Regular,2025-01-10,16,218,Debit Card,Paid,Two-Wheeler,25,0.0,100.0,0.4
PT103987,F004,Car,Visitor,2025-03-03,16,93,Cash,Paid,Covered,50,0.0,95.0,0.62
PT103988,F001,EV Car,Regular,2025-08-12,16,177,UPI,Paid,EV Parking,55,0.0,148.5,0.5
PT103989,F007,SUV,Member,2025-05-16,13,388,Credit Card,Paid,Covered,65,81.9,409.5,0.42
PT103990,F004,Bike,Member,2025-08-12,13,219,UPI,Paid,Two-Wheeler,25,19.0,95.0,0.49
PT103991,F008,Car,Regular,2025-04-24,11,242,UPI,Paid,Open,50,45.0,225.0,0.54
PT103992,F001,Car,Visitor,2025-09-17,12,73,UPI,Paid,Covered,50,0.0,100.0,0.59
PT103993,F004,Car,Member,2025-06-06,21,118,Cash,Paid,Open,50,0.0,100.0,0.36
PT103994,F005,Bike,Member,2025-08-17,7,205,Credit Card,Paid,Two-Wheeler,25,0.0,90.0,0.49
PT103995,F006,Car,Regular,2025-04-10,12,106,Cash,Paid,Open,50,0.0,100.0,0.61
PT103996,F008,Bike,Regular,2025-09-12,16,58,UPI,Paid,Two-Wheeler,25,0.0,25.0,0.68
PT103997,F004,Car,Member,2025-06-28,13,79,UPI,Paid,Covered,50,0.0,100.0,0.46
PT103998,F002,EV Car,Regular,2025-10-02,20,110,UPI,Paid,EV Parking,55,0.0,110.0,0.74
PT103999,F006,Car,Member,2025-08-17,12,68,UPI,Paid,Covered,50,0.0,100.0,0.46
PT104000,F006,EV Car,Visitor,2025-01-31,17,185,Cash,Paid,EV Parking,55,0.0,220.0,0.81
PT104001,F004,EV Car,Member,2025-04-18,17,78,UPI,Paid,EV Parking,55,9.35,93.5,0.95
PT104002,F007,Bike,Member,2025-10-09,6,201,UPI,Paid,Two-Wheeler,25,0.0,100.0,0.29
PT104003,F003,SUV,Member,2025-04-19,13,138,UPI,Paid,Covered,65,29.25,195.0,0.66
PT104004,F007,Bike,Member,2025-01-29,12,139,UPI,Paid,Two-Wheeler,25,0.0,75.0,0.7
PT104005,F004,Bike,Regular,2025-01-17,13,35,Debit Card,Paid,Two-Wheeler,25,0.0,25.0,0.54
PT104006,F006,Car,Regular,2025-06-19,13,31,Credit Card,Paid,Covered,50,0.0,50.0,0.51
PT104007,F008,Car,Regular,2025-06-24,19,64,Debit Card,Paid,Open,50,0.0,80.0,0.81
PT104008,F002,Bike,Regular,2025-03-15,10,51,Debit Card,Paid,Two-Wheeler,25,0.0,22.5,0.72
PT104009,F008,Bike,Regular,2025-08-28,10,76,UPI,Paid,Two-Wheeler,25,0.0,50.0,0.63
PT104010,F008,Bike,Member,2025-04-06,9,161,UPI,Paid,Two-Wheeler,25,3.75,75.0,0.59
PT104011,F006,Car,Visitor,2025-01-02,16,127,Debit Card,Paid,Open,50,0.0,150.0,0.32
PT104012,F007,Car,Regular,2025-07-21,19,286,Debit Card,Paid,Covered,50,0.0,237.5,0.83
PT104013,F002,Car,Member,2025-02-06,12,151,UPI,Pending,Covered,50,19.12,127.5,0.27
PT104014,F001,Car,Regular,2025-04-01,8,110,UPI,Paid,Covered,50,0.0,100.0,0.86
PT104015,F005,Car,Regular,2025-08-21,10,104,UPI,Paid,Open,50,5.0,100.0,0.79
PT104016,F006,Car,Member,2025-05-27,9,96,UPI,Paid,Open,50,0.0,80.0,0.98
PT104017,F004,Car,Regular,2025-10-24,14,480,UPI,Paid,Covered,50,0.0,400.0,0.18
PT104018,F001,SUV,Regular,2025-09-10,12,110,UPI,Failed,Covered,65,0.0,123.5,0.55
PT104019,F005,Car,Member,2025-07-31,18,174,UPI,Paid,Covered,50,0.0,135.0,0.64
PT104020,F004,Bike,Member,2025-03-05,10,58,UPI,Paid,Two-Wheeler,25,2.5,25.0,0.99
PT104021,F008,Car,Regular,2025-01-05,19,292,UPI,Paid,Covered,50,0.0,250.0,0.67
PT104022,F003,SUV,Member,2025-05-26,12,90,Cash,Paid,Open,65,0.0,117.0,0.37
PT104023,F004,Bike,Member,2025-03-13,18,120,Credit Card,Paid,Two-Wheeler,25,0.0,47.5,0.78
PT104024,F002,Car,Regular,2025-04-15,20,81,Wallet,Paid,Open,50,12.75,85.0,0.68
PT104025,F002,Bike,Regular,2025-11-26,21,138,UPI,Failed,Two-Wheeler,25,6.75,67.5,0.54
PT104026,F003,Car,Member,2025-02-05,17,59,Debit Card,Paid,Open,50,7.5,50.0,0.94
PT104027,F001,Bike,Visitor,2025-05-27,9,75,UPI,Paid,Two-Wheeler,25,2.5,50.0,0.66
PT104028,F005,Car,Regular,2025-09-13,8,151,Credit Card,Paid,Covered,50,7.5,150.0,0.93
PT104029,F004,EV Car,Member,2025-08-16,16,89,UPI,Paid,EV Parking,55,0.0,88.0,0.55
PT104030,F002,Bike,Regular,2025-12-15,18,161,UPI,Failed,Two-Wheeler,25,11.25,75.0,0.88
PT104031,F001,Car,Regular,2025-12-31,10,193,Wallet,Paid,Open,50,0.0,200.0,0.72
PT104032,F003,SUV,Member,2025-10-06,20,115,Credit Card,Paid,Open,65,0.0,130.0,0.84
PT104033,F007,Car,Regular,2025-04-23,15,104,Wallet,Paid,Covered,50,4.25,85.0,0.51
PT104034,F006,SUV,Regular,2025-01-11,9,284,UPI,Paid,Open,65,0.0,292.5,0.86
PT104035,F007,Bike,Regular,2025-07-13,10,83,UPI,Paid,Two-Wheeler,25,0.0,50.0,0.88
PT104036,F007,SUV,Regular,2025-08-12,8,262,UPI,Paid,Covered,65,0.0,308.75,0.82
PT104037,F002,Car,Regular,2025-09-07,10,112,Debit Card,Paid,Open,50,0.0,95.0,0.99
PT104038,F008,SUV,Member,2025-09-06,16,133,Credit Card,Paid,Covered,65,15.6,156.0,0.3
PT104039,F008,SUV,Regular,2025-12-17,11,64,Wallet,Paid,Open,65,0.0,104.0,0.27
PT104040,F003,Car,Regular,2025-09-26,14,270,UPI,Paid,Open,50,23.75,237.5,0.55
PT104041,F004,Car,Regular,2025-12-08,16,57,Debit Card,Failed,Covered,50,0.0,50.0,0.15
PT104042,F008,Car,Regular,2025-10-18,18,74,UPI,Paid,Open,50,9.5,95.0,0.62
PT104043,F007,EV Car,Regular,2025-03-24,14,81,UPI,Paid,EV Parking,55,0.0,104.5,0.74
PT104044,F008,Car,Visitor,2025-01-29,14,192,Credit Card,Paid,Covered,50,27.0,180.0,0.35
PT104045,F007,Bike,Member,2025-12-05,19,41,Credit Card,Paid,Two-Wheeler,25,0.0,21.25,0.97
PT104046,F005,Car,Member,2025-03-21,12,158,UPI,Paid,Open,50,0.0,142.5,0.8
PT104047,F002,Car,Member,2025-04-05,11,115,UPI,Paid,Covered,50,0.0,100.0,0.65
PT104048,F002,Bike,Member,2025-09-16,18,81,UPI,Paid,Two-Wheeler,25,0.0,42.5,0.92
PT104049,F004,EV Car,Regular,2025-05-02,8,103,UPI,Pending,EV Parking,55,0.0,110.0,0.44
PT104050,F008,Bike,Member,2025-05-04,10,264,UPI,Paid,Two-Wheeler,25,12.5,125.0,0.78
PT104051,F008,SUV,Member,2025-01-23,13,71,UPI,Paid,Covered,65,19.5,130.0,0.47
PT104052,F006,Bike,Member,2025-08-04,12,103,UPI,Paid,Two-Wheeler,25,2.5,50.0,0.44
PT104053,F001,Car,Regular,2025-10-16,15,44,Wallet,Paid,Covered,50,0.0,50.0,0.65
PT104054,F005,Car,,2025-04-02,9,24,Wallet,Paid,Covered,50,0.0,50.0,0.91
PT104055,F002,Bike,Regular,2025-01-24,13,183,Credit Card,Paid,Two-Wheeler,25,10.0,100.0,0.41
PT104056,F005,EV Car,Member,2025-04-17,17,44,Wallet,Failed,EV Parking,55,5.22,52.25,0.63
PT104057,F002,SUV,Regular,2025-11-02,15,417,Debit Card,Paid,Covered,65,0.0,432.25,0.28
PT104058,F005,Car,Member,2025-02-21,15,71,UPI,Paid,Covered,50,19.0,95.0,0.62
PT104059,F003,Car,Member,2025-07-18,11,96,UPI,Paid,Covered,50,0.0,90.0,0.41
PT104060,F007,Car,Regular,2025-10-21,13,255,Wallet,Paid,Covered,50,25.0,250.0,0.55
PT104061,F002,EV Car,Regular,2025-10-27,10,220,Debit Card,Paid,EV Parking,55,41.8,209.0,0.66
PT104062,F005,SUV,Member,2025-12-11,14,250,Cash,Paid,Covered,65,30.88,308.75,0.47
PT104063,F008,SUV,Regular,2025-02-25,14,89,Cash,Paid,Open,65,0.0,123.5,0.58
PT104064,F001,Car,Member,2025-07-13,15,63,Credit Card,Paid,Open,50,4.75,95.0,0.76
PT104065,F003,Bike,Regular,2025-02-14,18,169,UPI,Paid,Two-Wheeler,25,0.0,67.5,0.64
PT104066,F003,Bike,Regular,2025-12-09,8,101,UPI,Paid,Two-Wheeler,25,4.75,47.5,0.64
PT104067,F001,Car,Member,2025-08-27,13,151,UPI,Paid,Covered,50,0.0,127.5,0.43
PT104068,F005,Bike,Visitor,2025-08-20,14,107,UPI,Paid,Two-Wheeler,25,2.5,50.0,0.56
PT104069,F008,Car,Regular,2025-11-16,14,183,UPI,Paid,Covered,50,24.0,160.0,0.6
PT104070,F004,Car,Regular,2025-08-27,7,109,UPI,Paid,Covered,50,0.0,100.0,0.5
PT104071,F001,SUV,Regular,2025-05-16,10,196,UPI,Paid,Covered,65,0.0,260.0,0.77
PT104072,F005,SUV,Regular,2025-10-12,17,137,Credit Card,Paid,Open,65,9.75,195.0,0.45
PT104073,F001,Bike,Regular,2025-01-13,14,102,UPI,Paid,Two-Wheeler,25,0.0,50.0,0.44
PT104074,F001,Bike,Member,2025-01-29,13,188,Credit Card,Paid,Two-Wheeler,25,0.0,95.0,0.47
PT104075,F002,Car,Regular,2025-06-27,19,52,Credit Card,Paid,Covered,50,0.0,50.0,0.78
PT104076,F005,SUV,Regular,2025-10-20,8,139,Debit Card,Paid,Covered,65,0.0,195.0,0.42
PT104077,F004,SUV,Member,2025-09-14,19,252,Wallet,Paid,Open,65,16.25,325.0,0.92
PT104078,F007,SUV,Regular,2025-04-18,7,82,UPI,Paid,Covered,65,5.85,117.0,0.35
PT104079,F002,SUV,Regular,2025-03-10,14,138,UPI,Paid,Covered,65,0.0,195.0,0.66
PT104080,F001,Car,Visitor,2025-06-25,14,49,Cash,Paid,Open,50,0.0,40.0,0.59
PT104081,F007,Car,Regular,2025-07-02,15,57,Credit Card,Paid,Covered,50,0.0,45.0,0.37
PT104082,F006,Bike,Regular,2025-08-30,7,288,Debit Card,Paid,Two-Wheeler,25,0.0,106.25,0.3
PT104083,F007,Car,Visitor,2025-07-13,14,414,UPI,Paid,Covered,50,35.0,350.0,0.7
PT104084,F001,SUV,Member,2025-11-15,9,115,Cash,Paid,Covered,65,0.0,123.5,0.83
PT104085,F001,Car,Member,2025-01-22,10,268,Wallet,Paid,Covered,50,0.0,250.0,0.67
PT104086,F008,Car,Member,2025-12-16,11,266,Debit Card,Paid,Covered,50,35.62,237.5,0.32
PT104087,F005,Car,Visitor,2025-01-11,15,156,UPI,Failed,Covered,50,0.0,135.0,0.49
PT104088,F005,EV Car,Member,2025-10-12,13,159,Cash,Paid,EV Parking,55,7.42,148.5,0.74
PT104089,F002,Car,Member,2025-12-28,8,132,Debit Card,Paid,Covered,50,0.0,150.0,0.7
PT104090,F004,Bike,Regular,2025-09-16,12,38,Debit Card,Paid,Two-Wheeler,25,0.0,21.25,0.57
PT104091,F002,Bike,Regular,2025-06-22,8,201,UPI,Paid,Two-Wheeler,25,0.0,100.0,0.63
PT104092,F003,Car,Visitor,2025-07-24,15,104,Debit Card,Paid,Covered,50,10.0,100.0,0.51
PT104093,F001,Bike,Regular,2025-09-05,14,77,UPI,Paid,Two-Wheeler,25,5.0,50.0,0.46
PT104094,F007,SUV,Visitor,2025-09-16,13,20,UPI,Paid,Open,65,0.0,55.25,0.4
PT104095,F006,Bike,Member,2025-11-26,19,65,Credit Card,Paid,Two-Wheeler,25,0.0,50.0,0.6
PT104096,F001,SUV,Member,2025-09-27,14,109,UPI,Paid,Open,65,0.0,117.0,0.3
PT104097,F001,Car,Visitor,2025-03-22,18,108,Debit Card,Paid,Open,50,5.0,100.0,0.97
PT104098,F002,Car,Regular,2025-11-17,14,214,Credit Card,Paid,Open,50,8.0,160.0,0.64
PT104099,F006,EV Car,Member,2025-07-07,12,224,UPI,Paid,EV Parking,55,11.0,220.0,0.37
PT104100,F006,Car,Regular,2025-12-04,14,36,Debit Card,Paid,Open,50,7.5,50.0,0.85
PT104101,F006,Bike,Regular,2025-08-19,10,148,Wallet,Paid,Two-Wheeler,25,0.0,75.0,0.89
PT104102,F002,SUV,Regular,2025-01-28,15,218,UPI,Paid,Covered,65,13.0,260.0,0.31
PT104103,F001,Car,Visitor,2025-12-16,21,217,Credit Card,Pending,Covered,50,8.5,170.0,0.42
PT104104,F002,SUV,Regular,2025-11-19,11,86,UPI,Pending,Open,65,0.0,130.0,0.42
PT104105,F005,Car,Visitor,2025-01-03,12,81,Credit Card,Paid,Open,50,15.0,100.0,0.56
PT104106,F005,Car,Regular,2025-08-25,13,190,UPI,Paid,Covered,50,0.0,200.0,0.4
PT104107,F002,Car,Regular,2025-06-30,13,65,UPI,Paid,Covered,50,9.0,90.0,0.56
PT104108,F006,SUV,Regular,2025-01-04,16,66,UPI,Paid,Covered,65,13.0,130.0,0.64
PT104109,F008,Car,Regular,2025-12-14,9,95,Wallet,Paid,Covered,50,14.25,95.0,0.71
PT104110,F001,SUV,Member,2025-03-13,12,102,Debit Card,Paid,Covered,65,0.0,110.5,0.25
PT104111,F002,EV Car,Regular,2025-07-01,14,89,Credit Card,Paid,EV Parking,55,0.0,110.0,0.84
PT104112,F002,Bike,Regular,2025-04-14,14,103,UPI,Paid,Two-Wheeler,25,5.0,50.0,0.63
PT104113,F002,Bike,Member,2025-09-29,14,54,Credit Card,Paid,Two-Wheeler,25,2.5,25.0,0.42
PT104114,F008,Bike,Member,2025-10-14,13,187,UPI,Paid,Two-Wheeler,25,0.0,95.0,0.6
PT104115,F008,Car,Member,2025-03-28,16,90,UPI,Paid,Covered,50,9.5,95.0,0.86
PT104116,F003,Bike,Member,2025-03-14,11,83,Credit Card,Paid,Two-Wheeler,25,0.0,42.5,0.39
PT104117,F005,Bike,Regular,2025-04-01,12,140,UPI,Paid,Two-Wheeler,25,3.75,75.0,0.36
PT104118,F007,EV Car,Member,2025-06-22,13,88,UPI,Pending,EV Parking,55,14.02,93.5,0.63
PT104119,F006,EV Car,Member,2025-11-06,15,161,Credit Card,Paid,EV Parking,55,0.0,165.0,0.33
PT104120,F004,SUV,Regular,2025-07-06,8,66,Cash,Paid,Open,65,0.0,123.5,0.61
PT104121,F008,SUV,Regular,2025-08-24,9,128,UPI,Paid,Covered,65,39.0,195.0,0.84
PT104122,F007,Bike,Member,2025-06-11,16,146,UPI,Paid,Two-Wheeler,25,7.5,75.0,0.54
PT104123,F008,Bike,Member,2025-03-14,11,62,UPI,Paid,Two-Wheeler,25,6.75,45.0,0.32
PT104124,F006,SUV,Visitor,2025-08-13,20,78,Wallet,Paid,Open,65,0.0,110.5,0.97
PT104125,F004,Car,Regular,2025-08-18,20,65,Cash,Paid,Open,50,18.0,90.0,0.51
PT104126,F003,EV Car,Visitor,2025-09-11,15,20,Credit Card,Paid,EV Parking,55,0.0,55.0,0.39
PT104127,F002,Car,Member,2025-06-11,16,159,Wallet,Paid,Covered,50,0.0,142.5,0.5
PT104128,F003,Bike,Member,2025-12-21,15,183,Credit Card,Paid,Two-Wheeler,25,0.0,100.0,0.58
PT104129,F008,SUV,Member,2025-09-07,10,39,Wallet,Paid,Covered,65,6.5,65.0,0.8
PT104130,F003,EV Car,Member,2025-07-18,14,327,UPI,Paid,EV Parking,55,49.5,330.0,0.39
PT104131,F007,Car,Visitor,2025-08-28,17,126,UPI,Paid,Open,50,14.25,142.5,0.68
PT104132,F001,SUV,Visitor,2025-08-25,16,135,Debit Card,Paid,Open,65,9.75,195.0,0.44
PT104133,F008,Bike,Visitor,2025-03-17,18,447,UPI,Paid,Two-Wheeler,25,0.0,200.0,0.89
PT104134,F008,Car,Visitor,2025-12-08,19,412,Debit Card,Paid,Open,50,0.0,350.0,0.59
PT104135,F007,SUV,Regular,2025-10-22,11,185,UPI,Paid,Covered,65,0.0,247.0,0.43
PT104136,F005,Bike,Regular,2025-02-14,16,46,Credit Card,Paid,Two-Wheeler,25,0.0,25.0,0.4
PT104137,F004,Bike,Regular,2025-12-09,15,62,UPI,Pending,Two-Wheeler,25,0.0,50.0,0.84
PT104138,F002,Car,Member,2025-06-28,18,169,UPI,Paid,Open,50,22.5,150.0,0.57
PT104139,F007,Bike,Regular,2025-08-10,10,83,Wallet,Paid,Two-Wheeler,25,5.0,50.0,0.67
PT104140,F004,Bike,Regular,2025-01-17,16,52,Cash,Paid,Two-Wheeler,25,2.25,22.5,0.39
PT104141,F006,Car,Visitor,2025-08-07,13,60,Wallet,Paid,Covered,50,0.0,47.5,0.33
PT104142,F004,Car,Regular,2025-03-25,13,110,Debit Card,Failed,Open,50,0.0,100.0,0.66
PT104143,F006,EV Car,Regular,2025-07-10,7,136,Debit Card,Paid,EV Parking,55,0.0,165.0,0.43
PT104144,F007,Bike,Regular,2025-05-12,20,53,Credit Card,Paid,Two-Wheeler,25,0.0,25.0,0.99
PT104145,F008,SUV,Regular,2025-10-14,15,63,UPI,Paid,Covered,65,0.0,110.5,0.4
PT104146,F008,Car,Visitor,2025-04-04,14,53,UPI,Paid,Covered,50,0.0,50.0,0.52
PT104147,F005,Car,Member,2025-04-05,11,171,UPI,Paid,Covered,50,0.0,150.0,0.46
PT104148,F007,Car,Visitor,2025-07-03,15,70,Cash,Paid,Covered,50,4.25,85.0,0.39
PT104149,F006,Car,Regular,2025-05-12,20,44,UPI,Paid,Covered,50,0.0,50.0,0.59
PT104150,F004,Bike,Regular,2025-03-23,10,65,Wallet,Paid,Two-Wheeler,25,0.0,45.0,0.99
PT104151,F004,Bike,Visitor,2025-12-06,21,194,Credit Card,Paid,Two-Wheeler,25,0.0,100.0,0.48
PT104152,F006,Bike,Regular,2025-10-23,13,91,Debit Card,Paid,Two-Wheeler,25,0.0,42.5,0.55
PT104153,F003,Car,Regular,2025-12-26,21,399,UPI,Failed,Covered,50,0.0,350.0,0.41
PT104154,F005,Bike,Regular,2025-04-22,15,194,UPI,Paid,Two-Wheeler,25,0.0,100.0,0.65
PT104155,F001,Car,Member,2025-10-30,12,138,Wallet,Paid,Covered,50,6.75,135.0,0.44
PT104156,F008,Car,Regular,2025-11-02,12,246,UPI,Paid,Covered,50,0.0,250.0,0.54
PT104157,F002,EV Car,Member,2025-02-20,12,131,UPI,Paid,EV Parking,55,23.51,156.75,0.68
PT104158,F004,Bike,Visitor,2025-10-21,12,85,UPI,Paid,Two-Wheeler,25,0.0,50.0,0.63
PT104159,F002,Bike,Member,2025-07-08,15,215,UPI,Paid,Two-Wheeler,25,0.0,100.0,0.87
PT104160,F001,Car,Regular,2025-07-27,6,103,UPI,Paid,Open,50,0.0,95.0,0.53
PT104161,F007,EV Car,Visitor,2025-05-29,20,301,Debit Card,Paid,EV Parking,55,0.0,297.0,0.99
PT104162,F002,Bike,Visitor,2025-09-22,16,110,Credit Card,Paid,Two-Wheeler,25,0.0,42.5,0.51
PT104163,F001,SUV,Regular,2025-10-08,20,180,Credit Card,Paid,Open,65,29.25,195.0,0.72
PT104164,F008,Car,Regular,2025-04-23,16,114,UPI,Paid,Covered,50,0.0,95.0,0.46
PT104165,F006,EV Car,Member,2025-02-05,13,74,Cash,Paid,EV Parking,55,5.5,110.0,0.68
PT104166,F003,SUV,Regular,2025-04-21,10,125,Debit Card,Paid,Covered,65,0.0,185.25,0.65
PT104167,F008,SUV,Member,2025-06-20,14,257,UPI,Paid,Covered,65,0.0,308.75,0.37
PT104168,F004,Car,Regular,2025-03-19,16,265,UPI,Pending,Covered,50,0.0,237.5,0.48
PT104169,F001,Car,Member,2025-12-03,18,107,UPI,Paid,Open,50,0.0,100.0,0.65
PT104170,F002,Car,Regular,2025-01-28,12,58,Debit Card,Paid,Covered,50,0.0,50.0,0.51
PT104171,F004,Car,Regular,2025-02-14,14,20,Debit Card,Paid,Covered,50,10.0,50.0,0.64
PT104172,F003,SUV,Regular,2025-12-27,15,225,Wallet,Pending,Open,65,23.4,234.0,0.34
PT104173,F006,Car,Regular,2025-10-31,14,224,UPI,Paid,Covered,50,40.0,200.0,0.74
PT104174,F007,Car,Regular,2025-05-22,8,117,Credit Card,Failed,Open,50,0.0,85.0,0.71
PT104175,F004,Car,Member,2025-01-15,13,198,UPI,Paid,Covered,50,20.0,200.0,0.48
PT104176,F007,Car,Regular,2025-05-08,17,141,UPI,Paid,Open,50,7.12,142.5,0.4
PT104177,F001,Car,Member,2025-06-16,17,155,Credit Card,Paid,Open,50,7.5,150.0,0.65
PT104178,F003,SUV,Member,2025-06-02,14,172,UPI,Paid,Open,65,39.0,195.0,0.23
PT104179,F002,Bike,Regular,2025-03-04,20,52,Debit Card,Paid,Two-Wheeler,25,1.0,20.0,0.99
PT104180,F003,Car,Member,2025-02-28,17,123,Credit Card,Paid,Covered,50,21.38,142.5,0.99
PT104181,F003,Bike,Member,2025-07-22,16,233,Cash,Paid,Two-Wheeler,25,10.0,100.0,0.48
PT104182,F005,Car,Visitor,2025-06-06,14,145,UPI,Paid,Covered,50,0.0,135.0,0.48
PT104183,F003,Car,Regular,2025-01-03,14,26,Wallet,Pending,Open,50,2.5,50.0,0.37
PT104184,F003,Bike,Member,2025-02-08,11,158,Wallet,Pending,Two-Wheeler,25,0.0,71.25,0.57
PT104185,F008,SUV,Member,2025-10-05,14,176,Wallet,Paid,Covered,65,27.79,185.25,0.56
PT104186,F004,SUV,Member,2025-04-11,14,88,Debit Card,Paid,Covered,65,13.0,130.0,0.5
PT104187,F002,SUV,Regular,2025-06-18,11,50,Cash,Paid,Covered,65,0.0,65.0,0.35
PT104188,F008,Car,Regular,2025-01-20,20,139,Credit Card,Paid,Covered,50,0.0,150.0,0.77
PT104189,F008,EV Car,Regular,2025-05-21,11,178,UPI,Paid,EV Parking,55,0.0,165.0,0.56
PT104190,F004,SUV,Member,2025-12-13,9,67,Debit Card,Paid,Open,65,0.0,123.5,0.74
PT104191,F004,EV Car,Regular,2025-10-02,13,148,Debit Card,Paid,EV Parking,55,0.0,165.0,0.62
PT104192,F001,Car,Regular,2025-11-18,15,29,Wallet,Paid,Open,50,5.0,50.0,0.34
PT104193,F004,EV Car,Regular,2025-07-12,10,232,Credit Card,Paid,EV Parking,55,10.45,209.0,0.99
PT104194,F005,SUV,Regular,2025-06-01,10,79,UPI,Paid,Covered,65,13.0,130.0,0.57
PT104195,F005,SUV,Member,2025-08-24,11,163,Debit Card,Paid,Covered,65,0.0,195.0,0.6
PT104196,F008,Car,Member,2025-10-21,12,201,Wallet,Paid,Covered,50,0.0,200.0,0.55
PT104197,F007,SUV,Visitor,2025-07-27,11,112,UPI,Paid,Open,65,0.0,123.5,0.87
PT104198,F001,EV Car,Member,2025-02-06,13,228,UPI,Pending,EV Parking,55,31.35,209.0,0.39
PT104199,F007,Bike,Member,2025-03-19,6,82,Credit Card,Paid,Two-Wheeler,25,0.0,42.5,0.22
PT104200,F007,Bike,Regular,2025-06-21,8,199,UPI,Paid,Two-Wheeler,25,0.0,85.0,0.38
PT104201,F008,EV Car,Regular,2025-02-14,16,242,UPI,Failed,EV Parking,55,0.0,275.0,0.52
PT104202,F006,Bike,Regular,2025-12-03,13,148,UPI,Failed,Two-Wheeler,25,7.5,75.0,0.71
PT104203,F008,Bike,Member,2025-03-25,12,22,Cash,Paid,Two-Wheeler,25,0.0,25.0,0.69
PT104204,F002,Bike,Regular,2025-04-03,6,191,UPI,Paid,Two-Wheeler,25,4.5,90.0,0.62
PT104205,F002,EV Car,Member,2025-06-03,12,92,Credit Card,Paid,EV Parking,55,11.0,110.0,0.61
PT104206,F004,Car,Regular,2025-04-16,17,141,Debit Card,Paid,Open,50,15.0,150.0,0.83
PT104207,F004,Bike,Member,2025-12-24,12,188,Wallet,Paid,Two-Wheeler,25,0.0,100.0,0.88
PT104208,F006,Bike,Regular,2025-07-28,20,116,Wallet,Paid,Two-Wheeler,25,0.0,45.0,0.81
PT104209,F004,SUV,Member,2025-07-23,13,242,Credit Card,Paid,Covered,65,0.0,325.0,0.67
PT104210,F002,Bike,Member,2025-09-05,13,191,Wallet,Paid,Two-Wheeler,25,0.0,100.0,0.48
PT104211,F007,EV Car,Regular,2025-12-14,17,124,UPI,Paid,EV Parking,55,8.25,165.0,0.67
PT104212,F008,EV Car,Visitor,2025-12-18,21,140,Debit Card,Paid,EV Parking,55,0.0,132.0,0.42
PT104213,F003,Car,Visitor,2025-08-14,12,173,Debit Card,Paid,Covered,50,0.0,142.5,0.76
PT104214,F005,Car,Visitor,2025-12-02,9,243,UPI,Paid,Covered,50,0.0,250.0,0.76
PT104215,F003,Car,Regular,2025-02-17,14,62,Credit Card,Paid,Covered,50,5.0,100.0,0.73
PT104216,F003,Car,Member,2025-09-03,14,216,UPI,Paid,Open,50,0.0,200.0,0.28
PT104217,F002,Bike,Member,2025-01-31,20,138,Cash,Paid,Two-Wheeler,25,3.75,75.0,0.6
PT104218,F003,EV Car,Regular,2025-07-02,13,282,,Paid,EV Parking,55,0.0,275.0,0.49
PT104219,F008,SUV,Member,2025-09-14,9,62,Debit Card,Paid,Covered,65,26.0,130.0,0.48
PT104220,F006,Car,Member,2025-05-06,15,105,UPI,Pending,Covered,50,4.0,80.0,0.63
PT104221,F001,Car,Member,2025-08-07,7,465,UPI,Paid,Open,50,0.0,400.0,0.55
PT104222,F004,Bike,Regular,2025-09-02,13,82,Wallet,Paid,Two-Wheeler,25,0.0,50.0,0.39
PT104223,F001,Bike,Member,2025-05-19,13,204,Debit Card,Paid,Two-Wheeler,25,0.0,100.0,0.62
PT104224,F007,Car,Member,2025-08-15,11,154,Wallet,Paid,Open,50,0.0,150.0,0.24
PT104225,F008,SUV,Regular,2025-10-29,20,247,UPI,Pending,Open,65,0.0,325.0,0.71
PT104226,F008,EV Car,Regular,2025-09-14,13,274,UPI,Paid,EV Parking,55,41.25,275.0,0.63
PT104227,F005,Car,Regular,2025-09-12,18,89,Credit Card,Paid,Covered,50,5.0,100.0,0.6
PT104228,F008,SUV,Regular,2025-03-11,14,244,Credit Card,Failed,Covered,65,0.0,325.0,0.36
PT104229,F004,Car,Member,2025-03-07,17,163,UPI,Paid,Open,50,6.38,127.5,0.74
PT104230,F008,SUV,Regular,2025-01-02,13,147,Debit Card,Paid,Covered,65,0.0,195.0,0.96
PT104231,F003,Bike,Member,2025-11-21,22,172,UPI,Paid,Two-Wheeler,25,15.0,75.0,0.62
PT104232,F005,Car,Regular,2025-09-26,15,210,UPI,Paid,Open,50,0.0,180.0,0.6
PT104233,F004,EV Car,Regular,2025-12-05,10,94,UPI,Paid,EV Parking,55,11.0,110.0,0.65
PT104234,F006,Bike,Visitor,2025-10-30,6,48,Credit Card,Paid,Two-Wheeler,25,2.0,20.0,0.56
PT104235,F006,SUV,Regular,2025-05-09,19,120,Debit Card,Paid,Covered,65,0.0,104.0,0.65
PT104236,F006,Car,Member,2025-05-26,15,39,Credit Card,Paid,Open,50,0.0,45.0,0.69
PT104237,F006,Car,Regular,2025-04-23,9,98,Credit Card,Paid,Open,50,0.0,80.0,0.86
PT104238,F003,Car,Regular,2025-10-15,16,132,UPI,Paid,Covered,50,22.5,150.0,0.57
PT104239,F008,Bike,Regular,2025-04-06,11,105,Wallet,Paid,Two-Wheeler,25,0.0,50.0,0.63
PT104240,F001,Bike,Member,2025-09-24,17,182,Wallet,Pending,Two-Wheeler,25,4.25,85.0,0.99
PT104241,F004,Car,Regular,2025-01-08,14,160,Debit Card,Paid,Covered,50,14.25,142.5,0.68
PT104242,F003,Bike,Member,2025-08-08,9,455,UPI,Paid,Two-Wheeler,25,18.0,180.0,0.99
PT104243,F006,Bike,Regular,2025-08-01,8,70,Credit Card,Paid,Two-Wheeler,25,0.0,50.0,0.86
PT104244,F007,SUV,Regular,2025-04-12,13,52,Debit Card,Paid,Covered,65,0.0,65.0,0.56
PT104245,F008,Bike,Member,2025-06-15,19,69,Wallet,Paid,Two-Wheeler,25,5.0,50.0,0.87
PT104246,F001,EV Car,Visitor,2025-09-19,14,75,Wallet,Paid,EV Parking,55,0.0,110.0,0.68
PT104247,F007,Bike,Regular,2025-01-02,16,83,Cash,Paid,Two-Wheeler,25,7.5,50.0,0.37
PT104248,F005,Bike,Member,2025-07-21,13,102,UPI,Paid,Two-Wheeler,25,0.0,50.0,0.5
PT104249,F007,Car,Member,2025-11-25,13,423,Wallet,Paid,Covered,50,0.0,400.0,0.39
PT104250,F005,Car,Regular,2025-07-02,17,20,Credit Card,Paid,Covered,50,5.0,50.0,0.54
PT104251,F005,Car,Regular,2025-09-16,13,118,Cash,Paid,Covered,50,0.0,90.0,0.36
PT104252,F006,Bike,Visitor,2025-11-18,10,69,UPI,Paid,Two-Wheeler,25,0.0,42.5,0.61
PT104253,F005,Car,Member,2025-08-16,11,148,UPI,Paid,Covered,50,0.0,142.5,0.58
PT104254,F002,Car,Member,2025-07-19,14,107,Credit Card,Paid,Covered,50,0.0,100.0,0.43
PT104255,F004,SUV,Visitor,2025-01-26,13,111,UPI,Paid,Covered,65,11.7,117.0,0.79
PT104256,F004,Car,Visitor,2025-12-16,12,100,UPI,Paid,Open,50,0.0,85.0,0.47
PT104257,F006,Car,Member,2025-04-12,15,54,Cash,Paid,Covered,50,0.0,50.0,0.32
PT104258,F002,Car,Regular,2025-05-16,15,137,UPI,Paid,Covered,50,0.0,150.0,0.7
PT104259,F007,SUV,Member,2025-11-27,12,30,UPI,Paid,Covered,65,13.0,65.0,0.43
PT104260,F003,Car,Regular,2025-12-11,12,127,UPI,Paid,Covered,50,0.0,150.0,0.67
PT104261,F007,Bike,Visitor,2025-07-16,16,188,UPI,Paid,Two-Wheeler,25,20.0,100.0,0.59
PT104262,F008,Bike,Member,2025-01-30,19,172,Wallet,Paid,Two-Wheeler,25,11.25,75.0,0.55
PT104263,F003,Bike,Member,2025-10-26,12,52,UPI,Paid,Two-Wheeler,25,0.0,25.0,0.44
PT104264,F005,Bike,Member,2025-05-13,12,76,UPI,Paid,Two-Wheeler,25,5.0,50.0,0.43
PT104265,F001,SUV,Member,2025-09-13,11,154,Wallet,Pending,Covered,65,8.29,165.75,0.35
PT104266,F003,Car,Member,2025-01-20,10,284,Cash,Paid,Open,50,0.0,237.5,0.64
PT104267,F001,Car,Regular,2025-11-04,12,343,UPI,Paid,Covered,50,0.0,285.0,0.46
PT104268,F004,Car,Member,2025-01-21,14,183,Debit Card,Paid,Covered,50,20.0,200.0,0.41
PT104269,F001,Car,Regular,2025-02-10,14,142,Debit Card,Paid,Covered,50,13.5,135.0,0.55
PT104270,F004,Car,Regular,2025-12-30,15,77,Debit Card,Paid,Covered,50,10.0,100.0,0.15
PT104271,F002,Car,Regular,2025-06-01,8,141,Credit Card,Paid,Covered,50,30.0,150.0,0.78
PT104272,F002,Bike,Regular,2025-11-04,14,74,Wallet,Paid,Two-Wheeler,25,0.0,50.0,0.44
PT104273,F006,Bike,Member,2025-01-02,11,205,UPI,Paid,Two-Wheeler,25,10.0,100.0,0.61
PT104274,F006,Car,Regular,2025-02-13,11,153,UPI,Paid,Covered,50,22.5,150.0,0.37
PT104275,F005,SUV,Member,2025-02-10,16,213,UPI,Paid,Open,65,0.0,260.0,0.54
PT104276,F003,Car,Regular,2025-11-22,10,87,Credit Card,Paid,Covered,50,0.0,85.0,0.64
PT104277,F005,Car,Member,2025-09-20,12,62,Wallet,Paid,Open,50,0.0,90.0,0.7
PT104278,F004,Bike,Regular,2025-10-21,15,67,Credit Card,Paid,Two-Wheeler,25,7.5,50.0,0.74
PT104279,F005,Car,Regular,2025-06-22,15,146,UPI,Paid,Covered,50,0.0,150.0,0.5
PT104280,F001,Car,Regular,2025-01-09,7,156,UPI,Paid,Open,50,15.0,150.0,0.39
PT104281,F004,Car,Member,2025-02-22,8,84,UPI,Paid,Covered,50,0.0,100.0,0.76
PT104282,F006,EV Car,Member,2025-10-11,15,49,Wallet,Paid,EV Parking,55,0.0,55.0,0.38
PT104283,F002,SUV,Visitor,2025-05-08,20,306,Credit Card,Paid,Covered,65,19.5,390.0,0.62
PT104284,F006,Car,Member,2025-01-19,22,179,Debit Card,Paid,Covered,50,0.0,150.0,0.66
PT104285,F003,SUV,Member,2025-05-12,21,270,Debit Card,Paid,Covered,65,43.88,292.5,0.62
PT104286,F004,SUV,Regular,2025-01-13,12,67,Debit Card,Paid,Covered,65,0.0,130.0,0.22
PT104287,F004,Bike,Regular,2025-08-08,11,88,Debit Card,Paid,Two-Wheeler,25,7.5,50.0,0.58
PT104288,F001,SUV,Regular,2025-09-24,9,55,UPI,Paid,Covered,65,0.0,65.0,0.99
PT104289,F003,Car,Regular,2025-09-02,12,196,Cash,Paid,Covered,50,38.0,190.0,0.33
PT104290,F002,Car,Regular,2025-09-15,11,128,Debit Card,Paid,Covered,50,7.12,142.5,0.35
PT104291,F007,Bike,Member,2025-05-20,14,90,Debit Card,Paid,Two-Wheeler,25,0.0,47.5,0.59
PT104292,F004,Bike,Regular,2025-09-04,12,200,,Paid,Two-Wheeler,25,0.0,100.0,0.94
PT104293,F004,Bike,Regular,2025-08-20,11,110,Cash,Paid,Two-Wheeler,25,0.0,45.0,0.52
PT104294,F001,Bike,Visitor,2025-02-25,15,73,Cash,Paid,Two-Wheeler,25,2.5,50.0,0.49
PT104295,F005,EV Car,Member,2025-03-29,12,288,Wallet,Paid,EV Parking,55,27.5,275.0,0.77
PT104296,F008,EV Car,Regular,2025-09-11,12,48,UPI,Paid,EV Parking,55,0.0,49.5,0.55
PT104297,F002,SUV,Regular,2025-02-21,14,20,Credit Card,Paid,Covered,65,0.0,65.0,0.59
PT104298,F006,SUV,Member,2025-09-04,9,31,Credit Card,Pending,Covered,65,2.92,58.5,0.87
PT104299,F003,EV Car,Regular,2025-09-09,16,34,UPI,Paid,EV Parking,55,0.0,55.0,0.76
PT104300,F004,Car,Member,2025-05-05,20,140,Cash,Paid,Covered,50,6.0,120.0,0.72
PT104301,F004,Car,Regular,2025-07-20,14,151,Debit Card,Paid,Covered,50,0.0,150.0,0.67
PT104302,F006,Bike,Member,2025-12-27,14,91,Debit Card,Paid,Two-Wheeler,25,4.5,45.0,0.23
PT104303,F002,SUV,Regular,2025-05-12,13,142,Wallet,Paid,Covered,65,39.0,195.0,0.33
PT104304,F008,Bike,Regular,2025-06-26,20,129,UPI,Paid,Two-Wheeler,25,0.0,75.0,0.99
PT104305,F005,SUV,Regular,2025-02-21,9,48,Debit Card,Paid,Open,65,0.0,55.25,0.44
PT104306,F004,Car,Regular,2025-02-03,17,175,Credit Card,Paid,Covered,50,0.0,150.0,0.7
PT104307,F008,Car,Member,2025-01-22,15,245,UPI,Paid,Covered,50,12.5,250.0,0.5
PT104308,F002,SUV,Regular,2025-05-21,17,264,UPI,Paid,Covered,65,0.0,325.0,0.63
PT104309,F006,Car,Visitor,2025-11-15,20,92,Cash,Paid,Covered,50,15.0,100.0,0.99
PT104310,F001,Car,Member,2025-09-28,14,213,Credit Card,Pending,Open,50,10.0,200.0,0.71
PT104311,F005,Car,Regular,2025-06-17,12,236,Cash,Paid,Covered,50,0.0,190.0,0.43
PT104312,F003,Car,Regular,2025-02-07,16,101,Credit Card,Paid,Open,50,10.0,100.0,0.37
PT104313,F004,SUV,Regular,2025-12-27,17,365,UPI,Paid,Covered,65,0.0,455.0,0.95
PT104314,F002,Car,Regular,2025-09-03,15,343,UPI,Paid,Covered,50,30.0,300.0,0.4
PT104315,F001,Bike,Regular,2025-08-23,17,27,UPI,Paid,Two-Wheeler,25,0.0,25.0,0.94
PT104316,F003,Car,Member,2025-02-24,16,124,Wallet,Paid,Covered,50,6.75,135.0,0.61
PT104317,F007,SUV,Regular,2025-04-30,20,172,UPI,Paid,Covered,65,23.4,156.0,0.69
PT104318,F002,Car,Regular,2025-03-07,14,37,Wallet,Paid,Open,50,4.25,42.5,0.54
PT104319,F002,Bike,Member,2025-11-18,13,59,Wallet,Paid,Two-Wheeler,25,3.0,20.0,0.55
PT104320,F003,SUV,Regular,2025-11-24,15,131,Wallet,Paid,Covered,65,0.0,195.0,0.62
PT104321,F001,Car,Regular,2025-06-15,8,141,Credit Card,Paid,Covered,50,15.0,150.0,0.37
PT104322,F007,SUV,Regular,2025-07-29,14,75,Wallet,Paid,Open,65,6.18,123.5,0.6
PT104323,F008,Bike,Member,2025-03-16,16,75,UPI,Paid,Two-Wheeler,25,2.5,50.0,0.5
PT104324,F008,Bike,Visitor,2025-05-14,10,188,UPI,Pending,Two-Wheeler,25,0.0,100.0,0.83
PT104325,F006,Car,Regular,2025-09-22,13,59,UPI,Paid,Covered,50,0.0,45.0,0.54
PT104326,F001,EV Car,Regular,2025-06-23,12,177,Wallet,Paid,EV Parking,55,7.01,140.25,0.56
PT104327,F005,SUV,Member,2025-08-31,12,95,UPI,Paid,Covered,65,0.0,130.0,0.61
PT104328,F004,Car,Regular,2025-03-30,15,92,Credit Card,Paid,Open,50,10.0,100.0,0.48
PT104329,F003,Car,Visitor,2025-09-07,14,107,UPI,Paid,Covered,50,9.5,95.0,0.29
PT104330,F006,SUV,Regular,2025-01-31,17,151,UPI,Paid,Covered,65,29.25,195.0,0.73
PT104331,F007,Bike,Regular,2025-10-04,8,123,UPI,Paid,Two-Wheeler,25,0.0,60.0,0.99
PT104332,F003,SUV,Regular,2025-02-07,13,159,Cash,Paid,Covered,65,29.25,195.0,0.21
PT104333,F003,Bike,Regular,2025-11-04,6,41,Credit Card,Paid,Two-Wheeler,25,0.0,22.5,0.29
PT104334,F001,SUV,Member,2025-05-18,11,164,Wallet,Paid,Covered,65,0.0,175.5,0.46
PT104335,F004,Car,Regular,2025-03-17,16,139,Debit Card,Pending,Open,50,15.0,150.0,0.35
PT104336,F005,Car,Regular,2025-12-05,9,199,Wallet,Paid,Open,50,0.0,200.0,0.99
PT104337,F008,Bike,Member,2025-09-10,9,94,Credit Card,Paid,Two-Wheeler,25,0.0,45.0,0.79
PT104338,F002,EV Car,Regular,2025-03-20,13,83,Debit Card,Paid,EV Parking,55,0.0,110.0,0.44
PT104339,F002,Car,Visitor,2025-02-07,16,130,Credit Card,Paid,Open,50,0.0,150.0,0.3
PT104340,F003,Bike,Regular,2025-11-14,15,68,Credit Card,Pending,Two-Wheeler,25,5.0,50.0,0.31
PT104341,F008,Bike,Member,2025-11-24,16,64,Cash,Paid,Two-Wheeler,25,0.0,47.5,0.62
PT104342,F008,Bike,Visitor,2025-06-12,7,113,Debit Card,Paid,Two-Wheeler,25,0.0,50.0,0.45
PT104343,F004,SUV,Member,2025-12-24,14,58,Cash,Paid,Covered,65,3.09,61.75,0.17
PT104344,F007,SUV,Member,2025-05-08,13,201,Debit Card,Paid,Covered,65,0.0,260.0,0.59
PT104345,F007,Car,Member,2025-06-07,18,147,UPI,Paid,Covered,50,12.75,127.5,0.91
PT104346,F006,EV Car,Member,2025-11-25,16,157,Debit Card,Paid,EV Parking,55,24.75,165.0,0.15
PT104347,F001,SUV,Member,2025-11-15,13,160,UPI,Paid,Covered,65,19.5,195.0,0.39
PT104348,F004,SUV,Regular,2025-03-24,14,143,Credit Card,Paid,Covered,65,26.32,175.5,0.66
PT104349,F004,Bike,Regular,2025-08-05,13,48,Debit Card,Paid,Two-Wheeler,25,0.0,25.0,0.54
PT104350,F001,SUV,Regular,2025-07-21,13,169,Wallet,Paid,Open,65,17.55,175.5,0.53
PT104351,F008,Car,Regular,2025-10-05,15,64,UPI,Paid,Covered,50,0.0,100.0,0.71
PT104352,F007,Car,Regular,2025-06-01,11,138,UPI,Paid,Covered,50,0.0,150.0,0.59
PT104353,F007,SUV,Member,2025-01-26,12,107,UPI,Paid,Covered,65,5.85,117.0,0.67
PT104354,F008,Car,Regular,2025-12-09,11,56,UPI,Paid,Open,50,0.0,47.5,0.47
PT104355,F007,Car,Regular,2025-09-11,17,20,Cash,Paid,Covered,50,7.5,50.0,0.97
PT104356,F003,SUV,Visitor,2025-09-08,20,72,Cash,Paid,Covered,65,5.2,104.0,0.84
PT104357,F004,SUV,Member,2025-06-16,13,33,Debit Card,Paid,Covered,65,12.35,61.75,0.52
PT104358,F002,Car,Member,2025-12-19,8,25,Cash,Paid,Open,50,0.0,50.0,0.82
PT104359,F001,SUV,Regular,2025-05-20,9,51,UPI,Paid,Covered,65,0.0,65.0,0.64
PT104360,F007,Bike,Regular,2025-08-17,13,67,UPI,Paid,Two-Wheeler,25,4.25,42.5,0.52
PT104361,F006,Bike,Member,2025-03-14,13,147,UPI,Paid,Two-Wheeler,25,0.0,75.0,0.23
PT104362,F007,SUV,Regular,2025-10-26,10,144,Cash,Paid,Covered,65,0.0,165.75,0.78
PT104363,F007,Car,Member,2025-08-24,17,228,Debit Card,Pending,Open,50,10.0,200.0,0.93
PT104364,F005,Car,Visitor,2025-07-14,14,204,Debit Card,Paid,Covered,50,40.0,200.0,0.54
PT104365,F003,Car,Member,2025-03-29,9,246,UPI,Paid,Covered,50,25.0,250.0,0.66
PT104366,F001,Bike,Member,2025-04-07,9,198,UPI,Paid,Two-Wheeler,25,0.0,100.0,0.76
PT104367,F005,Bike,Member,2025-06-15,13,134,Wallet,Paid,Two-Wheeler,25,0.0,75.0,0.54
PT104368,F005,SUV,Regular,2025-10-23,9,82,UPI,Paid,Open,65,6.5,130.0,0.81
PT104369,F006,SUV,Member,2025-07-22,14,141,Debit Card,Paid,Open,65,0.0,195.0,0.61
PT104370,F004,Bike,Regular,2025-07-06,13,157,UPI,Paid,Two-Wheeler,25,0.0,75.0,0.45
PT104371,F006,SUV,Visitor,2025-10-02,19,291,UPI,Paid,Open,65,0.0,292.5,0.68
PT104372,F004,Car,Member,2025-01-20,13,267,Debit Card,Paid,Open,50,0.0,200.0,0.52
PT104373,F004,Car,Regular,2025-03-14,15,161,UPI,Paid,Covered,50,0.0,150.0,0.53
PT104374,F001,SUV,Member,2025-12-04,17,64,Debit Card,Paid,Covered,65,0.0,130.0,0.87
PT104375,F007,Car,Regular,2025-12-27,12,20,Debit Card,Paid,Open,50,2.5,50.0,0.52
PT104376,F001,Car,Member,2025-11-06,14,480,Credit Card,Paid,Open,50,0.0,400.0,0.51
PT104377,F003,Bike,Member,2025-03-23,9,102,Debit Card,Paid,Two-Wheeler,25,4.5,45.0,0.73
PT104378,F004,Car,Regular,2025-10-23,13,219,Credit Card,Paid,Covered,50,0.0,170.0,0.61
PT104379,F005,SUV,Member,2025-12-22,12,70,UPI,Paid,Covered,65,16.58,110.5,0.7
PT104380,F007,Car,Visitor,2025-01-27,13,95,Debit Card,Paid,Covered,50,0.0,100.0,0.54
PT104381,F002,Car,Regular,2025-05-21,9,53,Credit Card,Paid,Open,50,0.0,47.5,0.62
PT104382,F003,Car,Regular,2025-02-16,13,118,UPI,Paid,Covered,50,0.0,100.0,0.7
PT104383,F001,Bike,Visitor,2025-04-22,18,250,Wallet,Paid,Two-Wheeler,25,0.0,125.0,0.82
PT104384,F006,Car,Visitor,2025-08-23,19,144,Credit Card,Paid,Open,50,0.0,127.5,0.92
PT104385,F003,Bike,Regular,2025-05-31,11,66,Cash,Paid,Two-Wheeler,25,5.0,50.0,0.59
PT104386,F003,SUV,Regular,2025-11-11,12,153,Cash,Paid,Covered,65,27.79,185.25,0.36
PT104387,F007,EV Car,Member,2025-11-29,6,103,Credit Card,Pending,EV Parking,55,0.0,110.0,0.56
PT104388,F003,Car,Regular,2025-05-06,9,156,Credit Card,Paid,Open,50,0.0,127.5,0.89
PT104389,F003,Bike,Regular,2025-01-07,12,39,UPI,Pending,Two-Wheeler,25,2.5,25.0,0.72
PT104390,F002,Bike,Visitor,2025-02-19,15,74,Credit Card,Paid,Two-Wheeler,25,2.5,50.0,0.68
PT104391,F008,EV Car,Member,2025-12-26,12,241,Cash,Paid,EV Parking,55,0.0,275.0,0.44
PT104392,F006,EV Car,Member,2025-03-07,8,51,Debit Card,Paid,EV Parking,55,5.5,55.0,0.83
PT104393,F006,Car,Member,2025-12-28,16,70,UPI,Paid,Covered,50,0.0,95.0,0.6
PT104394,F006,SUV,Regular,2025-06-16,13,142,Credit Card,Paid,Open,65,9.75,195.0,0.23
PT104395,F004,Car,Member,2025-09-09,14,480,Wallet,Paid,Open,50,0.0,380.0,0.5
PT104396,F005,Car,Regular,2025-09-20,12,76,Credit Card,Paid,Covered,50,0.0,90.0,0.61
PT104397,F008,Car,Regular,2025-07-15,15,145,Debit Card,Paid,Covered,50,0.0,150.0,0.44
PT104398,F006,Bike,Member,2025-07-02,18,54,Debit Card,Paid,Two-Wheeler,25,2.25,22.5,0.97
PT104399,F003,Bike,Regular,2025-09-21,14,108,UPI,Paid,Two-Wheeler,25,0.0,42.5,0.73
PT104400,F003,Car,Regular,2025-10-15,14,207,UPI,Paid,Covered,50,20.0,200.0,0.56
PT104401,F006,Bike,Member,2025-10-02,12,20,Debit Card,Paid,Two-Wheeler,25,2.5,25.0,0.31
PT104402,F007,Car,Regular,2025-04-28,8,48,Credit Card,Paid,Open,50,5.0,50.0,0.78
PT104403,F006,Bike,Visitor,2025-11-09,13,469,Credit Card,Paid,Two-Wheeler,25,0.0,200.0,0.56
PT104404,F003,Car,Visitor,2025-12-13,19,272,Debit Card,Paid,Covered,50,0.0,225.0,0.94
PT104405,F004,Car,Regular,2025-10-04,15,220,Debit Card,Paid,Covered,50,0.0,200.0,0.54
PT104406,F001,Car,Regular,2025-05-12,14,28,UPI,Paid,Covered,50,2.5,50.0,0.56
PT104407,F001,Car,Member,2025-05-27,15,95,UPI,Paid,Covered,50,15.0,100.0,0.63
PT104408,F008,Bike,Visitor,2025-01-29,14,72,UPI,Paid,Two-Wheeler,25,0.0,45.0,0.7
PT104409,F008,Car,Member,2025-11-23,19,243,Credit Card,Paid,Open,50,35.62,237.5,0.67
PT104410,F006,Bike,Regular,2025-11-16,11,114,UPI,Paid,Two-Wheeler,25,0.0,50.0,0.96
PT104411,F002,Car,Member,2025-08-13,18,153,Credit Card,Paid,Open,50,0.0,150.0,0.67
PT104412,F006,Bike,Member,2025-05-19,15,93,UPI,Failed,Two-Wheeler,25,0.0,47.5,0.69
PT104413,F007,SUV,Member,2025-10-16,9,80,Credit Card,Paid,Covered,65,13.0,130.0,0.86
PT104414,F006,Car,Regular,2025-10-08,12,72,UPI,Paid,Covered,50,0.0,90.0,0.27
PT104415,F008,Bike,Regular,2025-01-26,13,76,Credit Card,Paid,Two-Wheeler,25,0.0,42.5,0.49
PT104416,F001,Car,Regular,2025-10-19,8,93,Credit Card,Paid,Open,50,10.0,100.0,0.83
PT104417,F003,Bike,Member,2025-09-24,14,130,UPI,Paid,Two-Wheeler,25,0.0,75.0,0.53
PT104418,F006,Car,Regular,2025-10-13,11,92,Wallet,Paid,Covered,50,0.0,100.0,0.65
PT104419,F003,Bike,Member,2025-11-09,13,90,UPI,Paid,Two-Wheeler,25,0.0,42.5,0.19
PT104420,F003,Bike,Member,2025-04-07,13,118,Debit Card,Paid,Two-Wheeler,25,0.0,42.5,0.22
PT104421,F002,EV Car,Regular,2025-05-18,14,118,Wallet,Paid,EV Parking,55,0.0,110.0,0.54
PT104422,F003,Bike,Visitor,2025-10-08,17,89,Credit Card,Paid,Two-Wheeler,25,0.0,50.0,0.73
PT104423,F001,Bike,Member,2025-04-06,16,177,Cash,Pending,Two-Wheeler,25,3.38,67.5,0.46
PT104424,F004,Car,Regular,2025-02-26,18,74,UPI,Paid,Open,50,0.0,85.0,0.96
PT104425,F004,EV Car,Regular,2025-05-03,14,53,Credit Card,Paid,EV Parking,55,2.75,55.0,0.47
PT104426,F005,SUV,Visitor,2025-08-19,15,60,Credit Card,Paid,Open,65,0.0,65.0,0.46
PT104427,F007,Car,Member,2025-10-17,13,140,UPI,Paid,Open,50,0.0,150.0,0.85
PT104428,F006,SUV,Regular,2025-03-27,16,94,Credit Card,Paid,Covered,65,0.0,130.0,0.31
PT104429,F007,Bike,Member,2025-11-06,11,52,UPI,Paid,Two-Wheeler,25,0.0,21.25,0.56
PT104430,F001,SUV,Member,2025-02-20,13,33,Debit Card,Paid,Covered,65,0.0,65.0,0.62
PT104431,F003,SUV,Member,2025-08-16,16,183,Wallet,Paid,Covered,65,0.0,234.0,0.51
PT104432,F004,Car,Visitor,2025-01-06,16,37,UPI,Paid,Open,50,7.5,50.0,0.58
PT104433,F007,SUV,Member,2025-11-06,11,318,UPI,Failed,Covered,65,31.2,312.0,0.41
PT104434,F001,Car,,2025-09-30,10,96,Credit Card,Paid,Covered,50,0.0,100.0,0.68
PT104435,F004,Car,Member,2025-12-10,12,112,Credit Card,Paid,Open,50,5.0,100.0,0.41
PT104436,F003,Car,Visitor,2025-01-02,19,186,Debit Card,Paid,Covered,50,9.5,190.0,0.64
PT104437,F007,SUV,Regular,2025-10-03,9,90,Credit Card,Paid,Open,65,13.0,130.0,0.83
PT104438,F004,Car,Member,2025-04-01,20,203,UPI,Paid,Open,50,0.0,200.0,0.55
PT104439,F006,Car,Regular,2025-09-19,22,83,Debit Card,Paid,Open,50,0.0,100.0,0.3
PT104440,F008,SUV,Member,2025-08-30,16,232,Cash,Paid,Open,65,0.0,234.0,0.23
PT104441,F006,Car,Regular,2025-09-03,16,149,Credit Card,Paid,Covered,50,0.0,150.0,0.45
PT104442,F005,Car,Regular,2025-03-20,20,184,Credit Card,Paid,Covered,50,0.0,200.0,0.91
PT104443,F005,Car,Regular,2025-11-07,12,169,UPI,Paid,Covered,50,22.5,150.0,0.41
PT104444,F004,Car,Regular,2025-10-31,9,294,UPI,Paid,Covered,50,31.88,212.5,0.81
PT104445,F008,Bike,Regular,2025-02-27,17,89,UPI,Failed,Two-Wheeler,25,0.0,50.0,0.76
PT104446,F001,Car,Member,2025-08-13,10,265,Credit Card,Paid,Open,50,0.0,212.5,0.99
PT104447,F006,EV Car,Visitor,2025-07-21,7,387,Wallet,Paid,EV Parking,55,0.0,346.5,0.44
PT104448,F001,SUV,Visitor,2025-01-06,10,220,Credit Card,Paid,Covered,65,0.0,260.0,0.99
PT104449,F008,Car,Member,2025-01-30,13,158,UPI,Paid,Open,50,6.0,120.0,0.57
PT104450,F001,Car,Member,2025-05-31,14,32,UPI,Paid,Covered,50,0.0,50.0,0.57
PT104451,F008,Bike,Regular,2025-02-05,8,150,UPI,Paid,Two-Wheeler,25,6.75,67.5,0.81
PT104452,F004,Bike,Regular,2025-04-20,13,76,Debit Card,Paid,Two-Wheeler,25,9.0,45.0,0.81
PT104453,F001,Car,Member,2025-05-01,14,59,Credit Card,Paid,Covered,50,2.12,42.5,0.8
PT104454,F006,Car,Member,2025-08-29,19,86,UPI,Paid,Covered,50,4.5,90.0,0.79
PT104455,F003,SUV,Regular,2025-09-16,11,93,Credit Card,Paid,Covered,65,0.0,123.5,0.5
PT104456,F005,Car,Regular,2025-03-31,11,283,UPI,Paid,Covered,50,0.0,250.0,0.3
PT104457,F003,Car,Member,2025-01-30,13,88,UPI,Paid,Covered,50,0.0,100.0,0.51
PT104458,F001,SUV,Visitor,2025-08-25,21,63,UPI,Paid,Covered,65,6.5,130.0,0.8
PT104459,F003,Bike,Regular,2025-06-19,12,33,UPI,Pending,Two-Wheeler,25,0.0,25.0,0.7
PT104460,F006,Car,Regular,2025-05-29,7,152,UPI,Paid,Open,50,15.0,150.0,0.57
PT104461,F006,Bike,Regular,2025-03-29,11,155,UPI,Paid,Two-Wheeler,25,0.0,63.75,0.28
PT104462,F001,Car,Member,2025-01-04,14,178,Debit Card,Paid,Covered,50,0.0,150.0,0.48
PT104463,F004,SUV,Regular,2025-09-09,13,52,Debit Card,Paid,Covered,65,0.0,65.0,0.35
PT104464,F003,Bike,Member,2025-02-20,16,88,Credit Card,Paid,Two-Wheeler,25,10.0,50.0,0.42
PT104465,F004,SUV,Member,2025-01-24,14,57,Cash,Paid,Covered,65,0.0,65.0,0.44
PT104466,F004,EV Car,Member,2025-02-15,14,71,UPI,Paid,EV Parking,55,0.0,110.0,0.61
PT104467,F008,EV Car,Member,2025-04-26,12,87,Cash,Paid,EV Parking,55,0.0,110.0,0.68
PT104468,F002,EV Car,Regular,2025-01-27,14,139,UPI,Paid,EV Parking,55,8.25,165.0,0.59
PT104469,F001,Bike,Regular,2025-04-05,15,38,UPI,Paid,Two-Wheeler,25,4.5,22.5,0.58
PT104470,F005,Car,Member,2025-04-09,10,52,UPI,Paid,Open,50,0.0,50.0,0.99
PT104471,F006,Bike,Member,2025-04-26,16,134,UPI,Paid,Two-Wheeler,25,10.12,67.5,0.43
PT104472,F006,Bike,Regular,2025-10-03,13,37,Wallet,Paid,Two-Wheeler,25,0.0,25.0,0.39
PT104473,F001,SUV,Member,2025-12-02,16,273,UPI,Paid,Covered,65,14.62,292.5,0.64
PT104474,F008,Car,Member,2025-04-05,10,58,UPI,Paid,Open,50,0.0,50.0,0.85
PT104475,F007,EV Car,Regular,2025-07-18,15,22,UPI,Paid,EV Parking,55,0.0,52.25,0.55
PT104476,F007,SUV,Regular,2025-05-26,7,67,UPI,Paid,Open,65,5.85,117.0,0.35
PT104477,F007,EV Car,Regular,2025-06-04,10,77,UPI,Paid,EV Parking,55,0.0,104.5,0.96
PT104478,F008,SUV,Regular,2025-09-27,18,103,UPI,Paid,Open,65,0.0,130.0,0.88
PT104479,F005,Car,Member,2025-11-17,13,76,UPI,Paid,Open,50,10.0,100.0,0.77
PT104480,F006,Car,Regular,2025-10-03,14,107,Cash,Paid,Covered,50,18.0,90.0,0.43
PT104481,F001,Car,Member,2025-11-22,19,268,UPI,Paid,Open,50,0.0,212.5,0.91
PT104482,F008,Car,Member,2025-09-13,13,90,UPI,Paid,Covered,50,4.75,95.0,0.48
PT104483,F006,Bike,Regular,2025-02-14,15,168,Debit Card,Paid,Two-Wheeler,25,6.0,60.0,0.34
PT104484,F004,SUV,Regular,2025-01-01,11,213,Wallet,Paid,Open,65,0.0,260.0,0.4
PT104485,F003,SUV,Member,2025-05-27,8,145,UPI,Paid,Covered,65,29.25,195.0,0.82
PT104486,F003,Bike,Member,2025-10-22,12,40,UPI,Paid,Two-Wheeler,25,0.0,25.0,0.41
PT104487,F008,Car,Regular,2025-06-04,17,340,Wallet,Paid,Covered,50,28.5,285.0,0.7
PT104488,F006,Car,Visitor,2025-02-25,13,121,UPI,Failed,Open,50,0.0,150.0,0.63
PT104489,F002,Car,Regular,2025-08-14,10,81,Credit Card,Paid,Covered,50,0.0,95.0,0.93
PT104490,F005,Car,Regular,2025-01-07,14,73,UPI,Paid,Open,50,0.0,90.0,0.42
PT104491,F007,Bike,Regular,2025-01-20,11,279,Wallet,Paid,Two-Wheeler,25,0.0,118.75,0.85
PT104492,F005,Car,Regular,2025-06-08,20,261,Wallet,Paid,Open,50,33.75,225.0,0.92
PT104493,F005,Car,Regular,2025-12-06,14,111,Cash,Paid,Open,50,20.0,100.0,0.15
PT104494,F008,Car,Member,2025-03-20,21,63,UPI,Paid,Covered,50,0.0,100.0,0.58
PT104495,F004,Bike,Member,2025-01-01,7,110,UPI,Paid,Two-Wheeler,25,0.0,50.0,0.7
PT104496,F005,Bike,Regular,2025-12-02,6,116,UPI,Paid,Two-Wheeler,25,0.0,40.0,0.39
PT104497,F003,Bike,Member,2025-08-17,13,180,Cash,Paid,Two-Wheeler,25,0.0,67.5,0.65
PT104498,F004,Bike,Member,2025-08-01,18,172,Wallet,Paid,Two-Wheeler,25,0.0,75.0,0.99
PT104499,F001,EV Car,Regular,2025-10-10,14,188,UPI,Paid,EV Parking,55,33.0,220.0,0.46
PT104500,F005,Car,Member,2025-09-05,18,139,Debit Card,Paid,Open,50,15.0,150.0,0.81
PT104501,F005,Bike,Regular,2025-04-29,9,33,UPI,Paid,Two-Wheeler,25,0.0,23.75,0.48
PT104502,F001,SUV,Member,2025-08-15,15,286,Credit Card,Paid,Open,65,0.0,260.0,0.58
PT104503,F005,Bike,Regular,2025-01-24,15,212,Debit Card,Paid,Two-Wheeler,25,4.5,90.0,0.71
PT104504,F001,EV Car,Regular,2025-07-09,14,274,UPI,Paid,EV Parking,55,0.0,261.25,0.73
PT104505,F004,Car,Regular,2025-11-04,13,81,UPI,Paid,Open,50,0.0,85.0,0.21
PT104506,F003,Bike,Regular,2025-11-03,15,125,UPI,Paid,Two-Wheeler,25,0.0,75.0,0.72
PT104507,F001,Car,Regular,2025-02-26,14,66,Cash,Paid,Covered,50,0.0,90.0,0.6
PT104508,F002,Bike,Regular,2025-11-07,11,170,Cash,Paid,Two-Wheeler,25,0.0,63.75,0.61
PT104509,F008,Car,Visitor,2025-11-05,9,143,Wallet,Pending,Open,50,14.25,142.5,0.9
PT104510,F008,Car,Regular,2025-03-30,13,147,Debit Card,Paid,Covered,50,0.0,150.0,0.53
PT104511,F001,Bike,Regular,2025-10-02,14,86,Credit Card,Paid,Two-Wheeler,25,2.38,47.5,0.47
PT104512,F008,Bike,Member,2025-04-19,14,176,UPI,Paid,Two-Wheeler,25,0.0,67.5,0.8
PT104513,F005,Car,Visitor,2025-05-21,13,123,Wallet,Paid,Covered,50,22.5,150.0,0.27
PT104514,F007,Bike,Visitor,2025-10-12,12,104,Credit Card,Paid,Two-Wheeler,25,0.0,50.0,0.76
PT104515,F007,Bike,Regular,2025-09-01,12,111,Debit Card,Paid,Two-Wheeler,25,0.0,50.0,0.74
PT104516,F008,Car,Regular,2025-03-15,11,225,Debit Card,Paid,Covered,50,0.0,180.0,0.41
PT104517,F004,Bike,Regular,2025-12-21,14,174,Cash,Paid,Two-Wheeler,25,0.0,63.75,0.22
PT104518,F006,SUV,Member,2025-09-19,17,136,UPI,Paid,Open,65,0.0,195.0,0.78
PT104519,F004,Bike,Visitor,2025-06-25,18,309,UPI,Paid,Two-Wheeler,25,15.0,150.0,0.8
PT104520,F006,Car,Regular,2025-08-18,22,73,Debit Card,Paid,Covered,50,0.0,100.0,0.34
PT104521,F007,Car,Regular,2025-03-17,8,49,Cash,Paid,Covered,50,0.0,50.0,0.43
PT104522,F007,Bike,Regular,2025-11-19,11,295,Debit Card,Paid,Two-Wheeler,25,0.0,125.0,0.44
PT104523,F001,EV Car,Visitor,2025-07-02,16,284,UPI,Paid,EV Parking,55,27.5,275.0,0.26
PT104524,F003,Bike,Regular,2025-10-01,15,20,UPI,Paid,Two-Wheeler,25,3.0,20.0,0.47
PT104525,F002,Car,Member,2025-10-04,9,73,Debit Card,Paid,Covered,50,9.0,90.0,0.75
PT104526,F004,Bike,Regular,2025-08-15,15,133,Debit Card,Paid,Two-Wheeler,25,3.75,75.0,0.58
PT104527,F005,SUV,Visitor,2025-06-14,13,124,Credit Card,Paid,Covered,65,19.5,195.0,0.5
PT104528,F006,Car,Regular,2025-10-02,20,42,UPI,Paid,Covered,50,2.5,50.0,0.94
PT104529,F008,EV Car,Visitor,2025-08-05,18,54,Wallet,Paid,EV Parking,55,0.0,55.0,0.58
PT104530,F005,EV Car,Regular,2025-11-08,8,168,,Paid,EV Parking,55,7.84,156.75,0.84
PT104531,F003,Car,Regular,2025-07-09,8,480,Debit Card,Paid,Open,50,34.0,340.0,0.76
PT104532,F006,EV Car,Member,2025-01-18,13,123,UPI,Paid,EV Parking,55,0.0,165.0,0.7
PT104533,F004,Car,Member,2025-08-20,6,42,UPI,Paid,Covered,50,2.5,50.0,0.47
PT104534,F001,SUV,Regular,2025-07-03,9,115,Cash,Paid,Covered,65,0.0,110.5,0.92
PT104535,F005,Car,Regular,2025-04-16,19,359,UPI,Paid,Covered,50,0.0,300.0,0.81
PT104536,F003,Bike,Regular,2025-08-31,17,58,Credit Card,Paid,Two-Wheeler,25,0.0,25.0,0.73
PT104537,F004,Bike,Regular,2025-02-22,15,244,Credit Card,Paid,Two-Wheeler,25,6.25,125.0,0.33
PT104538,F007,SUV,Member,2025-08-14,17,78,Debit Card,Paid,Covered,65,17.55,117.0,0.63
PT104539,F007,Car,Regular,2025-07-21,11,311,UPI,Paid,Covered,50,0.0,300.0,0.49
PT104540,F004,Bike,Regular,2025-03-27,16,125,UPI,Paid,Two-Wheeler,25,0.0,60.0,0.5
PT104541,F004,Car,Member,2025-02-19,15,105,Wallet,Paid,Covered,50,0.0,80.0,0.6
PT104542,F004,Car,Regular,2025-09-17,17,142,Credit Card,Paid,Open,50,0.0,127.5,0.96
PT104543,F006,Car,Visitor,2025-11-15,12,168,UPI,Paid,Open,50,30.0,150.0,0.77
PT104544,F004,Bike,Regular,2025-07-14,16,126,UPI,Paid,Two-Wheeler,25,0.0,75.0,0.58
PT104545,F005,Car,Member,2025-09-05,18,104,Wallet,Paid,Open,50,0.0,85.0,0.55
PT104546,F003,Car,Regular,2025-02-25,14,140,UPI,Paid,Covered,50,0.0,150.0,0.39
PT104547,F006,Car,Member,2025-06-26,13,45,Credit Card,Paid,Covered,50,10.0,50.0,0.37
PT104548,F004,Car,Regular,2025-05-30,20,41,Credit Card,Paid,Open,50,0.0,50.0,0.5
PT104549,F002,Bike,Member,2025-01-13,10,189,Cash,Paid,Two-Wheeler,25,10.0,100.0,0.99
PT104550,F008,EV Car,Regular,2025-12-27,7,150,Debit Card,Paid,EV Parking,55,0.0,140.25,0.24
PT104551,F002,Car,Member,2025-10-16,10,39,Credit Card,Paid,Covered,50,0.0,45.0,0.58
PT104552,F003,EV Car,Regular,2025-03-05,15,183,UPI,Paid,EV Parking,55,9.35,187.0,0.4
PT104553,F007,SUV,Member,2025-12-05,16,45,Cash,Paid,Open,65,0.0,65.0,0.66
PT104554,F001,Bike,Visitor,2025-04-15,16,130,Credit Card,Paid,Two-Wheeler,25,3.38,67.5,0.63
PT104555,F001,Bike,Regular,2025-08-27,13,100,Wallet,Failed,Two-Wheeler,25,0.0,50.0,0.26
PT104556,F008,SUV,Regular,2025-02-03,20,44,Credit Card,Paid,Covered,65,6.18,61.75,0.63
PT104557,F007,Car,Regular,2025-11-20,13,27,Debit Card,Failed,Open,50,4.5,45.0,0.49
PT104558,F006,Bike,Regular,2025-02-08,21,75,UPI,Paid,Two-Wheeler,25,5.0,50.0,0.32
PT104559,F006,Bike,Regular,2025-08-13,19,178,Debit Card,Paid,Two-Wheeler,25,0.0,67.5,0.89
PT104560,F006,Bike,Member,2025-05-09,13,196,UPI,Paid,Two-Wheeler,25,10.0,100.0,0.15
PT104561,F001,SUV,Regular,2025-05-13,10,304,UPI,Paid,Open,65,78.0,390.0,0.9
PT104562,F002,Car,Member,2025-02-09,8,137,UPI,Paid,Open,50,0.0,150.0,0.87
PT104563,F001,Bike,Regular,2025-11-15,14,169,UPI,Paid,Two-Wheeler,25,0.0,67.5,0.59
PT104564,F005,Bike,Visitor,2025-08-09,16,192,UPI,Paid,Two-Wheeler,25,10.0,100.0,0.47
PT104565,F004,Car,Visitor,2025-04-04,10,50,UPI,Paid,Covered,50,0.0,50.0,0.99
PT104566,F006,Car,Member,2025-04-09,12,118,Cash,Paid,Covered,50,5.0,100.0,0.26
PT104567,F002,Bike,Regular,2025-03-01,15,165,UPI,Paid,Two-Wheeler,25,7.5,75.0,0.27
PT104568,F003,SUV,Regular,2025-05-09,13,97,Debit Card,Failed,Covered,65,0.0,110.5,0.88
PT104569,F008,Bike,Member,2025-05-12,14,219,UPI,Paid,Two-Wheeler,25,4.25,85.0,0.52
PT104570,F003,SUV,Member,2025-10-28,15,196,Credit Card,Paid,Open,65,11.05,221.0,0.7
PT104571,F004,Car,Regular,2025-03-10,13,83,Credit Card,Paid,Covered,50,0.0,100.0,0.39
PT104572,F002,Car,Visitor,2025-01-14,16,100,Wallet,Paid,Covered,50,15.0,100.0,0.43
PT104573,F001,Car,Regular,2025-05-31,15,64,Cash,Paid,Open,50,0.0,85.0,0.84
PT104574,F001,Car,Regular,2025-06-23,15,119,Credit Card,Paid,Covered,50,0.0,100.0,0.6
PT104575,F005,Car,Regular,2025-12-11,10,137,Debit Card,Paid,Covered,50,13.5,135.0,0.88
PT104576,F005,Car,Regular,2025-10-19,13,144,UPI,Paid,Covered,50,0.0,150.0,0.5
PT104577,F001,SUV,Visitor,2025-07-15,14,209,Credit Card,Paid,Covered,65,22.1,221.0,0.4
PT104578,F003,SUV,Regular,2025-02-01,11,21,UPI,Paid,Covered,65,0.0,65.0,0.68
PT104579,F008,Car,Member,2025-03-14,16,100,UPI,Paid,Open,50,0.0,90.0,0.45
PT104580,F006,Car,Regular,2025-07-13,9,58,UPI,Paid,Covered,50,0.0,42.5,0.72
PT104581,F003,Car,Visitor,2025-02-19,10,118,Debit Card,Paid,Covered,50,5.0,100.0,0.74
PT104582,F008,Bike,Regular,2025-02-26,13,102,Credit Card,Paid,Two-Wheeler,25,4.75,47.5,0.54
PT104583,F005,Car,Regular,2025-04-27,9,211,Debit Card,Paid,Covered,50,20.0,200.0,0.66
PT104584,F004,Car,Member,2025-07-11,6,116,Credit Card,Paid,Open,50,20.0,100.0,0.38
PT104585,F008,EV Car,Member,2025-08-05,13,83,UPI,Paid,EV Parking,55,5.5,110.0,0.43
PT104586,F001,SUV,Visitor,2025-04-21,15,52,Debit Card,Paid,Open,65,6.5,65.0,0.42
PT104587,F005,Car,Member,2025-03-30,14,157,Cash,Paid,Covered,50,0.0,150.0,0.15
PT104588,F005,Car,Member,2025-12-26,8,153,Wallet,Paid,Covered,50,21.38,142.5,0.99
PT104589,F006,Car,Regular,2025-11-06,11,129,Credit Card,Paid,Covered,50,7.12,142.5,0.56
PT104590,F001,SUV,Visitor,2025-11-05,14,63,Debit Card,Paid,Covered,65,19.5,130.0,0.42
PT104591,F006,Bike,Member,2025-06-06,16,57,Debit Card,Paid,Two-Wheeler,25,0.0,25.0,0.69
PT104592,F001,Car,Regular,2025-03-10,17,31,UPI,Pending,Open,50,0.0,50.0,0.53
PT104593,F006,SUV,Member,2025-09-27,14,281,UPI,Paid,Covered,65,29.25,292.5,0.61
PT104594,F008,Car,Regular,2025-08-13,15,215,UPI,Paid,Covered,50,0.0,190.0,0.49
PT104595,F003,Car,Visitor,2025-01-05,19,61,UPI,Paid,Covered,50,0.0,90.0,0.73
PT104596,F004,Car,Member,2025-08-31,8,40,Credit Card,Paid,Open,50,10.0,50.0,0.7
PT104597,F004,Bike,Member,2025-04-28,9,174,Wallet,Paid,Two-Wheeler,25,0.0,75.0,0.93
PT104598,F001,Car,Member,2025-06-21,13,150,Credit Card,Paid,Covered,50,0.0,127.5,0.48
PT104599,F002,Car,Regular,2025-05-23,14,263,Debit Card,Paid,Open,50,0.0,225.0,0.52
PT104600,F007,Car,Member,2025-11-19,6,163,Debit Card,Paid,Open,50,0.0,135.0,0.79
PT104601,F005,Car,Member,2025-09-14,13,85,UPI,Paid,Open,50,5.0,100.0,0.55
PT104602,F005,SUV,Member,2025-12-31,10,75,UPI,Paid,Covered,65,17.55,117.0,0.73
PT104603,F001,Car,Regular,2025-11-14,15,52,Credit Card,Paid,Open,50,9.5,47.5,0.53
PT104604,F008,Car,Member,2025-03-19,11,125,Debit Card,Paid,Covered,50,7.5,150.0,0.62
PT104605,F006,Bike,Visitor,2025-02-26,19,40,Wallet,Paid,Two-Wheeler,25,1.25,25.0,0.62
PT104606,F002,SUV,Visitor,2025-01-20,8,240,UPI,Paid,Covered,65,0.0,260.0,0.91
PT104607,F003,SUV,Regular,2025-01-14,17,324,Cash,Paid,Open,65,58.5,390.0,0.71
PT104608,F006,Bike,Regular,2025-07-25,13,166,UPI,Paid,Two-Wheeler,25,0.0,71.25,0.59
PT104609,F006,Car,Regular,2025-08-25,18,209,Debit Card,Paid,Covered,50,0.0,160.0,0.85
PT104610,F001,SUV,Regular,2025-06-30,17,77,Credit Card,Paid,Covered,65,23.4,117.0,0.76
PT104611,F001,Bike,Regular,2025-10-18,11,122,UPI,Paid,Two-Wheeler,25,10.12,67.5,0.6
PT104612,F008,Car,Regular,2025-07-08,8,97,UPI,Paid,Open,50,0.0,90.0,0.89
PT104613,F005,EV Car,Regular,2025-05-27,15,212,UPI,Paid,EV Parking,55,9.35,187.0,0.39
PT104614,F001,Car,Regular,2025-12-06,11,34,UPI,Paid,Covered,50,0.0,50.0,0.39
PT104615,F001,EV Car,Member,2025-02-11,19,99,Debit Card,Paid,EV Parking,55,0.0,110.0,0.93
PT104616,F001,SUV,Member,2025-12-20,8,94,UPI,Paid,Covered,65,0.0,117.0,0.84
PT104617,F008,Bike,Member,2025-01-01,12,64,Credit Card,Paid,Two-Wheeler,25,0.0,50.0,0.38
PT104618,F005,EV Car,Regular,2025-11-20,6,20,UPI,Paid,EV Parking,55,0.0,46.75,0.55
PT104619,F003,SUV,Regular,2025-04-14,12,231,Debit Card,Paid,Covered,65,0.0,221.0,0.35
PT104620,F003,Car,Regular,2025-09-12,14,54,Debit Card,Paid,Covered,50,0.0,40.0,0.53
PT104621,F007,Bike,,2025-07-28,15,108,Debit Card,Paid,Two-Wheeler,25,0.0,45.0,0.32
PT104622,F007,Car,Regular,2025-08-06,16,136,Credit Card,Paid,Covered,50,21.38,142.5,0.23
PT104623,F001,Car,Member,2025-03-19,17,266,UPI,Paid,Covered,50,11.25,225.0,0.78
PT104624,F007,SUV,Regular,2025-02-20,9,66,Cash,Paid,Covered,65,19.5,130.0,0.99
PT104625,F005,Car,Regular,2025-10-15,16,28,UPI,Paid,Covered,50,0.0,50.0,0.48
PT104626,F008,Car,Regular,2025-04-10,11,20,UPI,Paid,Covered,50,2.5,50.0,0.46
PT104627,F003,Bike,Regular,2025-07-31,9,197,UPI,Paid,Two-Wheeler,25,9.5,95.0,0.86
PT104628,F006,SUV,Regular,2025-08-25,11,50,Debit Card,Paid,Covered,65,0.0,58.5,0.71
PT104629,F003,Car,Member,2025-10-22,18,46,Debit Card,Paid,Open,50,0.0,50.0,0.83
PT104630,F003,Car,Visitor,2025-06-06,15,20,Debit Card,Paid,Open,50,0.0,50.0,0.65
PT104631,F005,Car,Visitor,2025-10-25,14,415,UPI,Paid,Covered,50,0.0,297.5,0.57
PT104632,F007,Bike,Regular,2025-01-14,14,84,UPI,Paid,Two-Wheeler,25,0.0,50.0,0.66
PT104633,F006,Car,Regular,2025-04-26,13,165,Wallet,Paid,Open,50,0.0,142.5,0.5
PT104634,F005,Bike,Regular,2025-05-19,13,97,Credit Card,Paid,Two-Wheeler,25,0.0,50.0,0.7
PT104635,F001,Car,Regular,2025-03-16,10,86,UPI,Paid,Covered,50,4.25,85.0,0.86
PT104636,F008,Car,Visitor,2025-10-30,12,234,Credit Card,Paid,Covered,50,0.0,180.0,0.26
PT104637,F004,EV Car,Member,2025-12-26,14,36,UPI,Paid,EV Parking,55,0.0,55.0,0.62
PT104638,F003,Car,Member,2025-01-24,14,178,UPI,Paid,Covered,50,7.5,150.0,0.77
PT104639,F004,Bike,Member,2025-06-26,8,238,UPI,Paid,Two-Wheeler,25,0.0,80.0,0.85
PT104640,F008,Car,Regular,2025-02-24,12,51,UPI,Paid,Covered,50,0.0,45.0,0.46
PT104641,F008,Bike,Member,2025-08-01,12,76,UPI,Paid,Two-Wheeler,25,0.0,50.0,0.82
PT104642,F005,Bike,Visitor,2025-11-22,14,82,Cash,Paid,Two-Wheeler,25,0.0,50.0,0.53
PT104643,F005,Car,Regular,2025-11-30,16,388,Credit Card,Paid,Open,50,0.0,350.0,0.47
PT104644,F005,Car,Regular,2025-11-25,15,77,Credit Card,Paid,Covered,50,0.0,100.0,0.57
PT104645,F004,Car,Member,2025-06-12,14,142,Debit Card,Paid,Covered,50,0.0,150.0,0.67
PT104646,F005,Bike,Member,2025-10-27,12,30,Wallet,Paid,Two-Wheeler,25,4.5,22.5,0.46
PT104647,F008,SUV,Member,2025-06-13,17,24,UPI,Paid,Covered,65,9.75,65.0,0.78
PT104648,F001,Bike,Member,2025-03-30,16,108,Cash,Paid,Two-Wheeler,25,0.0,50.0,0.66
PT104649,F005,Bike,Regular,2025-01-15,10,125,Credit Card,Paid,Two-Wheeler,25,0.0,75.0,0.72
PT104650,F002,Car,Visitor,2025-10-28,15,92,UPI,Paid,Open,50,0.0,95.0,0.58
PT104651,F007,Car,Regular,2025-05-02,19,56,UPI,Paid,Open,50,4.75,47.5,0.72
PT104652,F004,Car,Regular,2025-11-14,13,195,Credit Card,Paid,Covered,50,20.0,200.0,0.57
PT104653,F002,Car,Regular,2025-12-14,19,110,Debit Card,Paid,Covered,50,0.0,100.0,0.52
PT104654,F005,Car,Member,2025-06-27,7,289,UPI,Paid,Open,50,0.0,250.0,0.37
PT104655,F008,Bike,Regular,2025-09-26,14,223,Credit Card,Paid,Two-Wheeler,25,0.0,100.0,0.38
PT104656,F001,Bike,Member,2025-04-15,11,162,Debit Card,Paid,Two-Wheeler,25,11.25,75.0,0.58
PT104657,F003,EV Car,Visitor,2025-06-08,11,176,Credit Card,Paid,EV Parking,55,19.8,132.0,0.63
PT104658,F006,Car,Regular,2025-01-05,18,252,Cash,Paid,Open,50,0.0,250.0,0.76
PT104659,F007,Bike,Regular,2025-12-05,12,34,Cash,Paid,Two-Wheeler,25,1.19,23.75,0.3
PT104660,F006,SUV,Regular,2025-05-21,7,103,Credit Card,Paid,Open,65,0.0,130.0,0.78
PT104661,F005,Bike,Member,2025-06-18,14,184,Wallet,Paid,Two-Wheeler,25,4.0,80.0,0.53
PT104662,F007,Car,Regular,2025-01-17,21,139,UPI,Paid,Covered,50,19.12,127.5,0.69
PT104663,F007,Car,Regular,2025-02-01,8,221,UPI,Paid,Open,50,0.0,180.0,0.96
PT104664,F001,Car,Regular,2025-01-05,12,135,UPI,Paid,Covered,50,0.0,150.0,0.32
PT104665,F007,Car,Member,2025-05-17,13,149,Credit Card,Paid,Covered,50,7.5,150.0,0.43
PT104666,F004,SUV,Member,2025-04-17,17,44,Debit Card,Pending,Covered,65,0.0,55.25,0.99
PT104667,F002,Car,Regular,2025-06-11,11,70,Credit Card,Paid,Covered,50,8.5,85.0,0.52
PT104668,F002,Car,Visitor,2025-09-14,12,109,UPI,Paid,Covered,50,0.0,85.0,0.56
PT104669,F002,SUV,Visitor,2025-06-17,13,167,UPI,Paid,Covered,65,29.25,195.0,0.59
PT104670,F004,SUV,Regular,2025-10-15,12,43,Cash,Paid,Covered,65,0.0,61.75,0.59
PT104671,F006,Bike,Regular,2025-12-21,11,222,Cash,Paid,Two-Wheeler,25,0.0,95.0,0.5
PT104672,F001,Bike,Visitor,2025-09-02,19,200,Debit Card,Paid,Two-Wheeler,25,0.0,100.0,0.67
PT104673,F007,Car,Member,2025-04-23,17,74,Debit Card,Paid,Open,50,0.0,100.0,0.7
PT104674,F004,Car,Regular,2025-06-27,21,113,Credit Card,Paid,Open,50,0.0,100.0,0.61
PT104675,F002,Car,Member,2025-07-09,12,123,UPI,Paid,Open,50,6.75,135.0,0.34
PT104676,F005,Bike,Member,2025-01-11,7,366,Credit Card,Paid,Two-Wheeler,25,0.0,175.0,0.35
PT104677,F003,EV Car,Member,2025-01-23,9,85,Debit Card,Pending,EV Parking,55,0.0,93.5,0.73
PT104678,F007,Car,Regular,2025-04-29,12,58,Credit Card,Paid,Covered,50,0.0,50.0,0.43
PT104679,F004,Bike,Regular,2025-10-09,19,92,UPI,Paid,Two-Wheeler,25,0.0,50.0,0.84
PT104680,F008,Car,Regular,2025-11-15,21,47,Wallet,Paid,Covered,50,7.5,50.0,0.84
PT104681,F004,Bike,Member,2025-03-10,17,153,Cash,Paid,Two-Wheeler,25,10.12,67.5,0.88
PT104682,F001,Car,Member,2025-12-12,11,165,UPI,Paid,Covered,50,0.0,142.5,0.49
PT104683,F001,Car,Regular,2025-05-14,15,77,Credit Card,Failed,Covered,50,10.0,100.0,0.15
PT104684,F004,SUV,Regular,2025-09-10,14,69,Wallet,Paid,Open,65,10.4,104.0,0.52
PT104685,F002,Bike,Regular,2025-02-20,17,98,UPI,Paid,Two-Wheeler,25,8.0,40.0,0.67
PT104686,F003,Bike,Member,2025-02-12,14,30,Credit Card,Failed,Two-Wheeler,25,0.0,25.0,0.66
PT104687,F007,Car,Regular,2025-05-21,12,206,Credit Card,Paid,Open,50,0.0,200.0,0.4
PT104688,F001,Car,Visitor,2025-01-25,6,58,UPI,Pending,Open,50,0.0,50.0,0.38
PT104689,F007,Car,Regular,2025-09-27,17,82,Cash,Paid,Covered,50,12.0,80.0,0.88
PT104690,F002,SUV,Regular,2025-12-27,14,136,UPI,Paid,Open,65,19.5,195.0,0.46
PT104691,F007,EV Car,Visitor,2025-04-14,14,20,UPI,Paid,EV Parking,55,0.0,46.75,0.49
PT104692,F005,Bike,Regular,2025-10-22,20,129,UPI,Paid,Two-Wheeler,25,0.0,75.0,0.67
PT104693,F001,Car,Regular,2025-06-02,13,111,UPI,Paid,Covered,50,9.0,90.0,0.64
PT104694,F002,SUV,Regular,2025-10-31,12,159,UPI,Paid,Covered,65,24.86,165.75,0.39
PT104695,F002,Bike,Member,2025-11-01,12,149,Debit Card,Paid,Two-Wheeler,25,0.0,71.25,0.57
PT104696,F003,Bike,Regular,2025-06-10,6,307,UPI,Paid,Two-Wheeler,25,7.5,150.0,0.26
PT104697,F003,Car,Regular,2025-10-10,9,70,Debit Card,Paid,Covered,50,0.0,90.0,0.67
PT104698,F005,SUV,Member,2025-02-14,7,121,Debit Card,Paid,Covered,65,0.0,165.75,0.62
PT104699,F002,Bike,Visitor,2025-10-14,11,228,UPI,Paid,Two-Wheeler,25,0.0,100.0,0.61
PT104700,F006,SUV,Regular,2025-11-15,8,152,Credit Card,Paid,Covered,65,19.5,195.0,0.71
PT104701,F002,SUV,Regular,2025-06-15,12,40,Debit Card,Paid,Open,65,10.4,52.0,0.61
PT104702,F003,Car,Regular,2025-07-26,9,218,Credit Card,Paid,Covered,50,0.0,190.0,0.83
PT104703,F006,SUV,Regular,2025-04-18,19,205,UPI,Paid,Covered,65,0.0,260.0,0.83
PT104704,F001,SUV,,2025-03-06,19,204,Credit Card,Paid,Covered,65,0.0,234.0,0.67
PT104705,F001,Car,Regular,2025-09-24,14,74,Wallet,Paid,Open,50,0.0,100.0,0.4
PT104706,F007,Car,Visitor,2025-12-19,17,23,Credit Card,Paid,Open,50,0.0,42.5,0.73
PT104707,F004,Car,Regular,2025-07-04,15,119,UPI,Paid,Open,50,0.0,90.0,0.46
PT104708,F003,Bike,Regular,2025-08-12,17,56,Credit Card,Paid,Two-Wheeler,25,0.0,22.5,0.76
PT104709,F004,Car,Visitor,2025-06-02,15,96,UPI,Paid,Open,50,0.0,100.0,0.59
PT104710,F006,Bike,Member,2025-10-16,13,228,Credit Card,Paid,Two-Wheeler,25,0.0,95.0,0.51
PT104711,F003,Car,Regular,2025-10-12,18,169,UPI,Paid,Covered,50,12.75,127.5,0.74
PT104712,F005,SUV,Member,2025-07-05,13,237,UPI,Paid,Covered,65,0.0,221.0,0.54
PT104713,F002,Car,Regular,2025-08-14,13,160,Credit Card,Paid,Covered,50,7.5,150.0,0.83
PT104714,F005,Car,Regular,2025-07-19,15,34,UPI,Pending,Covered,50,7.5,50.0,0.47
PT104715,F006,Bike,Visitor,2025-01-11,19,268,UPI,Paid,Two-Wheeler,25,6.25,125.0,0.7
PT104716,F003,Bike,Visitor,2025-11-21,13,77,UPI,Paid,Two-Wheeler,25,0.0,50.0,0.56
PT104717,F008,Car,Member,2025-10-04,14,63,UPI,Paid,Covered,50,0.0,100.0,0.55
PT104718,F006,Car,Member,2025-01-03,14,84,Cash,Paid,Covered,50,5.0,100.0,0.6
PT104719,F008,Car,Regular,2025-12-16,19,88,Wallet,Paid,Open,50,0.0,85.0,0.93
PT104720,F002,SUV,Regular,2025-10-05,15,162,UPI,Paid,Open,65,0.0,175.5,0.24
PT104721,F001,SUV,Member,2025-03-03,13,134,Credit Card,Paid,Covered,65,0.0,195.0,0.86
PT104722,F001,Bike,Member,2025-01-05,14,46,UPI,Paid,Two-Wheeler,25,0.0,20.0,0.6
PT104723,F006,SUV,Regular,2025-01-09,10,59,Credit Card,Paid,Covered,65,0.0,65.0,0.87
PT104724,F004,SUV,Member,2025-02-27,12,172,Credit Card,Paid,Covered,65,9.75,195.0,0.52
PT104725,F003,Car,Visitor,2025-10-07,16,68,UPI,Paid,Open,50,0.0,100.0,0.46
PT104726,F003,EV Car,Regular,2025-08-26,14,157,Debit Card,Paid,EV Parking,55,0.0,165.0,0.59
PT104727,F001,SUV,Regular,2025-11-13,12,51,UPI,Paid,Open,65,5.2,52.0,0.43
PT104728,F007,Car,Member,2025-05-07,12,81,UPI,Paid,Open,50,0.0,100.0,0.53
PT104729,F005,Car,Member,2025-10-31,17,81,Debit Card,Paid,Open,50,5.0,100.0,0.58
PT104730,F007,Car,Regular,2025-08-25,14,66,Debit Card,Paid,Covered,50,0.0,95.0,0.37
PT104731,F002,Car,Visitor,2025-08-07,11,191,Credit Card,Paid,Covered,50,0.0,200.0,0.76
PT104732,F005,SUV,Member,2025-06-27,12,62,Credit Card,Paid,Covered,65,19.5,130.0,0.61
PT104733,F005,Bike,Member,2025-11-14,13,291,Credit Card,Paid,Two-Wheeler,25,0.0,125.0,0.56
PT104734,F006,SUV,Member,2025-05-29,16,136,Credit Card,Paid,Covered,65,0.0,165.75,0.38
PT104735,F001,SUV,Regular,2025-02-07,22,179,UPI,Paid,Open,65,27.79,185.25,0.7
PT104736,F007,Bike,Regular,2025-04-28,10,26,Credit Card,Paid,Two-Wheeler,25,2.25,22.5,0.58
PT104737,F007,Bike,Member,2025-11-11,16,38,Credit Card,Paid,Two-Wheeler,25,1.25,25.0,0.34
PT104738,F001,Car,Regular,2025-04-07,15,86,Debit Card,Paid,Covered,50,0.0,85.0,0.39
PT104739,F007,Car,Regular,2025-01-17,14,77,Debit Card,Paid,Covered,50,0.0,95.0,0.51
PT104740,F008,Bike,Regular,2025-11-21,20,97,UPI,Paid,Two-Wheeler,25,2.5,50.0,0.82
PT104741,F001,Car,Regular,2025-10-06,12,156,UPI,Paid,Covered,50,0.0,142.5,0.55
PT104742,F006,Car,Regular,2025-12-25,10,87,UPI,Paid,Open,50,0.0,100.0,0.67
PT104743,F004,SUV,Regular,2025-06-03,18,344,Credit Card,Paid,Open,65,39.0,390.0,0.87
PT104744,F005,Bike,Regular,2025-04-04,8,70,Credit Card,Paid,Two-Wheeler,25,0.0,45.0,0.99
PT104745,F006,Car,Visitor,2025-06-24,17,143,Cash,Paid,Open,50,0.0,150.0,0.4
PT104746,F003,Bike,Visitor,2025-10-29,14,86,Debit Card,Paid,Two-Wheeler,25,0.0,47.5,0.44
PT104747,F002,SUV,Regular,2025-01-29,10,116,Cash,Paid,Covered,65,0.0,130.0,0.61
PT104748,F004,Car,Member,2025-02-03,11,132,Debit Card,Paid,Covered,50,7.5,150.0,0.37
PT104749,F003,Car,Regular,2025-01-10,10,93,Wallet,Paid,Covered,50,15.0,100.0,0.65
PT104750,F005,EV Car,Member,2025-10-03,16,217,Debit Card,Paid,EV Parking,55,0.0,220.0,0.27
PT104751,F007,Car,Visitor,2025-10-17,10,158,Wallet,Paid,Open,50,0.0,142.5,0.65
PT104752,F001,Car,Member,2025-04-11,15,100,UPI,Paid,Covered,50,0.0,90.0,0.55
PT104753,F005,Bike,Visitor,2025-05-21,9,39,UPI,Paid,Two-Wheeler,25,0.0,25.0,0.88
PT104754,F006,SUV,Regular,2025-03-28,17,158,Credit Card,Paid,Covered,65,0.0,195.0,0.52
PT104755,F002,Car,Regular,2025-10-28,19,41,Wallet,Paid,Covered,50,7.5,50.0,0.99
PT104756,F006,Car,Regular,2025-05-08,14,177,UPI,Paid,Covered,50,0.0,142.5,0.21
PT104757,F004,Car,Visitor,2025-07-25,20,159,UPI,Paid,Covered,50,0.0,150.0,0.49
PT104758,F004,EV Car,Member,2025-03-30,13,173,Credit Card,Paid,EV Parking,55,33.0,165.0,0.58
PT104759,F002,Car,Member,2025-03-23,11,76,Debit Card,Paid,Covered,50,0.0,95.0,0.78
PT104760,F008,Bike,Member,2025-07-31,10,20,UPI,Paid,Two-Wheeler,25,3.38,22.5,0.92
PT104761,F003,EV Car,Visitor,2025-04-29,13,191,Debit Card,Paid,EV Parking,55,0.0,220.0,0.41
PT104762,F003,Car,Regular,2025-12-14,9,87,Wallet,Pending,Covered,50,0.0,90.0,0.95
PT104763,F004,EV Car,Regular,2025-05-16,18,47,Cash,Paid,EV Parking,55,7.01,46.75,0.75
PT104764,F004,EV Car,Regular,2025-09-18,16,180,UPI,Paid,EV Parking,55,0.0,165.0,0.3
PT104765,F007,SUV,Visitor,2025-10-03,14,113,UPI,Paid,Covered,65,0.0,123.5,0.23
PT104766,F001,Car,Regular,2025-07-27,16,215,UPI,Paid,Open,50,0.0,200.0,0.75
PT104767,F007,Bike,Regular,2025-11-10,7,141,UPI,Paid,Two-Wheeler,25,3.75,75.0,0.33
PT104768,F007,SUV,Regular,2025-08-31,11,171,UPI,Paid,Covered,65,9.75,195.0,0.35
PT104769,F008,EV Car,Regular,2025-12-11,15,100,Debit Card,Paid,EV Parking,55,0.0,99.0,0.49
PT104770,F003,Car,Member,2025-04-10,13,131,UPI,Paid,Covered,50,15.0,150.0,0.31
PT104771,F008,SUV,Member,2025-04-25,14,207,Cash,Paid,Covered,65,10.4,208.0,0.71
PT104772,F008,Car,Member,2025-11-26,8,24,Wallet,Paid,Covered,50,0.0,50.0,0.71
PT104773,F002,Car,Regular,2025-01-16,15,315,UPI,Failed,Covered,50,0.0,300.0,0.54
PT104774,F003,Bike,Regular,2025-01-04,17,84,Wallet,Pending,Two-Wheeler,25,0.0,47.5,0.73
PT104775,F001,SUV,Regular,2025-09-23,14,131,Debit Card,Paid,Covered,65,0.0,195.0,0.67
PT104776,F006,Bike,Visitor,2025-02-17,12,67,Credit Card,Paid,Two-Wheeler,25,0.0,50.0,0.38
PT104777,F004,Bike,Member,2025-08-11,10,141,UPI,Paid,Two-Wheeler,25,0.0,75.0,0.87
PT104778,F004,EV Car,Regular,2025-07-23,11,287,Credit Card,Paid,EV Parking,55,0.0,275.0,0.66
PT104779,F001,Car,Regular,2025-01-20,14,186,UPI,Paid,Covered,50,0.0,200.0,0.49
PT104780,F008,Bike,Member,2025-10-15,11,74,Debit Card,Paid,Two-Wheeler,25,2.38,47.5,0.63
PT104781,F007,Car,Regular,2025-07-13,16,72,UPI,Paid,Open,50,0.0,100.0,0.51
PT104782,F002,Car,Visitor,2025-11-12,9,45,Debit Card,Paid,Covered,50,10.0,50.0,0.95
PT104783,F008,Bike,Member,2025-01-11,14,64,UPI,Paid,Two-Wheeler,25,6.75,45.0,0.26
PT104784,F004,EV Car,Regular,2025-01-20,14,33,UPI,Paid,EV Parking,55,2.61,52.25,0.36
PT104785,F005,Bike,Member,2025-10-06,9,69,Credit Card,Paid,Two-Wheeler,25,9.0,45.0,0.76
PT104786,F007,SUV,Member,2025-11-29,22,246,Credit Card,Pending,Open,65,48.75,325.0,0.19
PT104787,F004,Car,Regular,2025-02-04,17,223,Credit Card,Pending,Open,50,0.0,200.0,0.73
PT104788,F005,Car,Regular,2025-09-23,13,47,UPI,Paid,Open,50,4.75,47.5,0.47
PT104789,F008,Bike,Regular,2025-08-20,15,36,Cash,Paid,Two-Wheeler,25,0.0,21.25,0.32
PT104790,F001,Car,Regular,2025-02-07,16,146,Credit Card,Paid,Covered,50,6.75,135.0,0.37
PT104791,F001,Car,Visitor,2025-03-24,15,283,UPI,Paid,Covered,50,0.0,225.0,0.39
PT104792,F007,Bike,Member,2025-02-01,13,193,Credit Card,Paid,Two-Wheeler,25,0.0,100.0,0.58
PT104793,F004,Car,Regular,2025-02-23,18,135,Credit Card,Paid,Open,50,0.0,142.5,0.86
PT104794,F003,Car,Regular,2025-08-13,16,238,UPI,Paid,Covered,50,38.0,190.0,0.36
PT104795,F005,Bike,Visitor,2025-11-09,14,88,Credit Card,Paid,Two-Wheeler,25,0.0,50.0,0.73
PT104796,F002,Bike,Regular,2025-04-17,6,112,Cash,Paid,Two-Wheeler,25,0.0,50.0,0.61
PT104797,F004,EV Car,Visitor,2025-01-25,11,133,Debit Card,Paid,EV Parking,55,0.0,156.75,0.33
PT104798,F002,Bike,Member,2025-02-14,14,123,UPI,Paid,Two-Wheeler,25,0.0,75.0,0.66
PT104799,F004,Car,Regular,2025-04-28,18,86,Cash,Paid,Covered,50,10.0,100.0,0.65
PT104800,F003,EV Car,Regular,2025-10-21,15,58,UPI,Paid,EV Parking,55,5.5,55.0,0.65
PT104801,F003,SUV,Regular,2025-05-05,13,166,Wallet,Paid,Covered,65,0.0,195.0,0.51
PT104802,F007,Car,Regular,2025-02-05,7,163,UPI,Paid,Covered,50,0.0,150.0,0.5
PT104803,F007,Car,Member,2025-12-10,14,57,Credit Card,Paid,Covered,50,0.0,50.0,0.66
PT104804,F003,Bike,Member,2025-06-16,12,306,Credit Card,Paid,Two-Wheeler,25,0.0,120.0,0.54
PT104805,F006,Bike,Member,2025-09-26,14,480,UPI,Paid,Two-Wheeler,25,20.0,200.0,0.57
PT104806,F003,SUV,Visitor,2025-07-13,16,96,Debit Card,Paid,Covered,65,13.0,130.0,0.4
PT104807,F001,SUV,Regular,2025-05-04,17,180,Debit Card,Pending,Covered,65,0.0,175.5,0.81
PT104808,F001,Bike,Member,2025-09-28,18,166,UPI,Paid,Two-Wheeler,25,3.19,63.75,0.67
PT104809,F006,EV Car,Visitor,2025-02-27,15,69,Credit Card,Paid,EV Parking,55,0.0,110.0,0.44
PT104810,F008,Bike,Member,2025-02-28,19,135,Credit Card,Paid,Two-Wheeler,25,3.38,67.5,0.74
PT104811,F005,Car,Regular,2025-11-04,15,133,UPI,Paid,Open,50,0.0,150.0,0.5
PT104812,F008,SUV,Member,2025-08-05,16,238,Wallet,Paid,Open,65,13.0,260.0,0.47
PT104813,F002,Car,Visitor,2025-03-10,15,36,Cash,Paid,Open,50,0.0,45.0,0.45
PT104814,F008,SUV,Regular,2025-09-01,18,221,UPI,Paid,Covered,65,39.0,260.0,0.84
PT104815,F004,EV Car,Regular,2025-04-13,11,122,Credit Card,Paid,EV Parking,55,0.0,165.0,0.51
PT104816,F008,Bike,Regular,2025-01-05,16,480,UPI,Paid,Two-Wheeler,25,0.0,180.0,0.58
PT104817,F004,Bike,Member,2025-10-26,9,157,Debit Card,Paid,Two-Wheeler,25,0.0,75.0,0.99
PT104818,F006,Bike,Regular,2025-09-21,9,137,Wallet,Paid,Two-Wheeler,25,0.0,71.25,0.96
PT104819,F001,Car,Regular,2025-08-29,14,126,UPI,Paid,Covered,50,0.0,150.0,0.44
PT104820,F007,Car,Member,2025-11-30,12,67,Cash,Paid,Open,50,5.0,100.0,0.43
PT104821,F004,Bike,Visitor,2025-12-15,14,98,Credit Card,Paid,Two-Wheeler,25,5.0,50.0,0.52
PT104822,F001,SUV,Regular,2025-08-10,15,87,UPI,Paid,Covered,65,0.0,130.0,0.72
PT104823,F005,Bike,Member,2025-11-15,11,233,Wallet,Paid,Two-Wheeler,25,4.25,85.0,0.64
PT104824,F002,Car,Member,2025-08-17,15,91,Credit Card,Paid,Covered,50,10.0,100.0,0.7
PT104825,F005,Bike,Member,2025-02-01,22,63,Credit Card,Paid,Two-Wheeler,25,0.0,45.0,0.38
PT104826,F006,SUV,Member,2025-12-19,16,245,Debit Card,Pending,Covered,65,0.0,292.5,0.56
PT104827,F008,Bike,Regular,2025-01-24,10,74,UPI,Paid,Two-Wheeler,25,0.0,47.5,0.99
PT104828,F008,Bike,Member,2025-11-02,15,95,UPI,Paid,Two-Wheeler,25,0.0,45.0,0.44
PT104829,F003,SUV,Regular,2025-07-06,6,57,Wallet,Paid,Open,65,6.5,65.0,0.43
PT104830,F003,Bike,Regular,2025-05-08,13,213,Debit Card,Paid,Two-Wheeler,25,15.0,100.0,0.4
PT104831,F003,Car,Member,2025-04-22,14,330,Cash,Paid,Covered,50,13.5,270.0,0.73
PT104832,F005,SUV,Visitor,2025-10-21,21,168,UPI,Paid,Open,65,0.0,185.25,0.29
PT104833,F004,Car,Member,2025-05-29,16,55,Credit Card,Paid,Covered,50,2.25,45.0,0.46
PT104834,F002,EV Car,Regular,2025-05-31,15,90,Wallet,Paid,EV Parking,55,10.45,104.5,0.6
PT104835,F003,Car,Regular,2025-06-23,14,218,UPI,Failed,Covered,50,0.0,180.0,0.47
PT104836,F006,Car,Member,2025-07-16,14,118,UPI,Paid,Covered,50,9.5,95.0,0.51
PT104837,F006,SUV,Member,2025-09-12,22,52,Credit Card,Paid,Open,65,0.0,58.5,0.58
PT104838,F003,Car,Member,2025-06-17,7,211,UPI,Pending,Covered,50,0.0,200.0,0.58
PT104839,F008,SUV,Visitor,2025-03-23,12,115,UPI,Paid,Covered,65,0.0,130.0,0.59
PT104840,F003,SUV,Regular,2025-03-11,9,161,Cash,Paid,Covered,65,0.0,195.0,0.87
PT104841,F002,SUV,Regular,2025-11-21,12,331,Wallet,Paid,Covered,65,58.5,390.0,0.59
PT104842,F003,EV Car,Regular,2025-01-13,13,177,Credit Card,Paid,EV Parking,55,0.0,165.0,0.73
PT104843,F002,Car,Regular,2025-04-29,12,47,Debit Card,Paid,Open,50,0.0,42.5,0.37
PT104844,F006,SUV,Member,2025-07-31,20,129,Cash,Failed,Open,65,0.0,195.0,0.8
PT104845,F003,Car,Member,2025-04-12,15,246,Debit Card,Paid,Open,50,0.0,250.0,0.31
PT104846,F005,Car,Member,2025-10-04,16,30,UPI,Paid,Covered,50,0.0,45.0,0.36
PT104847,F007,SUV,Regular,2025-07-15,16,143,UPI,Paid,Covered,65,0.0,165.75,0.58
PT104848,F005,Car,Member,2025-03-18,18,120,UPI,Paid,Covered,50,5.0,100.0,0.76
PT104849,F006,Bike,Member,2025-12-04,16,92,UPI,Paid,Two-Wheeler,25,0.0,50.0,0.53
PT104850,F002,Bike,Member,2025-11-29,6,20,UPI,Paid,Two-Wheeler,25,2.5,25.0,0.7
PT104851,F005,Bike,Regular,2025-07-24,11,44,UPI,Paid,Two-Wheeler,25,0.0,25.0,0.62
PT104852,F002,EV Car,Regular,2025-08-17,21,178,UPI,Failed,EV Parking,55,16.5,165.0,0.42
PT104853,F005,Car,Member,2025-07-08,15,189,UPI,Paid,Open,50,20.0,200.0,0.47
PT104854,F005,Bike,Member,2025-04-09,8,99,Credit Card,Paid,Two-Wheeler,25,0.0,50.0,0.88
PT104855,F002,SUV,Member,2025-08-06,13,35,UPI,Pending,Covered,65,0.0,61.75,0.23
PT104856,F004,Bike,Member,2025-07-13,21,165,Debit Card,Paid,Two-Wheeler,25,11.25,75.0,0.39
PT104857,F005,Car,Member,2025-02-12,22,172,UPI,Paid,Covered,50,0.0,150.0,0.54
PT104858,F003,Bike,Member,2025-05-04,13,168,Cash,Paid,Two-Wheeler,25,3.75,75.0,0.57
PT104859,F007,Car,Regular,2025-01-20,18,51,Wallet,Paid,Covered,50,0.0,50.0,0.85
PT104860,F006,Car,Regular,2025-11-07,14,92,Debit Card,Paid,Covered,50,0.0,90.0,0.65
PT104861,F004,SUV,Member,2025-11-26,14,217,Debit Card,Paid,Covered,65,0.0,247.0,0.73
PT104862,F002,Bike,Member,2025-11-24,13,185,Wallet,Paid,Two-Wheeler,25,12.0,80.0,0.55
PT104863,F004,EV Car,Member,2025-06-17,18,207,UPI,Paid,EV Parking,55,0.0,220.0,0.65
PT104864,F001,SUV,Member,2025-02-15,15,55,Wallet,Paid,Open,65,6.5,65.0,0.51
PT104865,F001,Bike,Visitor,2025-08-11,12,32,Debit Card,Paid,Two-Wheeler,25,1.12,22.5,0.41
PT104866,F005,Car,Regular,2025-03-20,14,110,Debit Card,Paid,Open,50,0.0,100.0,0.46
PT104867,F005,Bike,Member,2025-06-19,13,272,UPI,Paid,Two-Wheeler,25,0.0,125.0,0.55
PT104868,F003,Car,Regular,2025-09-03,13,120,Credit Card,Paid,Open,50,0.0,95.0,0.81
PT104869,F007,EV Car,Member,2025-09-28,12,85,Debit Card,Paid,EV Parking,55,0.0,110.0,0.54
PT104870,F006,Car,Member,2025-04-09,15,295,Debit Card,Paid,Covered,50,11.88,237.5,0.32
PT104871,F004,Car,Regular,2025-11-18,8,151,Debit Card,Paid,Open,50,0.0,150.0,0.62
PT104872,F001,Bike,Member,2025-05-21,18,125,UPI,Paid,Two-Wheeler,25,0.0,71.25,0.99
PT104873,F005,Car,Regular,2025-04-19,13,89,UPI,Pending,Covered,50,5.0,100.0,0.77
PT104874,F008,Car,Regular,2025-11-09,17,89,Credit Card,Paid,Covered,50,4.75,95.0,0.58
PT104875,F008,Bike,Regular,2025-05-17,16,70,UPI,Paid,Two-Wheeler,25,0.0,42.5,0.79
PT104876,F006,Car,Visitor,2025-05-01,13,113,UPI,Paid,Covered,50,5.0,100.0,0.66
PT104877,F004,Car,Regular,2025-04-09,10,77,UPI,Pending,Open,50,0.0,90.0,0.46
PT104878,F005,Car,Regular,2025-03-07,14,273,UPI,Paid,Covered,50,11.25,225.0,0.57
PT104879,F005,SUV,Regular,2025-05-24,20,83,Credit Card,Paid,Open,65,0.0,123.5,0.6
PT104880,F001,Bike,Member,2025-04-20,10,50,UPI,Paid,Two-Wheeler,25,0.0,25.0,0.6
PT104881,F001,Bike,Regular,2025-05-10,11,85,Wallet,Paid,Two-Wheeler,25,0.0,50.0,0.52
PT104882,F005,Bike,Visitor,2025-11-24,22,129,Debit Card,Paid,Two-Wheeler,25,3.75,75.0,0.42
PT104883,F002,Car,Regular,2025-09-14,18,50,Debit Card,Paid,Covered,50,2.5,50.0,0.7
PT104884,F005,EV Car,Visitor,2025-07-29,14,43,UPI,Paid,EV Parking,55,0.0,55.0,0.79
PT104885,F006,Car,Member,2025-09-03,15,235,Credit Card,Paid,Covered,50,30.0,200.0,0.46
PT104886,F005,Bike,Member,2025-12-27,13,134,Credit Card,Paid,Two-Wheeler,25,7.5,75.0,0.43
PT104887,F003,SUV,Member,2025-06-03,13,219,Wallet,Paid,Open,65,0.0,260.0,0.45
PT104888,F007,SUV,Regular,2025-05-13,13,95,Debit Card,Paid,Open,65,5.2,104.0,0.8
PT104889,F003,Car,Regular,2025-01-21,13,25,Credit Card,Paid,Open,50,0.0,50.0,0.63
PT104890,F003,Car,Member,2025-02-04,15,180,Cash,Paid,Covered,50,30.0,150.0,0.54
PT104891,F002,SUV,Visitor,2025-12-26,12,113,UPI,Paid,Open,65,0.0,123.5,0.6
PT104892,F002,Car,Regular,2025-11-06,10,117,UPI,Paid,Open,50,0.0,95.0,0.62
PT104893,F008,SUV,Regular,2025-08-12,15,215,Debit Card,Paid,Covered,65,0.0,221.0,0.91
PT104894,F005,SUV,Regular,2025-05-04,7,104,UPI,Paid,Open,65,0.0,123.5,0.49
PT104895,F003,SUV,Member,2025-08-28,16,124,UPI,Paid,Open,65,9.75,195.0,0.8
PT104896,F002,Car,Regular,2025-12-30,11,173,Debit Card,Paid,Open,50,0.0,150.0,0.61
PT104897,F001,SUV,Member,2025-10-27,10,53,UPI,Paid,Covered,65,0.0,58.5,0.79
PT104898,F005,Bike,Member,2025-12-07,12,274,Debit Card,Paid,Two-Wheeler,25,0.0,125.0,0.55
PT104899,F006,SUV,Regular,2025-01-04,9,336,Wallet,Paid,Covered,65,58.5,390.0,0.78
PT104900,F007,Car,Visitor,2025-05-03,13,73,UPI,Paid,Open,50,10.0,100.0,0.64
PT104901,F004,Car,Regular,2025-02-11,9,85,UPI,Paid,Open,50,0.0,90.0,0.8
PT104902,F005,Car,Regular,2025-06-18,13,84,UPI,Paid,Covered,50,0.0,80.0,0.44
PT104903,F004,Car,Regular,2025-10-07,10,67,UPI,Paid,Open,50,0.0,100.0,0.83
PT104904,F003,Bike,Member,2025-08-13,9,121,UPI,Paid,Two-Wheeler,25,10.12,67.5,0.86
PT104905,F007,EV Car,Regular,2025-07-04,14,20,UPI,Paid,EV Parking,55,4.68,46.75,0.54
PT104906,F004,Car,Regular,2025-11-19,15,165,Credit Card,Paid,Covered,50,7.5,150.0,0.34
PT104907,F003,SUV,Member,2025-01-11,6,216,UPI,Paid,Covered,65,37.05,247.0,0.31
PT104908,F001,Car,Regular,2025-06-22,13,31,Debit Card,Paid,Covered,50,0.0,42.5,0.52
PT104909,F004,Car,Member,2025-04-06,8,90,Cash,Paid,Covered,50,4.5,90.0,0.63
PT104910,F007,Car,Member,2025-10-05,16,103,Debit Card,Paid,Covered,50,0.0,90.0,0.67
PT104911,F008,Car,Member,2025-05-19,15,24,Credit Card,Paid,Covered,50,0.0,45.0,0.41
PT104912,F005,EV Car,Member,2025-06-15,7,107,UPI,Paid,EV Parking,55,0.0,110.0,0.62
PT104913,F003,Car,Regular,2025-07-06,20,266,Debit Card,Paid,Covered,50,0.0,212.5,0.66
PT104914,F005,Bike,Regular,2025-03-27,20,136,UPI,Paid,Two-Wheeler,25,9.56,63.75,0.88
PT104915,F007,Bike,Regular,2025-08-19,12,94,UPI,Paid,Two-Wheeler,25,0.0,47.5,0.5
PT104916,F002,EV Car,Member,2025-05-18,9,209,Cash,Failed,EV Parking,55,22.0,220.0,0.92
PT104917,F003,Car,Regular,2025-01-19,9,85,UPI,Paid,Covered,50,10.0,100.0,0.81
PT104918,F004,Car,Member,2025-12-04,17,128,UPI,Pending,Open,50,7.5,150.0,0.74
PT104919,F003,Car,Regular,2025-06-05,13,127,Cash,Paid,Covered,50,22.5,150.0,0.57
PT104920,F005,Bike,Member,2025-04-05,6,87,Wallet,Failed,Two-Wheeler,25,0.0,47.5,0.34
PT104921,F001,Car,Regular,2025-01-17,19,139,UPI,Paid,Open,50,0.0,142.5,0.99
PT104922,F003,SUV,Member,2025-10-07,14,70,UPI,Paid,Open,65,0.0,117.0,0.45
PT104923,F004,Bike,Regular,2025-09-18,15,85,Credit Card,Paid,Two-Wheeler,25,0.0,50.0,0.5
PT104924,F002,Bike,Visitor,2025-06-09,17,121,,Paid,Two-Wheeler,25,11.25,75.0,0.7
PT104925,F008,Bike,Regular,2025-11-05,17,85,UPI,Paid,Two-Wheeler,25,0.0,42.5,0.89
PT104926,F006,Car,Member,2025-03-22,8,211,Credit Card,Paid,Covered,50,0.0,180.0,0.85
PT104927,F001,Bike,Member,2025-07-04,14,179,Wallet,Paid,Two-Wheeler,25,0.0,75.0,0.73
PT104928,F008,EV Car,Visitor,2025-08-01,15,63,UPI,Paid,EV Parking,55,0.0,110.0,0.38
PT104929,F002,SUV,Regular,2025-12-08,8,51,Wallet,Paid,Covered,65,6.18,61.75,0.71
PT104930,F003,SUV,Visitor,2025-12-25,11,146,Wallet,Paid,Covered,65,0.0,195.0,0.45
PT104931,F005,SUV,Regular,2025-06-16,13,85,UPI,Paid,Covered,65,13.0,130.0,0.66
PT104932,F007,Car,Visitor,2025-07-25,18,323,Debit Card,Paid,Covered,50,13.5,270.0,0.84
PT104933,F005,Car,Visitor,2025-12-02,18,76,UPI,Paid,Open,50,8.0,80.0,0.59
PT104934,F008,Car,Regular,2025-09-18,16,28,Debit Card,Paid,Covered,50,0.0,45.0,0.7
PT104935,F004,Car,Member,2025-10-01,22,97,Debit Card,Paid,Open,50,5.0,100.0,0.45
PT104936,F005,Car,Regular,2025-08-24,11,158,UPI,Paid,Open,50,0.0,150.0,0.45
PT104937,F001,Bike,Visitor,2025-08-31,13,478,Debit Card,Paid,Two-Wheeler,25,0.0,200.0,0.57
PT104938,F005,Bike,Visitor,2025-08-08,13,100,Cash,Paid,Two-Wheeler,25,5.0,50.0,0.63
PT104939,F004,SUV,Member,2025-12-31,15,312,UPI,Pending,Open,65,18.52,370.5,0.6
PT104940,F006,SUV,Regular,2025-12-13,18,192,UPI,Paid,Covered,65,0.0,247.0,0.67
PT104941,F003,EV Car,Regular,2025-03-11,14,87,UPI,Paid,EV Parking,55,16.5,110.0,0.54
PT104942,F007,Car,Regular,2025-08-01,14,58,Credit Card,Paid,Open,50,0.0,47.5,0.75
PT104943,F008,Car,Regular,2025-12-03,14,137,Wallet,Paid,Covered,50,7.12,142.5,0.51
PT104944,F003,Bike,Regular,2025-10-14,16,180,Cash,Paid,Two-Wheeler,25,12.0,60.0,0.64
PT104945,F005,Car,Visitor,2025-08-14,11,188,Credit Card,Paid,Covered,50,0.0,200.0,0.33
PT104946,F002,Car,Member,2025-09-26,20,258,Credit Card,Failed,Covered,50,25.0,250.0,0.9
PT104947,F003,Car,Member,2025-10-06,9,258,UPI,Paid,Open,50,10.62,212.5,0.72
PT104948,F006,Car,Member,2025-09-06,7,60,UPI,Paid,Open,50,5.0,50.0,0.45
PT104949,F005,Bike,Visitor,2025-11-17,12,91,Credit Card,Paid,Two-Wheeler,25,2.5,50.0,0.5
PT104950,F007,Bike,Regular,2025-07-15,15,166,Credit Card,Paid,Two-Wheeler,25,3.56,71.25,0.44
PT104951,F004,Bike,Member,2025-01-30,21,20,Credit Card,Paid,Two-Wheeler,25,0.0,25.0,0.54
PT104952,F006,Bike,Member,2025-10-30,19,20,Wallet,Paid,Two-Wheeler,25,2.5,25.0,0.78
PT104953,F005,Car,Regular,2025-05-11,15,98,Credit Card,Paid,Open,50,0.0,100.0,0.29
PT104954,F006,Car,Regular,2025-01-12,13,77,Credit Card,Paid,Open,50,20.0,100.0,0.42
PT104955,F003,Car,Regular,2025-01-16,14,33,UPI,Paid,Covered,50,0.0,45.0,0.68
PT104956,F007,Car,Regular,2025-04-27,20,57,Wallet,Paid,Open,50,0.0,50.0,0.69
PT104957,F004,SUV,Member,2025-05-29,11,96,Debit Card,Paid,Open,65,19.5,130.0,0.47
PT104958,F005,SUV,Visitor,2025-04-19,13,76,Cash,Paid,Covered,65,0.0,110.5,0.66
PT104959,F001,Bike,Member,2025-08-24,15,146,UPI,Paid,Two-Wheeler,25,0.0,63.75,0.89
PT104960,F008,Car,Regular,2025-11-10,6,20,Credit Card,Paid,Open,50,5.0,50.0,0.25
PT104961,F004,Bike,Member,2025-01-05,13,293,Credit Card,Failed,Two-Wheeler,25,0.0,125.0,0.47
PT104962,F001,Bike,Member,2025-06-29,14,117,UPI,Paid,Two-Wheeler,25,0.0,47.5,0.65
PT104963,F006,Bike,Member,2025-12-03,19,231,Debit Card,Paid,Two-Wheeler,25,0.0,100.0,0.87
PT104964,F002,Bike,Regular,2025-01-01,22,22,Wallet,Paid,Two-Wheeler,25,0.0,20.0,0.4
PT104965,F004,Bike,Regular,2025-01-08,14,46,UPI,Paid,Two-Wheeler,25,0.0,25.0,0.55
PT104966,F006,Bike,Member,2025-05-24,20,72,UPI,Paid,Two-Wheeler,25,0.0,45.0,0.68
PT104967,F001,SUV,Member,2025-05-23,9,64,Debit Card,Paid,Covered,65,0.0,130.0,0.65
PT104968,F003,Car,Visitor,2025-10-02,15,304,UPI,Paid,Open,50,0.0,300.0,0.3
PT104969,F003,SUV,Member,2025-06-02,13,80,Debit Card,Paid,Covered,65,0.0,123.5,0.32
PT104970,F002,Car,Member,2025-10-14,16,146,Debit Card,Paid,Open,50,7.5,150.0,0.53
PT104971,F008,Car,Regular,2025-05-10,18,305,UPI,Paid,Covered,50,14.25,285.0,0.8
PT104972,F004,EV Car,Regular,2025-05-01,8,44,Cash,Paid,EV Parking,55,0.0,55.0,0.6
PT104973,F004,EV Car,Member,2025-02-28,19,20,Credit Card,Paid,EV Parking,55,0.0,44.0,0.69
PT104974,F004,Car,Visitor,2025-08-05,8,305,Cash,Paid,Covered,50,45.0,300.0,0.8
PT104975,F008,Bike,Regular,2025-01-31,16,153,Debit Card,Paid,Two-Wheeler,25,3.75,75.0,0.61
PT104976,F006,Car,Regular,2025-09-01,8,36,Cash,Failed,Covered,50,0.0,50.0,0.99
PT104977,F007,Bike,Member,2025-05-20,18,79,UPI,Paid,Two-Wheeler,25,0.0,42.5,0.93
PT104978,F007,SUV,Regular,2025-08-01,11,214,UPI,Paid,Covered,65,0.0,260.0,0.74
PT104979,F002,EV Car,Member,2025-01-29,13,238,UPI,Paid,EV Parking,55,22.0,220.0,0.73
PT104980,F004,Bike,Regular,2025-06-13,19,114,Credit Card,Paid,Two-Wheeler,25,7.5,50.0,0.57
PT104981,F006,Car,Member,2025-04-14,17,119,Cash,Paid,Covered,50,12.0,80.0,0.89
PT104982,F003,Bike,Regular,2025-03-04,16,270,Credit Card,Paid,Two-Wheeler,25,0.0,106.25,0.31
PT104983,F001,Car,Visitor,2025-01-15,16,153,,Paid,Open,50,0.0,135.0,0.63
PT104984,F006,EV Car,Regular,2025-10-13,14,64,UPI,Pending,EV Parking,55,0.0,110.0,0.5
PT104985,F008,SUV,Member,2025-06-28,20,111,UPI,Paid,Open,65,0.0,130.0,0.9
PT104986,F007,Bike,Regular,2025-01-11,17,96,Cash,Paid,Two-Wheeler,25,0.0,40.0,0.78
PT104987,F007,Car,Regular,2025-01-13,13,20,Credit Card,Paid,Open,50,2.5,50.0,0.65
PT104988,F003,Car,Member,2025-08-03,16,124,Debit Card,Paid,Open,50,0.0,150.0,0.54
PT104989,F003,Car,Regular,2025-11-07,22,32,UPI,Paid,Covered,50,7.5,50.0,0.66
PT104990,F008,SUV,Member,2025-08-14,18,142,Wallet,Paid,Covered,65,0.0,195.0,0.6
PT104991,F001,Bike,Regular,2025-03-04,6,203,Credit Card,Paid,Two-Wheeler,25,0.0,85.0,0.42
PT104992,F003,Car,Regular,2025-09-12,16,111,Debit Card,Failed,Covered,50,15.0,100.0,0.35
PT104993,F002,Bike,Member,2025-05-10,18,46,UPI,Paid,Two-Wheeler,25,2.0,20.0,0.71
PT104994,F001,SUV,Member,2025-09-20,12,46,Credit Card,Paid,Open,65,0.0,61.75,0.52
PT104995,F003,Car,Member,2025-06-20,21,95,Wallet,Paid,Covered,50,5.0,100.0,0.52
PT104996,F005,SUV,Visitor,2025-07-09,13,141,Cash,Paid,Open,65,0.0,165.75,0.23
PT104997,F006,SUV,Regular,2025-10-11,13,384,UPI,Paid,Covered,65,0.0,455.0,0.55
PT104998,F003,EV Car,Member,2025-01-25,10,100,UPI,Paid,EV Parking,55,0.0,110.0,0.96
PT104999,F002,Car,Regular,2025-06-09,9,66,Credit Card,Paid,Covered,50,0.0,100.0,0.84
PT105000,F004,Car,Member,2025-08-05,14,38,UPI,Paid,Covered,50,2.12,42.5,0.32
PT105001,F003,Car,Regular,2025-06-25,14,138,Debit Card,Paid,Covered,50,0.0,127.5,0.6
PT105002,F007,Car,Regular,2025-12-02,12,365,UPI,Paid,Covered,50,15.75,315.0,0.61
PT105003,F007,Car,Visitor,2025-08-09,14,94,UPI,Paid,Open,50,9.0,90.0,0.39
PT105004,F007,Bike,Member,2025-10-07,13,234,Debit Card,Paid,Two-Wheeler,25,0.0,100.0,0.59
PT105005,F004,Bike,Regular,2025-03-22,18,78,Credit Card,Pending,Two-Wheeler,25,0.0,50.0,0.9
PT105006,F007,SUV,Regular,2025-05-05,20,208,Debit Card,Paid,Covered,65,0.0,260.0,0.74
PT105007,F005,Car,Regular,2025-06-19,14,147,Wallet,Paid,Open,50,14.25,142.5,0.43
PT105008,F003,Bike,Regular,2025-03-11,17,53,UPI,Pending,Two-Wheeler,25,1.25,25.0,0.95
PT105009,F008,SUV,Regular,2025-03-19,18,95,Debit Card,Pending,Covered,65,13.0,130.0,0.93
PT105010,F007,SUV,Member,2025-03-31,16,252,UPI,Paid,Open,65,0.0,292.5,0.24
PT105011,F001,SUV,Regular,2025-12-14,10,112,UPI,Paid,Open,65,0.0,104.0,0.73
PT105012,F008,SUV,Visitor,2025-04-21,10,216,UPI,Paid,Covered,65,0.0,260.0,0.73
PT105013,F004,EV Car,Visitor,2025-06-13,19,480,UPI,Pending,EV Parking,55,0.0,396.0,0.66
PT105014,F005,Car,Regular,2025-05-08,11,55,UPI,Paid,Open,50,5.0,50.0,0.68
PT105015,F001,Bike,Regular,2025-06-04,11,154,UPI,Paid,Two-Wheeler,25,0.0,75.0,0.57
PT105016,F001,Car,Regular,2025-07-13,10,124,Cash,Paid,Covered,50,0.0,142.5,0.75
PT105017,F001,Car,Member,2025-06-22,14,24,Debit Card,Paid,Open,50,0.0,42.5,0.5
PT105018,F001,Car,Member,2025-10-27,15,161,Wallet,Paid,Covered,50,0.0,150.0,0.53
PT105019,F008,Car,Regular,2025-11-09,15,44,Credit Card,Paid,Covered,50,2.5,50.0,0.58
PT105020,F008,Car,Member,2025-01-21,11,143,UPI,Paid,Covered,50,0.0,150.0,0.46
PT105021,F003,Car,Visitor,2025-11-07,9,187,UPI,Paid,Covered,50,27.0,180.0,0.69
PT105022,F007,Car,Regular,2025-04-19,12,99,UPI,Paid,Open,50,10.0,100.0,0.59
PT105023,F006,EV Car,Regular,2025-12-26,14,40,UPI,Paid,EV Parking,55,8.25,55.0,0.51
PT105024,F003,Car,Regular,2025-05-09,15,119,Debit Card,Paid,Open,50,5.0,100.0,0.49
PT105025,F003,SUV,Regular,2025-10-07,11,41,Credit Card,Paid,Covered,65,3.25,65.0,0.37
PT105026,F005,Car,Regular,2025-01-27,10,54,UPI,Paid,Open,50,2.25,45.0,0.81
PT105027,F005,EV Car,Member,2025-12-10,17,76,UPI,Paid,EV Parking,55,0.0,110.0,0.78
PT105028,F007,SUV,Regular,2025-04-02,18,202,,Paid,Covered,65,0.0,260.0,0.76
PT105029,F006,Bike,Member,2025-10-22,11,249,UPI,Paid,Two-Wheeler,25,6.25,125.0,0.31
PT105030,F005,Bike,Member,2025-02-24,14,34,UPI,Paid,Two-Wheeler,25,0.0,25.0,0.72
PT105031,F007,Car,Regular,2025-07-15,13,62,Debit Card,Paid,Covered,50,0.0,95.0,0.55
PT105032,F007,EV Car,Member,2025-08-09,10,114,UPI,Pending,EV Parking,55,16.5,110.0,0.82
PT105033,F008,SUV,Visitor,2025-10-28,20,122,Debit Card,Paid,Covered,65,0.0,195.0,0.98
PT105034,F002,SUV,Regular,2025-06-05,6,92,UPI,Pending,Covered,65,0.0,117.0,0.53
PT105035,F008,Bike,Visitor,2025-04-11,10,175,UPI,Paid,Two-Wheeler,25,3.75,75.0,0.79
PT105036,F006,Car,Member,2025-08-24,12,210,Cash,Paid,Covered,50,0.0,160.0,0.59
PT105037,F005,SUV,Visitor,2025-10-12,18,20,Credit Card,Paid,Covered,65,9.75,65.0,0.95
PT105038,F006,Car,Member,2025-03-10,16,88,UPI,Paid,Covered,50,0.0,95.0,0.37
PT105039,F003,Bike,Member,2025-09-24,14,274,Cash,Paid,Two-Wheeler,25,16.88,112.5,0.88
PT105040,F003,Car,Member,2025-05-18,15,95,UPI,Paid,Covered,50,10.0,100.0,0.51
PT105041,F006,EV Car,Regular,2025-09-05,12,69,UPI,Paid,EV Parking,55,0.0,99.0,0.39
PT105042,F002,Car,Member,2025-04-13,20,60,Debit Card,Paid,Covered,50,0.0,42.5,0.66
PT105043,F002,Car,Regular,2025-04-18,7,140,Debit Card,Paid,Open,50,0.0,142.5,0.84
PT105044,F008,Bike,Member,2025-07-19,9,150,UPI,Paid,Two-Wheeler,25,0.0,63.75,0.56
PT105045,F006,SUV,Member,2025-08-03,19,54,UPI,Paid,Open,65,0.0,65.0,0.71
PT105046,F005,Bike,Regular,2025-06-04,20,127,Cash,Paid,Two-Wheeler,25,15.0,75.0,0.6
PT105047,F008,Car,Member,2025-03-28,14,36,UPI,Paid,Covered,50,0.0,50.0,0.44
PT105048,F004,Car,Regular,2025-07-28,14,121,UPI,Paid,Open,50,13.5,135.0,0.55
PT105049,F002,SUV,Regular,2025-06-27,19,47,Credit Card,Paid,Open,65,0.0,65.0,0.72
PT105050,F001,EV Car,Visitor,2025-03-15,18,261,Wallet,Paid,EV Parking,55,55.0,275.0,0.8
PT105051,F008,SUV,Regular,2025-09-15,18,141,UPI,Paid,Covered,65,0.0,185.25,0.99
PT105052,F003,Bike,Visitor,2025-09-30,12,65,Debit Card,Paid,Two-Wheeler,25,0.0,47.5,0.55
PT105053,F008,EV Car,Regular,2025-12-17,17,314,Credit Card,Paid,EV Parking,55,16.5,330.0,0.67
PT105054,F006,Car,Visitor,2025-12-02,8,157,Credit Card,Paid,Covered,50,0.0,142.5,0.71
PT105055,F001,Bike,Member,2025-01-24,13,96,Debit Card,Paid,Two-Wheeler,25,5.0,50.0,0.61
PT105056,F006,Bike,Regular,2025-11-09,11,61,Wallet,Paid,Two-Wheeler,25,0.0,50.0,0.34
PT105057,F007,Bike,Regular,2025-03-12,7,203,UPI,Paid,Two-Wheeler,25,0.0,100.0,0.72
PT105058,F003,SUV,Member,2025-03-24,15,180,UPI,Failed,Covered,65,0.0,195.0,0.57
PT105059,F003,Bike,Regular,2025-12-19,8,75,Wallet,Paid,Two-Wheeler,25,2.5,50.0,0.82
PT105060,F002,Car,Regular,2025-10-19,9,70,Debit Card,Paid,Open,50,0.0,90.0,0.76
PT105061,F008,Car,Regular,2025-10-28,8,68,Credit Card,Paid,Covered,50,0.0,100.0,0.87
PT105062,F002,Car,Member,2025-01-10,21,122,Credit Card,Paid,Covered,50,0.0,150.0,0.66
PT105063,F001,Bike,Regular,2025-11-15,7,355,Debit Card,Paid,Two-Wheeler,25,0.0,142.5,0.43
PT105064,F008,Car,Member,2025-02-12,11,122,Debit Card,Paid,Covered,50,0.0,127.5,0.7
PT105065,F007,Car,Regular,2025-02-20,15,20,Wallet,Paid,Open,50,7.5,50.0,0.22
PT105066,F006,Bike,Member,2025-07-26,17,142,Credit Card,Paid,Two-Wheeler,25,0.0,67.5,0.65
PT105067,F007,Bike,Member,2025-04-17,14,151,UPI,Paid,Two-Wheeler,25,3.56,71.25,0.33
PT105068,F003,SUV,Member,2025-09-16,21,114,Debit Card,Paid,Covered,65,0.0,130.0,0.44
PT105069,F001,Bike,Regular,2025-07-13,12,93,UPI,Paid,Two-Wheeler,25,0.0,50.0,0.59
PT105070,F004,SUV,Visitor,2025-08-23,13,101,Credit Card,Paid,Open,65,0.0,130.0,0.87
PT105071,F001,EV Car,Member,2025-06-12,17,109,UPI,Paid,EV Parking,55,0.0,110.0,0.95
PT105072,F005,SUV,Member,2025-03-10,15,163,UPI,Paid,Open,65,0.0,195.0,0.59
PT105073,F001,Bike,Regular,2025-12-01,11,40,Credit Card,Paid,Two-Wheeler,25,0.0,25.0,0.4
PT105074,F007,Car,Regular,2025-10-19,14,84,Debit Card,Paid,Open,50,0.0,95.0,0.61
PT105075,F005,EV Car,Regular,2025-11-01,21,297,Debit Card,Paid,EV Parking,55,55.0,275.0,0.38
PT105076,F005,Car,Member,2025-09-14,18,154,Credit Card,Paid,Open,50,0.0,150.0,0.99
PT105077,F008,Car,Regular,2025-11-25,10,44,UPI,Paid,Open,50,0.0,50.0,0.56
PT105078,F008,Bike,Member,2025-07-04,10,188,UPI,Paid,Two-Wheeler,25,0.0,90.0,0.82
PT105079,F005,Car,Regular,2025-09-12,17,104,Debit Card,Paid,Covered,50,0.0,100.0,0.79
PT105080,F004,EV Car,Member,2025-04-26,10,227,UPI,Paid,EV Parking,55,20.9,209.0,0.76
PT105081,F008,Bike,Regular,2025-01-14,13,67,Debit Card,Paid,Two-Wheeler,25,0.0,50.0,0.48
PT105082,F001,Bike,Visitor,2025-08-03,10,106,Credit Card,Paid,Two-Wheeler,25,2.12,42.5,0.99
PT105083,F007,Bike,Regular,2025-04-03,6,121,UPI,Paid,Two-Wheeler,25,0.0,75.0,0.6
PT105084,F001,Bike,Regular,2025-08-22,18,57,Debit Card,Paid,Two-Wheeler,25,0.0,25.0,0.69
PT105085,F004,Car,Regular,2025-06-29,16,93,UPI,Paid,Covered,50,13.5,90.0,0.47
PT105086,F003,Bike,Member,2025-02-23,13,55,Credit Card,Paid,Two-Wheeler,25,0.0,22.5,0.45
PT105087,F002,SUV,Regular,2025-11-01,10,36,UPI,Paid,Covered,65,6.5,65.0,0.84
PT105088,F007,Car,Regular,2025-01-30,17,153,UPI,Paid,Covered,50,0.0,150.0,0.47
PT105089,F008,SUV,Visitor,2025-01-12,12,200,Credit Card,Paid,Covered,65,37.05,247.0,0.4
PT105090,F007,Car,Member,2025-04-21,15,310,Credit Card,Paid,Covered,50,0.0,240.0,0.48
PT105091,F001,Car,Regular,2025-04-22,12,51,Debit Card,Paid,Open,50,0.0,45.0,0.27
PT105092,F002,Car,Regular,2025-06-18,13,214,Debit Card,Paid,Covered,50,20.0,200.0,0.5
PT105093,F006,Car,Member,2025-04-14,14,118,Debit Card,Paid,Covered,50,0.0,90.0,0.46
PT105094,F006,SUV,Regular,2025-01-11,16,53,UPI,Paid,Covered,65,0.0,65.0,0.86
PT105095,F008,SUV,Visitor,2025-12-13,17,253,Debit Card,Paid,Covered,65,65.0,325.0,0.9
PT105096,F004,Car,Visitor,2025-11-25,13,44,Credit Card,Paid,Covered,50,2.5,50.0,0.23
PT105097,F006,Bike,Regular,2025-09-29,11,82,Credit Card,Paid,Two-Wheeler,25,2.5,50.0,0.83
PT105098,F007,SUV,Member,2025-01-14,10,120,Credit Card,Paid,Covered,65,6.5,130.0,0.66
PT105099,F006,Car,Visitor,2025-06-24,12,232,Wallet,Paid,Covered,50,20.0,200.0,0.55
PT105100,F003,Car,Regular,2025-06-07,17,21,UPI,Paid,Covered,50,6.38,42.5,0.8
PT105101,F003,EV Car,Member,2025-04-20,11,82,Wallet,Paid,EV Parking,55,4.68,93.5,0.59
PT105102,F008,Bike,Member,2025-06-01,7,120,UPI,Paid,Two-Wheeler,25,0.0,47.5,0.28
PT105103,F003,EV Car,Member,2025-08-22,14,101,UPI,Paid,EV Parking,55,0.0,110.0,0.52
PT105104,F006,Car,Member,2025-05-21,7,129,UPI,Paid,Covered,50,7.5,150.0,0.73
PT105105,F004,SUV,Regular,2025-04-29,18,78,Debit Card,Paid,Covered,65,12.35,123.5,0.58
PT105106,F005,Car,Member,2025-01-09,15,252,UPI,Paid,Open,50,0.0,250.0,0.59
PT105107,F005,Car,Member,2025-06-26,11,139,Cash,Failed,Open,50,0.0,150.0,0.59
PT105108,F008,Bike,Regular,2025-02-18,13,56,Cash,Paid,Two-Wheeler,25,0.0,22.5,0.52
PT105109,F002,Car,Regular,2025-10-25,16,48,Debit Card,Paid,Covered,50,0.0,47.5,0.35
PT105110,F005,Car,Member,2025-11-29,19,55,Credit Card,Paid,Open,50,5.0,50.0,0.93
PT105111,F005,Car,Member,2025-05-29,18,264,Wallet,Paid,Open,50,0.0,200.0,0.94
PT105112,F003,Car,Member,2025-06-06,8,38,Cash,Paid,Covered,50,2.5,50.0,0.66
PT105113,F003,SUV,Regular,2025-04-02,8,71,Credit Card,Paid,Covered,65,10.4,104.0,0.77
PT105114,F006,Bike,Member,2025-06-01,14,307,Debit Card,Pending,Two-Wheeler,25,22.5,150.0,0.79
PT105115,F008,Car,Regular,2025-06-19,14,39,Credit Card,Paid,Covered,50,0.0,45.0,0.62
PT105116,F002,Car,Member,2025-03-25,12,160,Credit Card,Paid,Covered,50,22.5,150.0,0.53
PT105117,F008,Car,Member,2025-12-25,21,144,UPI,Paid,Covered,50,6.38,127.5,0.4
PT105118,F001,Bike,Regular,2025-11-23,16,52,Credit Card,Paid,Two-Wheeler,25,2.5,25.0,0.55
PT105119,F007,Car,Member,2025-02-17,15,39,UPI,Paid,Open,50,0.0,42.5,0.33
PT105120,F002,SUV,Member,2025-12-01,10,155,UPI,Paid,Covered,65,0.0,195.0,0.91
PT105121,F002,Car,Member,2025-08-05,12,117,Debit Card,Paid,Covered,50,4.25,85.0,0.6
PT105122,F004,Car,Member,2025-03-18,14,20,Wallet,Paid,Covered,50,0.0,50.0,0.37
PT105123,F008,SUV,Regular,2025-02-12,17,92,Wallet,Paid,Covered,65,0.0,117.0,0.59
PT105124,F006,SUV,Member,2025-09-21,19,177,Credit Card,Pending,Covered,65,8.78,175.5,0.72
PT105125,F004,Car,Visitor,2025-03-04,15,20,Credit Card,Paid,Covered,50,2.5,50.0,0.73
PT105126,F002,SUV,Regular,2025-09-02,13,130,UPI,Paid,Open,65,0.0,165.75,0.62
PT105127,F002,Bike,Regular,2025-04-30,15,53,Debit Card,Paid,Two-Wheeler,25,0.0,23.75,0.53
PT105128,F002,SUV,Member,2025-11-15,8,176,UPI,Paid,Covered,65,0.0,195.0,0.78
PT105129,F005,Bike,Regular,2025-09-19,14,192,UPI,Paid,Two-Wheeler,25,12.75,85.0,0.6
PT105130,F008,Bike,Member,2025-11-26,18,71,Debit Card,Paid,Two-Wheeler,25,10.0,50.0,0.58
PT105131,F007,EV Car,Member,2025-09-07,15,86,UPI,Paid,EV Parking,55,0.0,99.0,0.48
PT105132,F007,Car,Member,2025-02-21,6,201,UPI,Paid,Covered,50,0.0,190.0,0.33
PT105133,F004,Bike,Visitor,2025-10-04,15,103,Cash,Paid,Two-Wheeler,25,0.0,50.0,0.7
PT105134,F002,Bike,Member,2025-05-22,16,216,UPI,Paid,Two-Wheeler,25,0.0,100.0,0.6
PT105135,F007,Car,Visitor,2025-09-08,14,184,UPI,Paid,Open,50,28.5,190.0,0.36
PT105136,F003,Car,Member,2025-11-10,17,183,UPI,Paid,Covered,50,0.0,200.0,0.59
PT105137,F008,Car,Visitor,2025-08-13,11,107,UPI,Paid,Open,50,0.0,100.0,0.6
PT105138,F007,Bike,Visitor,2025-06-02,13,163,UPI,Paid,Two-Wheeler,25,0.0,75.0,0.36
PT105139,F006,Bike,Visitor,2025-02-25,17,133,Debit Card,Paid,Two-Wheeler,25,0.0,75.0,0.91
PT105140,F008,Bike,Regular,2025-12-05,14,182,UPI,Paid,Two-Wheeler,25,9.0,90.0,0.57
PT105141,F006,Car,,2025-01-09,22,121,Cash,Paid,Open,50,6.38,127.5,0.64
PT105142,F007,Bike,Visitor,2025-08-29,8,39,UPI,Paid,Two-Wheeler,25,1.25,25.0,0.83
PT105143,F003,EV Car,Member,2025-06-13,11,297,Credit Card,Paid,EV Parking,55,0.0,247.5,0.6
PT105144,F006,Car,Regular,2025-05-13,10,205,Debit Card,Paid,Covered,50,27.0,180.0,0.96
PT105145,F005,Bike,Regular,2025-03-22,21,332,Debit Card,Paid,Two-Wheeler,25,0.0,150.0,0.46
PT105146,F007,SUV,Member,2025-12-16,18,162,Credit Card,Paid,Open,65,18.52,185.25,0.99
PT105147,F005,SUV,Regular,2025-05-15,9,73,Wallet,Paid,Open,65,18.52,123.5,0.93
PT105148,F007,Bike,Member,2025-05-14,12,62,UPI,Paid,Two-Wheeler,25,0.0,50.0,0.26
PT105149,F001,SUV,Regular,2025-02-21,8,142,Credit Card,Paid,Covered,65,27.79,185.25,0.76
PT105150,F001,Car,Member,2025-07-21,15,106,Cash,Paid,Covered,50,0.0,100.0,0.54
PT105151,F001,SUV,Member,2025-07-17,12,29,UPI,Paid,Open,65,3.25,65.0,0.48
PT105152,F006,Car,Member,2025-04-16,11,50,UPI,Paid,Covered,50,0.0,42.5,0.7
PT105153,F005,Car,Regular,2025-11-07,14,156,UPI,Paid,Open,50,0.0,142.5,0.5
PT105154,F005,Car,Member,2025-09-01,17,378,Debit Card,Paid,Covered,50,0.0,350.0,0.88
PT105155,F005,SUV,Regular,2025-08-21,13,33,UPI,Paid,Covered,65,0.0,61.75,0.5
PT105156,F003,Car,Regular,2025-01-14,16,178,UPI,Paid,Open,50,0.0,135.0,0.37
PT105157,F005,Car,Regular,2025-08-13,13,227,Credit Card,Paid,Covered,50,0.0,200.0,0.22
PT105158,F003,Car,Member,2025-07-30,11,344,Credit Card,Paid,Covered,50,15.0,300.0,0.33
PT105159,F001,EV Car,Member,2025-07-20,13,63,UPI,Paid,EV Parking,55,0.0,110.0,0.69
PT105160,F001,SUV,Regular,2025-06-14,14,135,UPI,Paid,Covered,65,0.0,185.25,0.4
PT105161,F006,Bike,Member,2025-02-18,13,97,Credit Card,Paid,Two-Wheeler,25,9.5,47.5,0.41
PT105162,F007,Bike,Regular,2025-05-13,11,115,Wallet,Paid,Two-Wheeler,25,6.75,45.0,0.34
PT105163,F001,Bike,Visitor,2025-03-11,10,132,Debit Card,Paid,Two-Wheeler,25,0.0,60.0,0.75
PT105164,F007,Car,Member,2025-04-29,20,343,Debit Card,Paid,Covered,50,0.0,300.0,0.74
PT105165,F007,EV Car,Regular,2025-05-19,12,211,UPI,Paid,EV Parking,55,11.0,220.0,0.56
PT105166,F008,Car,Visitor,2025-08-31,15,109,UPI,Paid,Covered,50,8.5,85.0,0.61
PT105167,F006,Car,Visitor,2025-06-30,12,83,Credit Card,Paid,Open,50,0.0,95.0,0.4
PT105168,F002,Car,Visitor,2025-07-02,20,115,Cash,Paid,Covered,50,9.5,95.0,0.55
PT105169,F002,Bike,Regular,2025-12-01,21,310,Credit Card,Paid,Two-Wheeler,25,0.0,150.0,0.48
PT105170,F004,Bike,Member,2025-02-19,17,107,Cash,Paid,Two-Wheeler,25,0.0,50.0,0.78
PT105171,F008,Bike,Visitor,2025-06-30,14,97,Wallet,Paid,Two-Wheeler,25,5.0,50.0,0.63
PT105172,F006,Car,Visitor,2025-05-05,14,74,UPI,Paid,Covered,50,4.75,95.0,0.43
PT105173,F004,Bike,Regular,2025-08-19,12,148,UPI,Paid,Two-Wheeler,25,7.5,75.0,0.62
PT105174,F004,Car,Regular,2025-11-07,9,56,UPI,Paid,Covered,50,0.0,50.0,0.88
PT105175,F008,Car,Regular,2025-12-14,8,100,UPI,Paid,Covered,50,0.0,100.0,0.59
PT105176,F002,Car,Member,2025-01-03,13,223,UPI,Paid,Covered,50,0.0,180.0,0.15
PT105177,F006,SUV,Member,2025-06-22,21,125,Cash,Paid,Open,65,0.0,156.0,0.42
PT105178,F002,Bike,Regular,2025-03-22,11,405,UPI,Paid,Two-Wheeler,25,0.0,175.0,0.43
PT105179,F004,Bike,Regular,2025-10-02,13,55,UPI,Paid,Two-Wheeler,25,0.0,25.0,0.42
PT105180,F006,SUV,Regular,2025-11-11,15,102,UPI,Paid,Covered,65,0.0,130.0,0.73
PT105181,F004,Bike,Member,2025-12-11,12,270,Wallet,Failed,Two-Wheeler,25,6.25,125.0,0.31
PT105182,F005,Bike,Regular,2025-08-07,6,308,Debit Card,Paid,Two-Wheeler,25,0.0,135.0,0.5
PT105183,F008,Car,Member,2025-05-20,13,62,Wallet,Paid,Covered,50,0.0,100.0,0.45
PT105184,F007,Car,Member,2025-03-04,17,158,Wallet,Paid,Open,50,7.12,142.5,0.71
PT105185,F006,Bike,Regular,2025-01-27,20,85,Credit Card,Paid,Two-Wheeler,25,0.0,42.5,0.99
PT105186,F006,Bike,Regular,2025-07-15,11,48,UPI,Paid,Two-Wheeler,25,3.56,23.75,0.39
PT105187,F007,SUV,Member,2025-06-01,19,30,UPI,Paid,Open,65,0.0,65.0,0.81
PT105188,F004,SUV,Regular,2025-09-09,18,171,UPI,Pending,Open,65,0.0,195.0,0.63
PT105189,F005,Car,Regular,2025-09-05,13,121,Debit Card,Paid,Covered,50,22.5,150.0,0.59
PT105190,F003,Car,Regular,2025-06-03,6,130,UPI,Paid,Covered,50,7.5,150.0,0.7
PT105191,F007,Bike,Regular,2025-07-29,17,368,UPI,Paid,Two-Wheeler,25,8.75,175.0,0.79
PT105192,F008,Car,Member,2025-01-22,12,139,Credit Card,Paid,Open,50,7.5,150.0,0.48
PT105193,F002,Car,Regular,2025-03-11,16,113,Debit Card,Paid,Open,50,0.0,95.0,0.34
PT105194,F004,SUV,Visitor,2025-01-19,14,156,Debit Card,Paid,Covered,65,9.75,195.0,0.52
PT105195,F007,Car,Regular,2025-04-11,11,106,UPI,Pending,Open,50,15.0,100.0,0.58
PT105196,F007,EV Car,Regular,2025-06-11,15,45,Cash,Paid,EV Parking,55,8.8,44.0,0.43
PT105197,F006,SUV,Regular,2025-05-19,16,113,Credit Card,Paid,Covered,65,0.0,130.0,0.55
PT105198,F002,SUV,Regular,2025-03-29,13,112,UPI,Paid,Covered,65,0.0,123.5,0.79
PT105199,F002,Car,Visitor,2025-02-06,16,120,Debit Card,Paid,Open,50,9.0,90.0,0.51
PT105200,F008,Car,Regular,2025-06-20,13,46,Wallet,Paid,Covered,50,0.0,50.0,0.64
PT105201,F002,Bike,Visitor,2025-09-17,21,466,UPI,Paid,Two-Wheeler,25,0.0,200.0,0.25
PT105202,F007,Car,Regular,2025-12-04,11,143,UPI,Paid,Open,50,0.0,150.0,0.35
PT105203,F003,Car,Visitor,2025-09-28,16,228,Credit Card,Paid,Open,50,0.0,190.0,0.56
PT105204,F001,Car,Regular,2025-09-12,16,116,UPI,Paid,Covered,50,0.0,100.0,0.56
PT105205,F004,Car,Visitor,2025-05-20,14,85,Cash,Paid,Covered,50,0.0,100.0,0.76
PT105206,F001,Car,Member,2025-03-09,12,20,UPI,Paid,Covered,50,0.0,42.5,0.44
PT105207,F007,SUV,Regular,2025-03-09,13,330,Debit Card,Paid,Open,65,0.0,390.0,0.3
PT105208,F001,Car,Regular,2025-06-18,15,122,Debit Card,Paid,Covered,50,22.5,150.0,0.5
PT105209,F007,Car,Member,2025-04-15,14,254,Credit Card,Paid,Covered,50,0.0,225.0,0.58
PT105210,F001,Bike,Regular,2025-11-11,16,92,UPI,Paid,Two-Wheeler,25,0.0,50.0,0.55
PT105211,F002,EV Car,Regular,2025-02-27,12,204,UPI,Paid,EV Parking,55,0.0,220.0,0.49
PT105212,F005,Car,Member,2025-07-06,9,69,UPI,Paid,Open,50,0.0,85.0,0.8
PT105213,F002,Car,Regular,2025-02-25,14,152,UPI,Paid,Covered,50,27.0,135.0,0.46
PT105214,F002,Bike,Regular,2025-01-04,11,237,UPI,Paid,Two-Wheeler,25,14.25,95.0,0.48
PT105215,F008,EV Car,Regular,2025-10-12,15,74,Cash,Paid,EV Parking,55,0.0,110.0,0.87
PT105216,F006,SUV,Member,2025-01-17,14,95,UPI,Paid,Open,65,0.0,123.5,0.27
PT105217,F006,Bike,Member,2025-08-25,16,148,Debit Card,Paid,Two-Wheeler,25,0.0,75.0,0.6
PT105218,F001,Car,Member,2025-11-03,14,112,Credit Card,Paid,Covered,50,0.0,95.0,0.5
PT105219,F007,Bike,Member,2025-09-07,13,122,Debit Card,Paid,Two-Wheeler,25,0.0,75.0,0.56
PT105220,F008,Car,Member,2025-01-24,9,84,Wallet,Paid,Open,50,0.0,100.0,0.72
PT105221,F002,Bike,Regular,2025-10-27,9,209,UPI,Paid,Two-Wheeler,25,0.0,95.0,0.99
PT105222,F008,SUV,Regular,2025-04-26,15,185,Cash,Paid,Open,65,12.35,247.0,0.2
PT105223,F001,EV Car,Regular,2025-08-26,18,70,Debit Card,Paid,EV Parking,55,0.0,110.0,0.84
PT105224,F006,Car,Member,2025-06-18,13,85,Cash,Paid,Open,50,0.0,90.0,0.26
PT105225,F005,Car,Regular,2025-11-09,14,81,Debit Card,Paid,Covered,50,0.0,100.0,0.35
PT105226,F004,Bike,Member,2025-10-15,14,113,Credit Card,Paid,Two-Wheeler,25,0.0,45.0,0.82
PT105227,F001,SUV,Regular,2025-08-29,13,144,UPI,Paid,Covered,65,0.0,165.75,0.76
PT105228,F008,SUV,Regular,2025-12-30,8,200,UPI,Paid,Covered,65,0.0,208.0,0.75
PT105229,F005,Car,Visitor,2025-10-25,14,129,Credit Card,Paid,Covered,50,0.0,142.5,0.42
PT105230,F004,Car,Member,2025-10-17,9,35,Wallet,Pending,Covered,50,0.0,45.0,0.76
PT105231,F003,Bike,Regular,2025-09-08,14,148,Debit Card,Paid,Two-Wheeler,25,7.5,75.0,0.64
PT105232,F001,Car,Regular,2025-06-14,16,333,UPI,Paid,Open,50,45.0,300.0,0.43
PT105233,F001,SUV,Regular,2025-12-07,6,22,Cash,Pending,Open,65,0.0,65.0,0.49
PT105234,F003,Bike,Regular,2025-05-21,13,131,Debit Card,Paid,Two-Wheeler,25,0.0,67.5,0.57
PT105235,F003,SUV,Regular,2025-04-30,16,134,UPI,Paid,Open,65,18.52,185.25,0.7
PT105236,F001,Bike,Member,2025-12-04,14,158,UPI,Paid,Two-Wheeler,25,3.75,75.0,0.47
PT105237,F003,SUV,Regular,2025-06-10,11,52,UPI,Pending,Covered,65,0.0,65.0,0.34
PT105238,F002,Car,Member,2025-04-15,15,169,Cash,Paid,Covered,50,0.0,135.0,0.38
PT105239,F004,SUV,Member,2025-12-04,16,173,Cash,Paid,Open,65,0.0,185.25,0.66
PT105240,F004,Car,Member,2025-04-02,12,123,UPI,Paid,Open,50,7.5,150.0,0.96
PT105241,F004,Bike,Visitor,2025-07-23,12,52,UPI,Pending,Two-Wheeler,25,0.0,25.0,0.38
PT105242,F002,Car,Member,2025-02-09,14,85,Debit Card,Paid,Open,50,0.0,100.0,0.61
PT105243,F007,Bike,Visitor,2025-02-23,12,335,Wallet,Paid,Two-Wheeler,25,0.0,150.0,0.77
PT105244,F003,Car,Visitor,2025-03-30,17,183,Debit Card,Paid,Open,50,0.0,200.0,0.59
PT105245,F005,Car,Visitor,2025-05-15,16,70,Credit Card,Paid,Covered,50,0.0,100.0,0.49
PT105246,F003,EV Car,Visitor,2025-01-02,12,144,UPI,Paid,EV Parking,55,6.6,132.0,0.38
PT105247,F001,Car,Visitor,2025-04-07,13,362,Credit Card,Paid,Covered,50,0.0,350.0,0.29
PT105248,F006,SUV,Member,2025-02-25,18,65,UPI,Paid,Covered,65,0.0,130.0,0.82
PT105249,F008,EV Car,Member,2025-12-26,10,53,Cash,Paid,EV Parking,55,0.0,55.0,0.88
PT105250,F008,Car,Regular,2025-05-04,16,84,UPI,Paid,Open,50,10.0,100.0,0.63
PT105251,F004,Bike,Regular,2025-07-04,12,170,Cash,Paid,Two-Wheeler,25,0.0,63.75,0.98
PT105252,F003,Car,Member,2025-05-05,9,100,UPI,Paid,Covered,50,0.0,90.0,0.6
PT105253,F005,Car,Regular,2025-11-30,9,30,Cash,Pending,Covered,50,0.0,50.0,0.88
PT105254,F001,Car,Regular,2025-09-21,11,153,UPI,Paid,Covered,50,12.0,120.0,0.78
PT105255,F002,EV Car,Visitor,2025-12-06,14,91,Credit Card,Failed,EV Parking,55,11.0,110.0,0.23
PT105256,F007,Car,Regular,2025-07-10,19,86,Credit Card,Paid,Open,50,15.0,100.0,0.7
PT105257,F002,Bike,Regular,2025-12-04,12,59,UPI,Paid,Two-Wheeler,25,1.25,25.0,0.5
PT105258,F005,Bike,Regular,2025-08-03,10,38,Wallet,Paid,Two-Wheeler,25,0.0,21.25,0.62
PT105259,F001,SUV,Regular,2025-08-09,13,114,Credit Card,Paid,Covered,65,0.0,130.0,0.49
PT105260,F004,Car,Visitor,2025-07-18,10,188,Credit Card,Pending,Covered,50,0.0,160.0,0.78
PT105261,F003,Bike,Member,2025-12-10,11,117,Cash,Paid,Two-Wheeler,25,2.5,50.0,0.75
PT105262,F001,Bike,Regular,2025-06-23,21,135,Cash,Paid,Two-Wheeler,25,3.0,60.0,0.51
PT105263,F008,Bike,Regular,2025-08-05,14,320,Credit Card,Paid,Two-Wheeler,25,0.0,150.0,0.57
PT105264,F007,EV Car,Regular,2025-07-25,16,179,Wallet,Paid,EV Parking,55,24.75,165.0,0.38
PT105265,F002,SUV,Member,2025-03-08,11,141,UPI,Paid,Open,65,0.0,195.0,0.27
PT105266,F007,Car,Member,2025-06-23,14,32,UPI,Pending,Covered,50,0.0,45.0,0.63
PT105267,F007,Bike,Member,2025-03-19,14,143,Credit Card,Paid,Two-Wheeler,25,0.0,75.0,0.67
PT105268,F005,Car,Member,2025-11-19,17,148,UPI,Paid,Covered,50,19.12,127.5,0.89
PT105269,F005,Car,Visitor,2025-02-11,7,226,Credit Card,Paid,Open,50,25.5,170.0,0.49
PT105270,F003,Bike,Regular,2025-03-05,18,95,UPI,Paid,Two-Wheeler,25,0.0,50.0,0.99
PT105271,F005,Car,Member,2025-11-25,8,273,UPI,Paid,Covered,50,42.5,212.5,0.89
PT105272,F005,Bike,Regular,2025-07-18,19,154,Cash,Paid,Two-Wheeler,25,11.25,75.0,0.87
PT105273,F001,EV Car,Member,2025-03-31,10,20,Credit Card,Paid,EV Parking,55,4.95,49.5,0.92
PT105274,F008,Car,Visitor,2025-01-07,14,113,Wallet,Paid,Open,50,15.0,100.0,0.51
PT105275,F004,EV Car,Regular,2025-09-20,9,150,Debit Card,Failed,EV Parking,55,0.0,148.5,0.6
PT105276,F003,Bike,Visitor,2025-05-02,13,205,UPI,Paid,Two-Wheeler,25,8.0,80.0,0.44
PT105277,F001,Bike,Member,2025-06-13,12,34,UPI,Paid,Two-Wheeler,25,1.25,25.0,0.54
PT105278,F004,SUV,Regular,2025-04-26,13,141,UPI,Paid,Open,65,19.5,195.0,0.64
PT105279,F007,Car,Member,2025-01-13,14,24,Cash,Paid,Open,50,0.0,50.0,0.42
PT105280,F001,Bike,Member,2025-01-20,13,57,UPI,Paid,Two-Wheeler,25,2.5,25.0,0.67
PT105281,F006,Car,Member,2025-07-20,7,109,UPI,Paid,Open,50,20.0,100.0,0.68
PT105282,F001,Car,Regular,2025-11-05,18,166,Wallet,Paid,Covered,50,0.0,150.0,0.62
PT105283,F005,EV Car,Member,2025-09-11,9,54,Debit Card,Paid,EV Parking,55,9.9,49.5,0.94
PT105284,F004,SUV,Regular,2025-03-27,21,239,UPI,Paid,Open,65,0.0,234.0,0.34
PT105285,F003,Car,Regular,2025-06-29,18,185,UPI,Paid,Covered,50,0.0,200.0,0.73
PT105286,F003,Car,Member,2025-08-25,14,381,Cash,Paid,Open,50,0.0,350.0,0.43
PT105287,F004,Bike,Member,2025-12-19,11,139,Cash,Pending,Two-Wheeler,25,7.5,75.0,0.51
PT105288,F005,Car,Regular,2025-03-02,8,134,UPI,Paid,Covered,50,6.75,135.0,0.77
PT105289,F002,Bike,Regular,2025-08-03,15,137,Credit Card,Paid,Two-Wheeler,25,0.0,75.0,0.35
PT105290,F001,Car,Regular,2025-08-03,11,58,Cash,Paid,Open,50,2.5,50.0,0.76
PT105291,F005,Bike,Regular,2025-12-24,16,37,Debit Card,Paid,Two-Wheeler,25,0.0,25.0,0.46
PT105292,F006,Car,Regular,2025-03-31,17,440,Cash,Paid,Covered,50,0.0,400.0,0.35
PT105293,F008,Car,Member,2025-04-06,21,323,Credit Card,Paid,Covered,50,45.0,300.0,0.64
PT105294,F007,Bike,Visitor,2025-03-02,14,111,Wallet,Paid,Two-Wheeler,25,2.5,50.0,0.46
PT105295,F004,Bike,Visitor,2025-02-25,21,48,UPI,Paid,Two-Wheeler,25,2.5,25.0,0.41
PT105296,F008,EV Car,Visitor,2025-08-08,10,145,UPI,Paid,EV Parking,55,8.25,165.0,0.7
PT105297,F001,SUV,Regular,2025-04-04,17,125,Debit Card,Paid,Covered,65,39.0,195.0,0.79
PT105298,F003,Car,Regular,2025-02-09,12,115,Credit Card,Paid,Open,50,0.0,95.0,0.39
PT105299,F007,Car,Regular,2025-12-03,12,92,Cash,Paid,Covered,50,0.0,90.0,0.46
PT105300,F008,SUV,Regular,2025-11-15,11,132,UPI,Paid,Open,65,0.0,195.0,0.5
PT105301,F002,EV Car,Regular,2025-09-05,10,88,Cash,Paid,EV Parking,55,5.22,104.5,0.67
PT105302,F008,SUV,Member,2025-08-05,13,59,UPI,Paid,Covered,65,3.25,65.0,0.62
PT105303,F006,Car,Member,2025-06-03,21,45,Debit Card,Paid,Covered,50,5.0,50.0,0.26
PT105304,F003,EV Car,Member,2025-12-17,12,56,UPI,Paid,EV Parking,55,0.0,55.0,0.51
PT105305,F004,Car,Regular,2025-03-03,13,83,Credit Card,Paid,Covered,50,0.0,100.0,0.45
PT105306,F001,SUV,Regular,2025-08-28,11,98,Debit Card,Paid,Covered,65,6.5,130.0,0.59
PT105307,F004,EV Car,Regular,2025-07-09,12,139,UPI,Paid,EV Parking,55,33.0,165.0,0.49
PT105308,F007,Car,Visitor,2025-05-26,8,46,UPI,Paid,Open,50,0.0,45.0,0.93
PT105309,F001,EV Car,Regular,2025-01-10,20,30,Credit Card,Paid,EV Parking,55,0.0,49.5,0.91
PT105310,F005,Car,Member,2025-10-19,14,85,Cash,Pending,Open,50,0.0,100.0,0.56
PT105311,F002,EV Car,Regular,2025-05-10,16,51,UPI,Paid,EV Parking,55,0.0,55.0,0.34
PT105312,F005,Car,Regular,2025-03-01,14,199,UPI,Paid,Covered,50,0.0,200.0,0.54
PT105313,F005,EV Car,Member,2025-06-24,16,64,UPI,Failed,EV Parking,55,0.0,99.0,0.28
PT105314,F004,Car,Regular,2025-03-14,14,27,Wallet,Failed,Covered,50,2.5,50.0,0.48
PT105315,F007,SUV,Member,2025-08-27,15,74,UPI,Paid,Covered,65,0.0,130.0,0.72
PT105316,F002,Bike,Regular,2025-06-28,15,335,UPI,Paid,Two-Wheeler,25,0.0,150.0,0.41
PT105317,F008,Bike,Member,2025-03-08,14,72,Debit Card,Failed,Two-Wheeler,25,0.0,47.5,0.36
PT105318,F001,Car,Member,2025-03-22,11,124,Debit Card,Paid,Covered,50,22.5,150.0,0.73
PT105319,F001,SUV,Regular,2025-03-18,11,89,UPI,Paid,Covered,65,0.0,130.0,0.51
PT105320,F006,Car,Visitor,2025-09-05,18,81,Wallet,Paid,Open,50,0.0,100.0,0.85
PT105321,F003,Bike,Regular,2025-07-14,9,316,Credit Card,Paid,Two-Wheeler,25,0.0,120.0,0.8
PT105322,F006,Car,Visitor,2025-03-09,14,68,Credit Card,Paid,Covered,50,4.5,90.0,0.71
PT105323,F008,EV Car,Regular,2025-12-04,14,158,UPI,Pending,EV Parking,55,24.75,165.0,0.67
PT105324,F006,Car,Member,2025-02-25,17,63,Cash,Paid,Covered,50,0.0,100.0,0.98
PT105325,F001,Car,Member,2025-04-09,9,290,UPI,Paid,Covered,50,0.0,250.0,0.82
PT105326,F004,Car,Visitor,2025-09-27,15,480,UPI,Paid,Covered,50,0.0,400.0,0.66
PT105327,F005,Car,Regular,2025-03-17,14,274,UPI,Paid,Covered,50,12.5,250.0,0.4
PT105328,F007,Car,Visitor,2025-11-27,15,99,Debit Card,Paid,Open,50,14.25,95.0,0.56
PT105329,F005,Bike,Member,2025-03-07,15,72,Credit Card,Paid,Two-Wheeler,25,0.0,45.0,0.28
PT105330,F005,SUV,Member,2025-02-02,14,167,,Paid,Covered,65,0.0,185.25,0.57
PT105331,F002,SUV,Regular,2025-09-26,19,170,UPI,Paid,Covered,65,18.52,185.25,0.67
PT105332,F001,Bike,Member,2025-01-30,12,147,Debit Card,Paid,Two-Wheeler,25,7.12,71.25,0.58
PT105333,F008,Car,Member,2025-01-26,10,60,Debit Card,Paid,Open,50,0.0,50.0,0.88
PT105334,F008,Bike,Regular,2025-07-29,17,104,UPI,Paid,Two-Wheeler,25,0.0,50.0,0.6
PT105335,F007,Car,Regular,2025-09-26,9,186,Cash,Paid,Covered,50,0.0,200.0,0.76
PT105336,F004,SUV,Member,2025-11-20,15,106,UPI,Paid,Covered,65,13.0,130.0,0.43
PT105337,F002,Car,Member,2025-05-03,14,292,Debit Card,Paid,Covered,50,12.5,250.0,0.77
PT105338,F003,Car,Regular,2025-02-02,6,144,UPI,Paid,Open,50,7.5,150.0,0.34
PT105339,F004,Car,Regular,2025-05-23,11,36,Credit Card,Paid,Open,50,5.0,50.0,0.46
PT105340,F006,SUV,Regular,2025-05-25,14,35,Wallet,Paid,Covered,65,0.0,61.75,0.15
PT105341,F004,Car,Regular,2025-09-19,12,139,Wallet,Paid,Covered,50,0.0,135.0,0.45
PT105342,F004,Bike,Visitor,2025-01-05,13,294,UPI,Paid,Two-Wheeler,25,0.0,125.0,0.53
PT105343,F005,Car,Regular,2025-06-10,14,62,Credit Card,Paid,Open,50,15.0,100.0,0.18
PT105344,F004,SUV,Visitor,2025-11-06,16,20,UPI,Paid,Open,65,3.25,65.0,0.45
PT105345,F008,EV Car,Regular,2025-05-24,10,171,Cash,Paid,EV Parking,55,0.0,140.25,0.99
PT105346,F006,Bike,Member,2025-06-01,12,20,Credit Card,Paid,Two-Wheeler,25,0.0,25.0,0.48
PT105347,F006,Bike,Regular,2025-01-05,15,86,UPI,Paid,Two-Wheeler,25,4.25,42.5,0.46
PT105348,F001,EV Car,Regular,2025-07-14,14,129,UPI,Paid,EV Parking,55,15.68,156.75,0.48
PT105349,F004,Bike,Regular,2025-05-05,16,257,Wallet,Paid,Two-Wheeler,25,6.25,125.0,0.47
PT105350,F005,Bike,Regular,2025-03-17,15,94,Credit Card,Pending,Two-Wheeler,25,0.0,45.0,0.51
PT105351,F004,Bike,Member,2025-11-02,12,480,UPI,Paid,Two-Wheeler,25,30.0,200.0,0.53
PT105352,F003,Bike,Regular,2025-06-18,14,309,UPI,Paid,Two-Wheeler,25,13.5,135.0,0.38
PT105353,F003,Car,Regular,2025-08-05,18,273,UPI,Paid,Covered,50,12.5,250.0,0.94
PT105354,F005,SUV,Regular,2025-07-02,10,267,Credit Card,Paid,Open,65,14.62,292.5,0.82
PT105355,F001,Bike,Regular,2025-12-03,12,330,Wallet,Paid,Two-Wheeler,25,22.5,150.0,0.64
PT105356,F001,Car,Visitor,2025-04-23,17,21,Cash,Paid,Covered,50,6.38,42.5,0.82
PT105357,F006,SUV,Regular,2025-10-03,12,108,Credit Card,Paid,Open,65,6.5,130.0,0.82
PT105358,F006,Car,Member,2025-06-27,13,27,Cash,Paid,Open,50,0.0,50.0,0.6
PT105359,F002,Car,Regular,2025-05-05,12,156,Credit Card,Paid,Open,50,0.0,150.0,0.48
PT105360,F005,Bike,Member,2025-10-18,18,148,UPI,Paid,Two-Wheeler,25,6.0,60.0,0.79
PT105361,F004,SUV,Regular,2025-11-19,15,132,Wallet,Paid,Open,65,8.78,175.5,0.51
PT105362,F007,SUV,Member,2025-07-18,11,84,UPI,Paid,Covered,65,0.0,123.5,0.44
PT105363,F005,EV Car,Member,2025-05-18,16,80,UPI,Paid,EV Parking,55,0.0,110.0,0.5
PT105364,F002,SUV,Member,2025-08-06,7,240,Wallet,Paid,Covered,65,39.0,260.0,0.28
PT105365,F006,Car,Regular,2025-10-24,13,151,UPI,Paid,Covered,50,20.25,135.0,0.72
PT105366,F005,Car,Member,2025-06-17,19,266,Debit Card,Paid,Covered,50,45.0,225.0,0.99
PT105367,F005,SUV,Member,2025-05-14,15,110,Wallet,Paid,Covered,65,0.0,130.0,0.43
PT105368,F006,Car,Regular,2025-06-10,17,76,Credit Card,Paid,Covered,50,8.0,80.0,0.78
PT105369,F008,Bike,Regular,2025-09-29,19,141,UPI,Paid,Two-Wheeler,25,7.12,71.25,0.7
PT105370,F002,Bike,Regular,2025-10-07,16,20,,Paid,Two-Wheeler,25,0.0,21.25,0.45
PT105371,F006,Car,Regular,2025-09-05,8,149,UPI,Paid,Covered,50,0.0,150.0,0.82
PT105372,F001,EV Car,Regular,2025-08-10,11,202,UPI,Paid,EV Parking,55,41.8,209.0,0.78
PT105373,F004,Bike,Visitor,2025-11-12,14,103,Debit Card,Paid,Two-Wheeler,25,0.0,45.0,0.53
PT105374,F006,Bike,Regular,2025-11-26,6,142,Credit Card,Paid,Two-Wheeler,25,3.38,67.5,0.39
PT105375,F002,EV Car,Regular,2025-06-21,15,60,Credit Card,Pending,EV Parking,55,2.61,52.25,0.43
PT105376,F003,Bike,Regular,2025-09-16,15,99,Credit Card,Paid,Two-Wheeler,25,2.38,47.5,0.68
PT105377,F001,Car,Member,2025-09-13,15,256,Credit Card,Paid,Open,50,0.0,225.0,0.62
PT105378,F003,Bike,Regular,2025-06-17,14,224,Cash,Paid,Two-Wheeler,25,10.0,100.0,0.31
PT105379,F007,SUV,Regular,2025-04-30,13,87,UPI,Paid,Open,65,0.0,117.0,0.44
PT105380,F006,SUV,Member,2025-01-19,18,20,Cash,Pending,Covered,65,6.5,65.0,0.79
PT105381,F001,SUV,Member,2025-10-23,16,95,Credit Card,Paid,Covered,65,0.0,117.0,0.62
PT105382,F004,SUV,Member,2025-11-05,15,242,UPI,Paid,Covered,65,14.62,292.5,0.78
PT105383,F006,Car,Visitor,2025-09-04,7,281,UPI,Paid,Covered,50,25.0,250.0,0.51
PT105384,F004,SUV,Visitor,2025-07-24,15,131,UPI,Paid,Covered,65,0.0,175.5,0.47
PT105385,F008,SUV,Regular,2025-03-08,14,75,Debit Card,Paid,Covered,65,0.0,130.0,0.62
PT105386,F005,Car,Member,2025-12-08,15,151,UPI,Paid,Covered,50,13.5,135.0,0.53
PT105387,F003,Car,Member,2025-12-11,12,323,Wallet,Paid,Covered,50,0.0,300.0,0.54
PT105388,F001,EV Car,Regular,2025-07-04,16,108,Credit Card,Paid,EV Parking,55,0.0,110.0,0.61
PT105389,F004,SUV,Member,2025-12-08,13,79,Wallet,Paid,Covered,65,0.0,123.5,0.59
PT105390,F002,SUV,Visitor,2025-04-18,18,98,UPI,Paid,Covered,65,19.5,130.0,0.69
PT105391,F004,SUV,Regular,2025-06-14,9,108,UPI,Paid,Covered,65,5.52,110.5,0.86
PT105392,F002,Bike,Visitor,2025-05-01,13,35,,Paid,Two-Wheeler,25,0.0,25.0,0.33
PT105393,F006,Bike,Regular,2025-03-25,11,68,UPI,Paid,Two-Wheeler,25,9.5,47.5,0.61
PT105394,F001,Bike,Regular,2025-10-29,13,64,Cash,Paid,Two-Wheeler,25,0.0,47.5,0.54
PT105395,F004,Car,Regular,2025-09-18,12,49,UPI,Pending,Open,50,0.0,50.0,0.32
PT105396,F007,SUV,Regular,2025-04-17,17,193,Credit Card,Paid,Covered,65,0.0,221.0,0.9
PT105397,F004,Bike,Regular,2025-05-03,10,209,UPI,Paid,Two-Wheeler,25,0.0,90.0,0.68
PT105398,F008,Bike,Regular,2025-03-14,14,70,UPI,Paid,Two-Wheeler,25,0.0,45.0,0.73
PT105399,F007,Bike,Regular,2025-12-03,13,142,Cash,Paid,Two-Wheeler,25,3.75,75.0,0.55
PT105400,F001,Bike,Visitor,2025-11-09,14,311,Debit Card,Paid,Two-Wheeler,25,0.0,150.0,0.44
PT105401,F008,Car,Visitor,2025-06-03,16,20,Debit Card,Paid,Open,50,2.38,47.5,0.49
PT105402,F004,Car,Regular,2025-10-16,12,84,UPI,Paid,Covered,50,0.0,100.0,0.47
PT105403,F002,Car,Member,2025-04-07,12,134,Wallet,Paid,Open,50,0.0,135.0,0.4
PT105404,F004,Car,Member,2025-10-19,8,76,Debit Card,Paid,Covered,50,0.0,100.0,0.83
PT105405,F003,EV Car,Visitor,2025-12-15,14,389,Credit Card,Pending,EV Parking,55,17.32,346.5,0.35
PT105406,F006,Car,Member,2025-10-05,13,376,Credit Card,Paid,Open,50,29.75,297.5,0.46
PT105407,F005,Car,Member,2025-09-11,17,159,Wallet,Paid,Covered,50,0.0,150.0,0.84
PT105408,F002,Bike,Member,2025-03-23,13,262,Credit Card,Paid,Two-Wheeler,25,0.0,125.0,0.56
PT105409,F003,Bike,Regular,2025-01-17,21,89,Debit Card,Paid,Two-Wheeler,25,0.0,50.0,0.52
PT105410,F007,Car,Regular,2025-10-27,10,122,UPI,Paid,Open,50,15.0,150.0,0.58
PT105411,F006,SUV,Member,2025-06-29,11,117,UPI,Paid,Covered,65,0.0,130.0,0.6
PT105412,F001,SUV,Member,2025-08-04,13,30,Debit Card,Paid,Covered,65,6.5,65.0,0.32
PT105413,F002,Car,Regular,2025-01-22,10,209,Credit Card,Paid,Covered,50,0.0,200.0,0.95
PT105414,F005,Car,Visitor,2025-08-24,21,476,Credit Card,Paid,Covered,50,0.0,400.0,0.84
PT105415,F006,EV Car,Member,2025-07-30,15,243,Debit Card,Paid,EV Parking,55,27.5,275.0,0.72
PT105416,F007,SUV,Member,2025-10-13,6,48,UPI,Paid,Open,65,0.0,55.25,0.47
PT105417,F008,Bike,Regular,2025-07-26,14,208,Debit Card,Pending,Two-Wheeler,25,0.0,100.0,0.35
PT105418,F008,Car,Regular,2025-11-21,16,147,Wallet,Failed,Covered,50,24.0,120.0,0.68
PT105419,F005,Car,Regular,2025-09-12,8,107,Cash,Paid,Covered,50,0.0,80.0,0.8
PT105420,F001,Bike,Regular,2025-12-11,14,177,UPI,Paid,Two-Wheeler,25,0.0,75.0,0.61
PT105421,F001,Car,Visitor,2025-01-11,12,110,UPI,Paid,Covered,50,0.0,100.0,0.68
PT105422,F007,Bike,Member,2025-11-03,14,208,Cash,Paid,Two-Wheeler,25,0.0,100.0,0.41
PT105423,F002,Bike,Member,2025-11-15,11,228,Credit Card,Paid,Two-Wheeler,25,10.0,100.0,0.62
PT105424,F007,Car,Regular,2025-12-08,15,110,Credit Card,Paid,Covered,50,0.0,100.0,0.34
PT105425,F004,SUV,Regular,2025-02-03,15,200,Wallet,Paid,Covered,65,39.0,260.0,0.3
PT105426,F001,SUV,Regular,2025-05-01,14,224,Credit Card,Paid,Covered,65,12.35,247.0,0.82
PT105427,F006,Car,Visitor,2025-08-24,19,67,Credit Card,Pending,Open,50,20.0,100.0,0.64
PT105428,F004,SUV,Regular,2025-07-02,19,39,UPI,Paid,Open,65,6.5,65.0,0.62
PT105429,F008,Car,Regular,2025-03-19,7,214,UPI,Paid,Covered,50,28.5,190.0,0.16
PT105430,F008,SUV,Member,2025-05-03,12,184,UPI,Paid,Covered,65,13.0,260.0,0.71
PT105431,F003,Car,Member,2025-10-03,12,435,Wallet,Paid,Covered,50,0.0,400.0,0.58
PT105432,F005,Car,Regular,2025-07-27,8,66,UPI,Paid,Open,50,0.0,100.0,0.99
PT105433,F004,Bike,Member,2025-07-05,14,61,Credit Card,Paid,Two-Wheeler,25,2.5,50.0,0.4
PT105434,F005,Bike,Member,2025-01-17,7,137,Cash,Paid,Two-Wheeler,25,0.0,67.5,0.53
PT105435,F007,EV Car,Visitor,2025-10-17,15,24,Credit Card,Paid,EV Parking,55,5.5,55.0,0.52
PT105436,F004,Car,Visitor,2025-09-11,6,117,Credit Card,Paid,Covered,50,0.0,90.0,0.53
PT105437,F007,Car,Member,2025-04-09,7,176,UPI,Paid,Covered,50,12.75,127.5,0.62
PT105438,F003,Bike,Regular,2025-05-27,17,161,Cash,Paid,Two-Wheeler,25,0.0,75.0,0.82
PT105439,F001,Bike,Member,2025-04-24,11,162,UPI,Failed,Two-Wheeler,25,10.12,67.5,0.56
PT105440,F008,Car,Member,2025-04-07,8,108,UPI,Failed,Open,50,0.0,95.0,0.82
PT105441,F003,Bike,Regular,2025-11-18,13,168,UPI,Paid,Two-Wheeler,25,0.0,75.0,0.56
PT105442,F008,SUV,Regular,2025-11-24,8,163,UPI,Paid,Open,65,19.5,195.0,0.56
PT105443,F001,SUV,Member,2025-12-15,16,50,UPI,Failed,Open,65,5.52,55.25,0.58
PT105444,F007,EV Car,Member,2025-06-19,14,206,Debit Card,Pending,EV Parking,55,20.9,209.0,0.73
PT105445,F001,Car,Member,2025-11-03,14,178,UPI,Paid,Covered,50,28.5,142.5,0.52
PT105446,F008,SUV,Visitor,2025-07-18,16,189,Debit Card,Paid,Covered,65,0.0,208.0,0.56
PT105447,F008,Car,Regular,2025-06-26,16,33,UPI,Failed,Open,50,5.0,50.0,0.52
PT105448,F005,Bike,Regular,2025-05-04,9,47,UPI,Paid,Two-Wheeler,25,0.0,25.0,0.81
PT105449,F006,Bike,Member,2025-06-06,12,277,Credit Card,Paid,Two-Wheeler,25,0.0,125.0,0.5
PT105450,F003,EV Car,Regular,2025-04-05,10,55,Wallet,Paid,EV Parking,55,0.0,55.0,0.92
PT105451,F004,SUV,Regular,2025-10-13,8,60,Cash,Paid,Open,65,0.0,55.25,0.71
PT105452,F008,EV Car,Regular,2025-04-09,14,56,Wallet,Paid,EV Parking,55,2.61,52.25,0.7
PT105453,F003,SUV,Member,2025-08-23,11,134,Debit Card,Paid,Covered,65,18.52,185.25,0.48
PT105454,F005,EV Car,Visitor,2025-07-09,10,72,Debit Card,Paid,EV Parking,55,0.0,99.0,0.91
PT105455,F001,SUV,Regular,2025-10-21,14,72,Debit Card,Paid,Covered,65,19.5,130.0,0.55
PT105456,F005,Bike,Member,2025-09-30,15,20,Debit Card,Paid,Two-Wheeler,25,0.0,25.0,0.63
PT105457,F002,Car,Member,2025-11-26,16,72,UPI,Paid,Covered,50,0.0,100.0,0.51
PT105458,F002,Car,Regular,2025-01-18,6,389,Credit Card,Paid,Covered,50,17.5,350.0,0.55
PT105459,F004,Car,Visitor,2025-06-23,14,65,UPI,Paid,Covered,50,0.0,90.0,0.48
PT105460,F005,Bike,Regular,2025-11-02,11,153,Credit Card,Paid,Two-Wheeler,25,0.0,75.0,0.42
PT105461,F007,Bike,Regular,2025-04-30,22,296,Credit Card,Paid,Two-Wheeler,25,5.62,112.5,0.41
PT105462,F004,Bike,Member,2025-09-13,10,115,UPI,Paid,Two-Wheeler,25,0.0,50.0,0.8
PT105463,F007,EV Car,Member,2025-04-06,13,55,UPI,Paid,EV Parking,55,0.0,55.0,0.49
PT105464,F004,EV Car,Regular,2025-11-06,21,130,UPI,Paid,EV Parking,55,16.5,165.0,0.31
PT105465,F002,Car,Regular,2025-01-31,11,20,Wallet,Paid,Covered,50,0.0,50.0,0.7
PT105466,F004,Car,Regular,2025-04-07,17,122,UPI,Paid,Open,50,15.0,150.0,0.67
PT105467,F002,Bike,Member,2025-07-12,11,206,UPI,Pending,Two-Wheeler,25,9.0,90.0,0.65
PT105468,F008,Car,Member,2025-08-21,8,56,Cash,Paid,Covered,50,0.0,40.0,0.81
PT105469,F001,SUV,Regular,2025-02-15,7,201,Credit Card,Paid,Covered,65,0.0,260.0,0.43
PT105470,F007,Bike,Visitor,2025-10-18,20,259,UPI,Paid,Two-Wheeler,25,0.0,125.0,0.7
PT105471,F005,Bike,Regular,2025-08-24,11,240,UPI,Paid,Two-Wheeler,25,4.5,90.0,0.23
PT105472,F008,SUV,Member,2025-02-18,12,146,UPI,Paid,Covered,65,0.0,195.0,0.43
PT105473,F008,SUV,Member,2025-12-03,20,136,UPI,Paid,Covered,65,27.79,185.25,0.77
PT105474,F004,Car,Member,2025-06-11,15,293,UPI,Paid,Covered,50,0.0,212.5,0.44
PT105475,F002,SUV,Regular,2025-10-12,13,83,Credit Card,Paid,Covered,65,6.5,130.0,0.53
PT105476,F003,Bike,Regular,2025-05-14,13,218,Cash,Paid,Two-Wheeler,25,0.0,95.0,0.61
PT105477,F007,Car,Visitor,2025-09-14,7,114,Credit Card,Paid,Open,50,0.0,100.0,0.39
PT105478,F008,Car,Regular,2025-07-02,17,163,Credit Card,Paid,Covered,50,0.0,142.5,0.79
PT105479,F004,Bike,Member,2025-01-27,16,137,UPI,Paid,Two-Wheeler,25,3.19,63.75,0.59
PT105480,F006,Car,Regular,2025-05-20,9,28,,Paid,Covered,50,10.0,50.0,0.98
PT105481,F001,Car,Regular,2025-09-17,12,102,Cash,Paid,Open,50,0.0,90.0,0.28
PT105482,F001,Bike,Member,2025-03-21,18,152,UPI,Paid,Two-Wheeler,25,0.0,71.25,0.77
PT105483,F003,SUV,Visitor,2025-06-29,11,82,Cash,Paid,Covered,65,0.0,130.0,0.34
PT105484,F002,Car,Regular,2025-09-24,15,42,Credit Card,Paid,Covered,50,0.0,50.0,0.68
PT105485,F004,Car,Regular,2025-02-21,13,70,Cash,Paid,Open,50,15.0,100.0,0.72
PT105486,F007,SUV,Regular,2025-03-25,17,187,UPI,Paid,Covered,65,39.0,260.0,0.74
PT105487,F002,Car,Regular,2025-06-05,7,208,UPI,Paid,Covered,50,30.0,200.0,0.6
PT105488,F001,EV Car,Regular,2025-11-24,17,439,Debit Card,Paid,EV Parking,55,0.0,440.0,0.75
PT105489,F002,Bike,Member,2025-04-14,9,33,Debit Card,Paid,Two-Wheeler,25,0.0,25.0,0.68
PT105490,F001,Car,Member,2025-12-12,6,104,UPI,Pending,Covered,50,9.5,95.0,0.52
PT105491,F002,Car,Member,2025-04-07,14,162,Wallet,Paid,Covered,50,0.0,142.5,0.53
PT105492,F003,Car,Regular,2025-05-05,11,225,UPI,Pending,Covered,50,8.5,170.0,0.62
PT105493,F005,Car,Regular,2025-07-02,15,109,UPI,Paid,Covered,50,0.0,95.0,0.67
PT105494,F003,Car,Regular,2025-11-23,13,157,Credit Card,Paid,Covered,50,0.0,135.0,0.71
PT105495,F003,Bike,Regular,2025-02-23,14,144,Debit Card,Paid,Two-Wheeler,25,11.25,75.0,0.55
PT105496,F005,Car,Member,2025-10-29,15,29,Wallet,Paid,Open,50,0.0,50.0,0.52
PT105497,F005,Bike,Regular,2025-06-13,19,154,UPI,Paid,Two-Wheeler,25,14.25,71.25,0.93
PT105498,F008,Bike,Regular,2025-05-29,17,206,UPI,Paid,Two-Wheeler,25,0.0,100.0,0.72
PT105499,F008,Car,Regular,2025-10-17,14,349,Credit Card,Paid,Open,50,0.0,300.0,0.7
PT105500,F004,Car,,2025-03-28,13,107,UPI,Failed,Covered,50,0.0,80.0,0.49
PT105501,F007,Car,Visitor,2025-06-11,15,116,Credit Card,Paid,Covered,50,0.0,95.0,0.29
PT105502,F007,Car,Regular,2025-06-17,16,391,Credit Card,Paid,Covered,50,0.0,350.0,0.43
PT105503,F004,SUV,Member,2025-05-15,10,256,UPI,Paid,Covered,65,0.0,292.5,0.57
PT105504,F003,Car,Visitor,2025-03-31,7,30,Credit Card,Paid,Covered,50,2.5,50.0,0.36
PT105505,F003,SUV,Regular,2025-11-04,13,70,Credit Card,Paid,Covered,65,15.6,104.0,0.59
PT105506,F001,Bike,Member,2025-11-01,9,105,Debit Card,Paid,Two-Wheeler,25,0.0,45.0,0.86
PT105507,F001,Bike,Member,2025-03-22,11,106,Debit Card,Paid,Two-Wheeler,25,0.0,50.0,0.57
PT105508,F007,Bike,Member,2025-12-17,14,102,UPI,Paid,Two-Wheeler,25,0.0,45.0,0.56
PT105509,F004,SUV,Regular,2025-08-19,10,151,UPI,Paid,Covered,65,19.5,195.0,0.77
PT105510,F006,Car,Regular,2025-03-30,7,112,UPI,Paid,Covered,50,4.75,95.0,0.63
PT105511,F008,Car,Member,2025-10-20,14,149,UPI,Paid,Covered,50,0.0,150.0,0.78
PT105512,F006,Bike,Regular,2025-01-02,13,80,Debit Card,Paid,Two-Wheeler,25,0.0,45.0,0.64
PT105513,F004,Car,Member,2025-12-18,12,99,Wallet,Paid,Covered,50,0.0,90.0,0.49
PT105514,F001,Bike,Member,2025-08-10,13,156,Debit Card,Paid,Two-Wheeler,25,0.0,63.75,0.61
PT105515,F007,Bike,Regular,2025-01-17,15,89,Credit Card,Paid,Two-Wheeler,25,0.0,50.0,0.64
PT105516,F007,Bike,Member,2025-07-15,9,61,UPI,Paid,Two-Wheeler,25,9.5,47.5,0.63
PT105517,F001,Bike,Regular,2025-04-30,11,236,UPI,Paid,Two-Wheeler,25,0.0,100.0,0.4
PT105518,F006,Bike,Visitor,2025-08-30,17,171,Wallet,Pending,Two-Wheeler,25,0.0,75.0,0.77
PT105519,F002,SUV,Member,2025-06-23,15,193,Wallet,Paid,Covered,65,0.0,260.0,0.46
PT105520,F002,SUV,Member,2025-02-01,11,47,Credit Card,Paid,Covered,65,2.92,58.5,0.56
PT105521,F001,Bike,Member,2025-10-02,13,86,UPI,Paid,Two-Wheeler,25,0.0,45.0,0.57
PT105522,F002,Bike,Regular,2025-07-14,9,169,Debit Card,Pending,Two-Wheeler,25,0.0,71.25,0.99
PT105523,F005,SUV,Regular,2025-01-04,11,136,UPI,Paid,Open,65,0.0,195.0,0.6
PT105524,F004,Bike,Regular,2025-10-08,17,156,Debit Card,Paid,Two-Wheeler,25,3.75,75.0,0.99
PT105525,F004,Car,Regular,2025-01-21,13,163,Cash,Paid,Covered,50,0.0,120.0,0.46
PT105526,F001,SUV,Regular,2025-08-26,15,44,UPI,Paid,Covered,65,8.78,58.5,0.35
PT105527,F003,Bike,Member,2025-04-03,10,257,Wallet,Paid,Two-Wheeler,25,0.0,112.5,0.81
PT105528,F008,Car,Regular,2025-03-30,10,284,Wallet,Paid,Covered,50,0.0,250.0,0.74
PT105529,F006,SUV,Regular,2025-04-23,20,71,Wallet,Paid,Open,65,23.4,117.0,0.81
PT105530,F001,Car,Member,2025-08-09,17,88,Credit Card,Paid,Covered,50,9.0,90.0,0.88
PT105531,F002,SUV,Regular,2025-04-08,17,327,UPI,Paid,Covered,65,0.0,390.0,0.59
PT105532,F006,SUV,Regular,2025-05-22,12,198,Credit Card,Paid,Open,65,24.7,247.0,0.55
PT105533,F003,EV Car,Member,2025-05-30,14,281,UPI,Paid,EV Parking,55,0.0,275.0,0.7
PT105534,F002,Car,Regular,2025-02-17,14,58,UPI,Pending,Covered,50,0.0,42.5,0.37
PT105535,F007,Bike,Visitor,2025-02-20,20,72,Credit Card,Paid,Two-Wheeler,25,5.0,50.0,0.63
PT105536,F008,Bike,Member,2025-07-27,11,112,Debit Card,Paid,Two-Wheeler,25,5.0,50.0,0.55
PT105537,F005,Car,Member,2025-01-11,20,192,UPI,Paid,Open,50,0.0,180.0,0.57
PT105538,F002,Car,Regular,2025-09-27,15,108,UPI,Paid,Covered,50,5.0,100.0,0.55
PT105539,F005,Bike,Regular,2025-09-20,13,220,UPI,Pending,Two-Wheeler,25,0.0,100.0,0.49
PT105540,F006,Bike,Member,2025-07-16,11,182,Debit Card,Paid,Two-Wheeler,25,0.0,100.0,0.7
PT105541,F005,Car,Visitor,2025-07-05,16,126,Debit Card,Paid,Open,50,30.0,150.0,0.64
PT105542,F006,Bike,Regular,2025-10-23,17,101,UPI,Paid,Two-Wheeler,25,0.0,45.0,0.85
PT105543,F006,SUV,Visitor,2025-08-09,12,119,Wallet,Paid,Open,65,6.5,130.0,0.59
PT105544,F006,SUV,Member,2025-03-22,10,49,UPI,Paid,Open,65,3.09,61.75,0.59
PT105545,F006,EV Car,Regular,2025-08-10,14,98,Credit Card,Pending,EV Parking,55,5.5,110.0,0.54
PT105546,F006,Car,Regular,2025-06-19,13,39,Debit Card,Paid,Covered,50,0.0,42.5,0.6
PT105547,F002,EV Car,Member,2025-03-27,16,33,Debit Card,Paid,EV Parking,55,9.35,46.75,0.46
PT105548,F006,SUV,Visitor,2025-02-13,21,113,UPI,Paid,Covered,65,6.5,130.0,0.32
PT105549,F002,Car,Member,2025-09-18,14,177,Wallet,Paid,Covered,50,6.0,120.0,0.49
PT105550,F006,Car,Visitor,2025-04-14,16,129,Wallet,Paid,Covered,50,0.0,135.0,0.59
PT105551,F005,Bike,Regular,2025-10-11,12,418,Credit Card,Paid,Two-Wheeler,25,0.0,175.0,0.56
PT105552,F007,Car,Visitor,2025-08-16,14,120,Credit Card,Paid,Open,50,0.0,100.0,0.6
PT105553,F006,Bike,Regular,2025-07-07,9,186,UPI,Paid,Two-Wheeler,25,0.0,85.0,0.82
PT105554,F003,Bike,Regular,2025-05-01,17,74,Credit Card,Paid,Two-Wheeler,25,0.0,45.0,0.7
PT105555,F006,SUV,Member,2025-05-29,12,168,UPI,Paid,Open,65,9.75,195.0,0.26
PT105556,F006,Bike,Regular,2025-12-18,8,43,Debit Card,Paid,Two-Wheeler,25,3.0,20.0,0.99
PT105557,F005,Car,Regular,2025-11-01,22,112,UPI,Paid,Covered,50,0.0,85.0,0.39
PT105558,F008,SUV,Regular,2025-02-26,19,79,Debit Card,Paid,Open,65,0.0,130.0,0.69
PT105559,F004,Car,Member,2025-12-07,10,89,UPI,Paid,Open,50,5.0,100.0,0.85
PT105560,F005,EV Car,Regular,2025-07-08,12,22,UPI,Paid,EV Parking,55,0.0,55.0,0.6
PT105561,F003,Car,Regular,2025-12-23,19,205,UPI,Paid,Covered,50,30.0,200.0,0.99
PT105562,F004,EV Car,Member,2025-02-07,17,130,UPI,Paid,EV Parking,55,0.0,165.0,0.87
PT105563,F001,Car,Regular,2025-07-20,19,42,Credit Card,Paid,Open,50,0.0,50.0,0.9
PT105564,F001,Car,Regular,2025-08-17,14,274,Debit Card,Paid,Open,50,0.0,250.0,0.27
PT105565,F008,Car,Member,2025-05-11,11,197,Credit Card,Paid,Covered,50,30.0,200.0,0.52
PT105566,F003,SUV,Regular,2025-06-20,11,155,Credit Card,Paid,Covered,65,0.0,165.75,0.65
PT105567,F005,SUV,Visitor,2025-11-26,14,144,Debit Card,Paid,Covered,65,8.78,175.5,0.34
PT105568,F002,Bike,Member,2025-02-04,19,23,UPI,Paid,Two-Wheeler,25,0.0,22.5,0.64
PT105569,F003,EV Car,Regular,2025-07-20,15,23,UPI,Paid,EV Parking,55,0.0,49.5,0.53
PT105570,F007,Bike,Regular,2025-06-17,7,61,UPI,Paid,Two-Wheeler,25,7.5,50.0,0.36
PT105571,F004,Bike,Regular,2025-09-03,14,226,Debit Card,Paid,Two-Wheeler,25,0.0,95.0,0.51
PT105572,F004,SUV,Regular,2025-08-12,14,67,UPI,Paid,Covered,65,0.0,123.5,0.47
PT105573,F006,Car,Regular,2025-12-07,14,91,UPI,Paid,Open,50,0.0,80.0,0.45
PT105574,F001,Car,Member,2025-02-27,15,231,Credit Card,Paid,Covered,50,28.5,190.0,0.73
PT105575,F008,EV Car,Regular,2025-10-17,12,86,Wallet,Paid,EV Parking,55,0.0,104.5,0.54
PT105576,F004,EV Car,Regular,2025-01-25,10,353,Credit Card,Paid,EV Parking,55,0.0,330.0,0.8
PT105577,F003,EV Car,Member,2025-02-01,16,207,Debit Card,Paid,EV Parking,55,44.0,220.0,0.58
PT105578,F004,EV Car,Member,2025-04-20,10,41,Debit Card,Paid,EV Parking,55,2.75,55.0,0.89
PT105579,F008,Car,Regular,2025-04-11,9,379,Credit Card,Paid,Open,50,44.62,297.5,0.72
PT105580,F008,SUV,Regular,2025-05-30,12,49,Debit Card,Paid,Covered,65,6.5,65.0,0.34
PT105581,F008,Car,Regular,2025-12-11,17,43,Cash,Paid,Covered,50,2.5,50.0,0.5
PT105582,F003,EV Car,Visitor,2025-07-12,8,117,UPI,Paid,EV Parking,55,0.0,88.0,0.8
PT105583,F002,Bike,Regular,2025-04-19,10,140,UPI,Paid,Two-Wheeler,25,0.0,63.75,0.94
PT105584,F006,Bike,Visitor,2025-12-22,13,32,UPI,Paid,Two-Wheeler,25,2.38,23.75,0.35
PT105585,F001,Bike,Visitor,2025-10-04,12,278,Credit Card,Paid,Two-Wheeler,25,11.25,112.5,0.47
PT105586,F004,Car,Regular,2025-08-21,16,78,Cash,Paid,Covered,50,20.0,100.0,0.77
PT105587,F003,Car,Regular,2025-01-21,15,133,UPI,Paid,Covered,50,6.75,135.0,0.45
PT105588,F005,SUV,Regular,2025-09-09,17,143,UPI,Paid,Covered,65,0.0,195.0,0.93
PT105589,F001,SUV,Regular,2025-01-14,11,480,Cash,Paid,Covered,65,0.0,468.0,0.62
PT105590,F002,Car,Regular,2025-08-03,15,44,Credit Card,Paid,Covered,50,2.5,50.0,0.41
PT105591,F003,SUV,Member,2025-01-24,16,145,Credit Card,Paid,Covered,65,0.0,175.5,0.71
PT105592,F007,Bike,Member,2025-01-20,8,153,Cash,Paid,Two-Wheeler,25,7.5,75.0,0.74
PT105593,F007,Car,Member,2025-07-21,7,271,Credit Card,Paid,Open,50,11.25,225.0,0.67
PT105594,F006,Car,Regular,2025-11-17,14,234,Debit Card,Paid,Covered,50,0.0,200.0,0.58
PT105595,F006,SUV,Regular,2025-02-21,14,109,UPI,Paid,Open,65,5.2,104.0,0.67
PT105596,F002,SUV,Regular,2025-12-23,13,71,UPI,Pending,Open,65,6.18,123.5,0.49
PT105597,F002,Bike,Regular,2025-07-05,7,108,UPI,Paid,Two-Wheeler,25,7.5,50.0,0.33
PT105598,F006,Bike,Regular,2025-07-26,13,65,Credit Card,Paid,Two-Wheeler,25,0.0,47.5,0.49
PT105599,F004,Car,Member,2025-12-26,15,149,Wallet,Paid,Open,50,7.12,142.5,0.45
PT105600,F004,Bike,Member,2025-04-05,15,184,Wallet,Paid,Two-Wheeler,25,0.0,85.0,0.6
PT105601,F003,Car,Regular,2025-12-14,14,171,Cash,Paid,Open,50,0.0,142.5,0.44
PT105602,F005,Car,Visitor,2025-09-23,14,156,UPI,Paid,Covered,50,0.0,142.5,0.51
PT105603,F003,Bike,Regular,2025-11-22,15,480,Wallet,Paid,Two-Wheeler,25,28.5,190.0,0.53
PT105604,F005,EV Car,Regular,2025-01-15,13,28,Debit Card,Paid,EV Parking,55,7.42,49.5,0.78
PT105605,F002,Car,Member,2025-06-24,11,101,UPI,Pending,Covered,50,0.0,100.0,0.56
PT105606,F001,Car,Regular,2025-08-07,11,308,Debit Card,Paid,Covered,50,15.0,300.0,0.44
PT105607,F003,Bike,Regular,2025-01-10,16,20,UPI,Pending,Two-Wheeler,25,0.0,25.0,0.54
PT105608,F003,SUV,Regular,2025-01-19,13,200,UPI,Paid,Open,65,13.0,260.0,0.45
PT105609,F005,SUV,Regular,2025-03-09,15,63,Cash,Paid,Covered,65,0.0,130.0,0.34
PT105610,F008,SUV,Member,2025-10-05,13,121,Debit Card,Paid,Open,65,17.55,175.5,0.49
PT105611,F002,Bike,Visitor,2025-11-15,17,180,UPI,Paid,Two-Wheeler,25,0.0,67.5,0.42
PT105612,F002,SUV,Member,2025-10-21,14,126,Credit Card,Pending,Covered,65,19.5,195.0,0.54
PT105613,F007,Car,Member,2025-01-15,21,223,Wallet,Paid,Covered,50,0.0,200.0,0.48
PT105614,F008,Car,Regular,2025-11-22,11,212,Debit Card,Paid,Open,50,10.0,200.0,0.6
PT105615,F005,Car,Visitor,2025-04-24,9,325,UPI,Paid,Open,50,15.0,300.0,0.79
PT105616,F002,Bike,Regular,2025-10-27,12,108,UPI,Paid,Two-Wheeler,25,0.0,50.0,0.37
PT105617,F008,EV Car,Regular,2025-06-07,19,28,UPI,Paid,EV Parking,55,0.0,46.75,0.65
PT105618,F006,SUV,Member,2025-04-14,18,181,Wallet,Failed,Covered,65,26.0,260.0,0.86
PT105619,F008,Car,Member,2025-10-07,11,216,Credit Card,Paid,Covered,50,10.0,200.0,0.22
PT105620,F004,Car,Member,2025-03-27,14,104,Credit Card,Paid,Open,50,0.0,90.0,0.36
PT105621,F007,Car,Regular,2025-04-04,14,134,Credit Card,Paid,Open,50,0.0,127.5,0.36
PT105622,F006,Car,Member,2025-06-23,12,155,Cash,Paid,Covered,50,0.0,142.5,0.77
PT105623,F001,Bike,Visitor,2025-08-30,11,20,Credit Card,Paid,Two-Wheeler,25,1.12,22.5,0.52
PT105624,F003,EV Car,Member,2025-09-19,13,166,Debit Card,Paid,EV Parking,55,8.25,165.0,0.49
PT105625,F007,EV Car,Regular,2025-10-21,16,319,UPI,Paid,EV Parking,55,0.0,280.5,0.3
PT105626,F001,Bike,Regular,2025-10-09,10,399,UPI,Paid,Two-Wheeler,25,8.75,175.0,0.51
PT105627,F003,SUV,Regular,2025-05-27,13,95,Wallet,Paid,Covered,65,11.05,110.5,0.64
PT105628,F004,Bike,Member,2025-01-02,13,289,Wallet,Paid,Two-Wheeler,25,12.5,125.0,0.37
PT105629,F008,Car,Visitor,2025-03-09,19,239,Wallet,Paid,Open,50,0.0,200.0,0.7
PT105630,F002,Bike,Regular,2025-03-10,12,37,Wallet,Paid,Two-Wheeler,25,0.0,25.0,0.68
PT105631,F006,Bike,Regular,2025-02-16,6,235,Cash,Paid,Two-Wheeler,25,0.0,80.0,0.5
PT105632,F005,SUV,Regular,2025-12-21,15,158,Debit Card,Paid,Open,65,0.0,195.0,0.45
PT105633,F006,Car,Member,2025-03-05,16,136,Cash,Paid,Covered,50,0.0,135.0,0.34
PT105634,F004,Car,Regular,2025-03-21,15,48,Credit Card,Paid,Covered,50,0.0,50.0,0.7
PT105635,F001,Car,Regular,2025-09-11,15,58,UPI,Failed,Covered,50,0.0,47.5,0.27
PT105636,F005,EV Car,Visitor,2025-08-25,13,42,UPI,Paid,EV Parking,55,2.61,52.25,0.89
PT105637,F002,Bike,Visitor,2025-11-25,6,92,Wallet,Pending,Two-Wheeler,25,0.0,47.5,0.48
PT105638,F004,SUV,Member,2025-05-19,16,161,UPI,Paid,Open,65,15.6,156.0,0.6
PT105639,F005,SUV,Member,2025-09-21,19,67,Cash,Paid,Covered,65,0.0,123.5,0.75
PT105640,F004,Car,Member,2025-11-12,10,231,UPI,Paid,Open,50,9.5,190.0,0.99
PT105641,F008,Bike,Visitor,2025-06-03,8,228,UPI,Pending,Two-Wheeler,25,0.0,100.0,0.63
PT105642,F004,SUV,Member,2025-05-12,11,84,UPI,Paid,Covered,65,13.0,130.0,0.32
PT105643,F002,Bike,Regular,2025-08-14,17,255,UPI,Paid,Two-Wheeler,25,12.5,125.0,0.7
PT105644,F007,EV Car,Regular,2025-04-02,9,374,UPI,Paid,EV Parking,55,0.0,365.75,0.76
PT105645,F003,Car,Regular,2025-04-28,16,118,UPI,Paid,Covered,50,5.0,100.0,0.29
PT105646,F005,Car,Member,2025-05-06,8,227,Cash,Paid,Covered,50,0.0,200.0,0.78
PT105647,F008,SUV,Member,2025-08-15,7,43,UPI,Paid,Covered,65,2.92,58.5,0.46
PT105648,F002,SUV,Regular,2025-12-05,18,232,UPI,Pending,Covered,65,0.0,260.0,0.76
PT105649,F004,EV Car,Member,2025-06-28,16,136,UPI,Paid,EV Parking,55,0.0,156.75,0.7
PT105650,F008,Bike,,2025-03-26,14,187,Debit Card,Paid,Two-Wheeler,25,0.0,85.0,0.58
PT105651,F002,EV Car,Member,2025-06-13,10,140,Debit Card,Paid,EV Parking,55,23.51,156.75,0.59
PT105652,F007,SUV,Regular,2025-08-18,11,86,Debit Card,Paid,Open,65,0.0,130.0,0.39
PT105653,F008,SUV,Regular,2025-07-25,7,48,UPI,Paid,Open,65,3.09,61.75,0.4
PT105654,F008,Bike,Member,2025-04-14,15,30,UPI,Paid,Two-Wheeler,25,0.0,21.25,0.88
PT105655,F003,Car,Member,2025-04-24,15,172,Debit Card,Paid,Covered,50,0.0,150.0,0.56
PT105656,F006,EV Car,Member,2025-07-07,12,126,Cash,Paid,EV Parking,55,0.0,148.5,0.28
PT105657,F005,Bike,Regular,2025-09-28,12,151,UPI,Paid,Two-Wheeler,25,11.25,75.0,0.56
PT105658,F003,Bike,Member,2025-02-20,15,49,Credit Card,Paid,Two-Wheeler,25,2.0,20.0,0.57
PT105659,F001,Bike,Regular,2025-11-02,20,141,UPI,Paid,Two-Wheeler,25,0.0,75.0,0.85
PT105660,F005,Bike,Member,2025-08-10,13,168,UPI,Paid,Two-Wheeler,25,7.5,75.0,0.32
PT105661,F003,Bike,Visitor,2025-04-21,14,104,Debit Card,Paid,Two-Wheeler,25,0.0,40.0,0.74
PT105662,F004,Car,Member,2025-02-24,15,96,Credit Card,Paid,Open,50,0.0,100.0,0.7
PT105663,F005,SUV,Visitor,2025-01-12,12,220,UPI,Paid,Covered,65,0.0,247.0,0.39
PT105664,F005,Bike,Regular,2025-07-09,18,111,UPI,Paid,Two-Wheeler,25,0.0,45.0,0.79
PT105665,F002,Bike,Regular,2025-06-04,17,206,Wallet,Paid,Two-Wheeler,25,0.0,100.0,0.88
PT105666,F004,Car,Visitor,2025-12-01,15,99,Cash,Paid,Covered,50,4.75,95.0,0.52
PT105667,F001,Car,Member,2025-12-12,14,141,Cash,Paid,Covered,50,0.0,135.0,0.38
PT105668,F006,Car,Member,2025-09-22,21,91,Credit Card,Paid,Covered,50,12.0,80.0,0.68
PT105669,F008,SUV,Member,2025-12-26,15,88,Debit Card,Paid,Covered,65,6.5,130.0,0.24
PT105670,F007,Car,Member,2025-04-14,15,154,UPI,Paid,Open,50,12.75,127.5,0.51
PT105671,F003,EV Car,Member,2025-06-12,18,53,UPI,Paid,EV Parking,55,2.61,52.25,0.92
PT105672,F002,Car,Regular,2025-05-21,14,78,UPI,Paid,Open,50,13.5,90.0,0.51
PT105673,F003,Car,Member,2025-08-25,11,20,Credit Card,Paid,Covered,50,0.0,45.0,0.72
PT105674,F001,Car,Regular,2025-02-13,9,79,UPI,Paid,Open,50,0.0,90.0,0.77
PT105675,F008,Car,Member,2025-08-27,13,50,Cash,Paid,Open,50,0.0,42.5,0.61
PT105676,F001,SUV,Regular,2025-04-07,14,106,UPI,Paid,Open,65,19.5,130.0,0.47
PT105677,F005,SUV,Visitor,2025-04-08,17,181,UPI,Paid,Covered,65,0.0,260.0,0.99
PT105678,F007,Bike,Regular,2025-11-20,9,75,UPI,Paid,Two-Wheeler,25,2.12,42.5,0.99
PT105679,F001,Car,Regular,2025-02-22,15,98,UPI,Paid,Covered,50,10.0,100.0,0.43
PT105680,F003,Car,Regular,2025-04-19,12,70,UPI,Paid,Open,50,0.0,100.0,0.4
PT105681,F004,Bike,Regular,2025-09-14,19,238,UPI,Paid,Two-Wheeler,25,15.0,100.0,0.89
PT105682,F004,EV Car,Member,2025-01-11,13,348,UPI,Paid,EV Parking,55,0.0,330.0,0.51
PT105683,F005,Car,Visitor,2025-06-27,15,128,Credit Card,Paid,Open,50,0.0,142.5,0.52
PT105684,F006,SUV,Regular,2025-10-21,15,169,Credit Card,Failed,Covered,65,8.29,165.75,0.51
PT105685,F003,Bike,Member,2025-01-25,9,182,UPI,Paid,Two-Wheeler,25,0.0,100.0,0.79
PT105686,F003,Car,Visitor,2025-05-06,18,166,Credit Card,Paid,Covered,50,0.0,150.0,0.9
PT105687,F001,Bike,Visitor,2025-09-23,10,118,Credit Card,Paid,Two-Wheeler,25,0.0,50.0,0.39
PT105688,F007,Car,Regular,2025-05-13,13,178,UPI,Paid,Covered,50,0.0,142.5,0.62
PT105689,F003,SUV,Member,2025-10-05,15,223,Cash,Paid,Open,65,26.0,260.0,0.48
PT105690,F002,Car,Regular,2025-02-11,8,317,Credit Card,Paid,Covered,50,45.0,300.0,0.84
PT105691,F006,SUV,Member,2025-04-11,14,82,UPI,Paid,Covered,65,0.0,104.0,0.52
PT105692,F001,Car,Regular,2025-10-11,13,163,Wallet,Paid,Covered,50,0.0,142.5,0.42
PT105693,F002,EV Car,Member,2025-10-04,8,131,Cash,Paid,EV Parking,55,0.0,165.0,0.75
PT105694,F005,Car,Regular,2025-05-19,16,104,Wallet,Paid,Covered,50,14.25,95.0,0.64
PT105695,F004,SUV,Regular,2025-08-09,14,123,Debit Card,Paid,Open,65,18.52,185.25,0.58
PT105696,F005,SUV,Member,2025-03-10,12,296,UPI,Paid,Covered,65,0.0,292.5,0.57
PT105697,F004,EV Car,Visitor,2025-10-20,8,119,UPI,Paid,EV Parking,55,0.0,110.0,0.76
PT105698,F005,Bike,Member,2025-06-26,14,23,Debit Card,Paid,Two-Wheeler,25,3.75,25.0,0.55
PT105699,F003,SUV,Member,2025-07-16,12,185,Wallet,Paid,Covered,65,39.0,260.0,0.63
PT105700,F002,Car,Regular,2025-02-02,20,201,Debit Card,Paid,Covered,50,0.0,190.0,0.79
PT105701,F004,Car,Regular,2025-10-28,14,62,Cash,Paid,Open,50,8.0,80.0,0.36
PT105702,F001,Bike,Visitor,2025-08-16,12,151,UPI,Paid,Two-Wheeler,25,0.0,67.5,0.46
PT105703,F002,Car,Regular,2025-05-16,14,137,UPI,Paid,Covered,50,0.0,150.0,0.44
PT105704,F001,EV Car,Member,2025-05-14,14,139,Wallet,Paid,EV Parking,55,16.5,165.0,0.53
PT105705,F002,Car,Visitor,2025-05-23,16,137,Debit Card,Paid,Covered,50,0.0,150.0,0.44
PT105706,F002,Bike,Visitor,2025-09-02,19,167,Wallet,Paid,Two-Wheeler,25,0.0,75.0,0.96
PT105707,F005,Bike,Member,2025-05-17,20,74,Debit Card,Paid,Two-Wheeler,25,7.12,47.5,0.43
PT105708,F004,Bike,Regular,2025-03-02,16,93,Credit Card,Pending,Two-Wheeler,25,5.0,50.0,0.23
PT105709,F004,Bike,Regular,2025-02-25,14,106,Credit Card,Paid,Two-Wheeler,25,0.0,47.5,0.94
PT105710,F007,Car,Regular,2025-05-13,11,139,Wallet,Paid,Open,50,7.5,150.0,0.48
PT105711,F002,Bike,Visitor,2025-07-27,13,111,Credit Card,Paid,Two-Wheeler,25,5.0,50.0,0.46
PT105712,F003,Car,Member,2025-05-06,13,138,UPI,Paid,Open,50,6.38,127.5,0.45
PT105713,F003,EV Car,Regular,2025-05-03,9,118,Credit Card,Pending,EV Parking,55,22.0,110.0,0.84
PT105714,F001,SUV,Member,2025-08-19,11,183,Credit Card,Pending,Open,65,10.4,208.0,0.65
PT105715,F001,EV Car,Regular,2025-02-04,21,154,UPI,Paid,EV Parking,55,0.0,165.0,0.69
PT105716,F005,Car,Regular,2025-09-23,16,177,Debit Card,Paid,Covered,50,0.0,135.0,0.63
PT105717,F002,Car,Member,2025-04-01,13,168,UPI,Paid,Open,50,15.0,150.0,0.45
PT105718,F001,Car,Regular,2025-01-21,11,239,UPI,Paid,Covered,50,36.0,180.0,0.23
PT105719,F001,Car,Visitor,2025-05-20,14,94,Cash,Pending,Open,50,0.0,100.0,0.62
PT105720,F006,Car,Regular,2025-09-22,11,253,Credit Card,Paid,Covered,50,0.0,250.0,0.55
PT105721,F002,Bike,Regular,2025-04-30,10,254,Cash,Pending,Two-Wheeler,25,11.88,118.75,0.61
PT105722,F008,Car,Member,2025-08-09,9,132,UPI,Paid,Covered,50,0.0,150.0,0.53
PT105723,F005,Bike,Regular,2025-01-23,12,153,Wallet,Paid,Two-Wheeler,25,0.0,75.0,0.5
PT105724,F001,SUV,Regular,2025-02-08,14,112,UPI,Paid,Covered,65,16.58,110.5,0.74
PT105725,F005,Bike,Regular,2025-08-23,10,122,UPI,Paid,Two-Wheeler,25,7.5,75.0,0.94
PT105726,F004,Car,Member,2025-08-29,11,139,Cash,Paid,Open,50,18.0,120.0,0.81
PT105727,F005,Car,Regular,2025-05-08,13,171,Debit Card,Paid,Open,50,7.5,150.0,0.62
PT105728,F008,Bike,Member,2025-01-22,13,100,UPI,Paid,Two-Wheeler,25,0.0,45.0,0.58
PT105729,F003,Car,Member,2025-02-24,16,141,Wallet,Paid,Open,50,22.5,150.0,0.48
PT105730,F008,Bike,Regular,2025-11-26,14,60,Credit Card,Paid,Two-Wheeler,25,0.0,22.5,0.57
PT105731,F003,Car,Member,2025-02-16,15,37,Wallet,Paid,Open,50,0.0,50.0,0.49
PT105732,F005,SUV,Member,2025-08-22,15,129,Credit Card,Paid,Open,65,24.86,165.75,0.79
PT105733,F003,SUV,Regular,2025-01-27,13,35,Credit Card,Paid,Covered,65,3.09,61.75,0.49
PT105734,F004,Bike,Regular,2025-02-17,12,87,Credit Card,Paid,Two-Wheeler,25,6.38,42.5,0.66
PT105735,F002,Car,Regular,2025-06-16,17,142,UPI,Paid,Open,50,0.0,142.5,0.62
PT105736,F003,Car,Regular,2025-09-28,17,208,Credit Card,Paid,Covered,50,36.0,180.0,0.81
PT105737,F003,SUV,Regular,2025-03-22,10,90,Credit Card,Paid,Open,65,5.52,110.5,0.94
PT105738,F005,Bike,Member,2025-04-28,20,54,UPI,Paid,Two-Wheeler,25,1.25,25.0,0.75
PT105739,F004,Car,Member,2025-02-14,19,223,UPI,Paid,Open,50,28.5,190.0,0.89
PT105740,F007,Car,Regular,2025-10-02,18,321,UPI,Paid,Open,50,0.0,300.0,0.56
PT105741,F007,Car,Member,2025-06-30,13,275,Cash,Paid,Open,50,25.0,250.0,0.64
PT105742,F007,SUV,Regular,2025-11-07,17,343,Credit Card,Paid,Covered,65,19.5,390.0,0.75
PT105743,F007,Car,Regular,2025-08-20,15,120,Debit Card,Failed,Covered,50,10.0,100.0,0.49
PT105744,F002,Bike,Member,2025-03-27,11,345,Wallet,Paid,Two-Wheeler,25,18.0,120.0,0.63
PT105745,F008,Bike,Regular,2025-04-15,16,278,Debit Card,Paid,Two-Wheeler,25,5.0,100.0,0.51
PT105746,F005,Bike,Visitor,2025-08-31,13,428,Wallet,Paid,Two-Wheeler,25,0.0,200.0,0.44
PT105747,F005,SUV,Member,2025-06-26,12,316,UPI,Paid,Open,65,0.0,331.5,0.48
PT105748,F006,SUV,Member,2025-08-22,18,42,UPI,Paid,Covered,65,11.05,55.25,0.61
PT105749,F004,Bike,Regular,2025-03-19,18,122,UPI,Paid,Two-Wheeler,25,12.0,60.0,0.75
PT105750,F007,Car,Member,2025-05-06,18,120,Credit Card,Paid,Open,50,20.0,100.0,0.83
PT105751,F002,Bike,Member,2025-07-08,18,81,Cash,Paid,Two-Wheeler,25,0.0,42.5,0.99
PT105752,F004,Bike,Member,2025-03-01,14,188,Credit Card,Paid,Two-Wheeler,25,0.0,90.0,0.49
PT105753,F007,Bike,Regular,2025-08-08,15,21,UPI,Paid,Two-Wheeler,25,2.25,22.5,0.5
PT105754,F002,Bike,Regular,2025-03-17,20,133,Debit Card,Paid,Two-Wheeler,25,7.5,75.0,0.79
PT105755,F004,Car,Regular,2025-04-01,9,300,Credit Card,Paid,Open,50,0.0,250.0,0.88
PT105756,F005,Bike,Visitor,2025-04-26,17,115,UPI,Paid,Two-Wheeler,25,2.25,45.0,0.76
PT105757,F005,Car,Regular,2025-10-07,14,80,Credit Card,Failed,Covered,50,0.0,90.0,0.36
PT105758,F008,SUV,Visitor,2025-06-16,21,111,Wallet,Paid,Covered,65,0.0,130.0,0.75
PT105759,F001,Car,Regular,2025-05-06,15,176,Cash,Paid,Covered,50,0.0,150.0,0.66
PT105760,F008,SUV,Member,2025-08-21,10,119,Credit Card,Paid,Open,65,0.0,130.0,0.82
PT105761,F003,Car,Visitor,2025-04-24,17,168,UPI,Pending,Open,50,0.0,150.0,0.7
PT105762,F008,Car,Member,2025-04-10,15,90,UPI,Paid,Covered,50,15.0,100.0,0.43
PT105763,F007,SUV,Regular,2025-05-31,10,169,Credit Card,Paid,Open,65,16.58,165.75,0.97
PT105764,F006,Car,Member,2025-03-13,6,239,Debit Card,Paid,Covered,50,30.0,200.0,0.42
PT105765,F004,SUV,Regular,2025-12-15,14,136,UPI,Paid,Covered,65,0.0,195.0,0.56
PT105766,F006,Bike,Visitor,2025-06-16,11,124,UPI,Paid,Two-Wheeler,25,0.0,75.0,0.62
PT105767,F001,Bike,Regular,2025-03-13,18,99,Wallet,Paid,Two-Wheeler,25,0.0,45.0,0.67
PT105768,F003,Car,Member,2025-12-14,11,224,Cash,Paid,Covered,50,10.0,200.0,0.54
PT105769,F004,Bike,Member,2025-12-19,15,201,Debit Card,Paid,Two-Wheeler,25,0.0,90.0,0.82
PT105770,F002,Bike,Regular,2025-01-11,12,41,UPI,Paid,Two-Wheeler,25,2.5,25.0,0.89
PT105771,F007,Bike,Member,2025-10-25,12,77,UPI,Pending,Two-Wheeler,25,5.0,50.0,0.52
PT105772,F003,Bike,Regular,2025-08-17,10,172,UPI,Pending,Two-Wheeler,25,11.25,75.0,0.8
PT105773,F005,Bike,Regular,2025-05-06,14,213,Credit Card,Paid,Two-Wheeler,25,0.0,95.0,0.69
PT105774,F001,Car,Member,2025-06-02,14,109,UPI,Paid,Covered,50,0.0,100.0,0.59
PT105775,F003,Car,Regular,2025-06-11,14,58,Cash,Paid,Covered,50,0.0,50.0,0.53
PT105776,F007,Car,Regular,2025-10-05,18,79,Wallet,Paid,Covered,50,0.0,100.0,0.61
PT105777,F008,Car,Member,2025-06-28,15,37,UPI,Paid,Covered,50,5.0,50.0,0.55
PT105778,F003,SUV,Regular,2025-05-24,16,62,Credit Card,Paid,Open,65,0.0,130.0,0.7
PT105779,F008,SUV,Visitor,2025-05-19,12,141,Debit Card,Paid,Covered,65,16.58,165.75,0.46
PT105780,F007,Car,Member,2025-07-25,13,50,Wallet,Paid,Open,50,0.0,42.5,0.44
PT105781,F005,EV Car,Member,2025-04-06,6,89,Cash,Paid,EV Parking,55,22.0,110.0,0.66
PT105782,F004,Bike,Regular,2025-08-02,8,175,UPI,Failed,Two-Wheeler,25,14.25,71.25,0.66
PT105783,F002,EV Car,Member,2025-03-10,13,180,UPI,Paid,EV Parking,55,0.0,165.0,0.77
PT105784,F005,SUV,Member,2025-12-22,11,60,Debit Card,Paid,Covered,65,9.26,61.75,0.55
PT105785,F008,SUV,Regular,2025-11-14,17,82,Debit Card,Paid,Open,65,0.0,130.0,0.52
PT105786,F008,Car,Member,2025-01-19,15,115,UPI,Paid,Open,50,10.0,100.0,0.72
PT105787,F002,Car,Member,2025-11-12,21,146,Credit Card,Paid,Covered,50,18.0,120.0,0.51
PT105788,F004,Car,Visitor,2025-12-17,18,102,Debit Card,Paid,Covered,50,10.0,100.0,0.62
PT105789,F003,SUV,Member,2025-04-11,21,141,UPI,Paid,Covered,65,19.5,195.0,0.69
PT105790,F002,Car,Visitor,2025-03-22,12,171,Cash,Paid,Covered,50,0.0,150.0,0.58
PT105791,F001,SUV,Member,2025-07-02,13,161,UPI,Paid,Open,65,19.5,195.0,0.71
PT105792,F001,Car,Regular,2025-01-18,12,276,Debit Card,Paid,Open,50,10.62,212.5,0.68
PT105793,F007,SUV,Regular,2025-06-04,20,54,Credit Card,Paid,Open,65,0.0,55.25,0.7
PT105794,F005,Car,Member,2025-12-07,13,77,UPI,Paid,Open,50,0.0,95.0,0.44
PT105795,F008,Car,Regular,2025-05-09,9,165,Debit Card,Pending,Covered,50,12.75,127.5,0.76
PT105796,F004,Car,Visitor,2025-11-11,11,336,Debit Card,Paid,Open,50,15.0,300.0,0.5
PT105797,F007,Car,Member,2025-06-10,13,117,Wallet,Paid,Covered,50,0.0,100.0,0.67
PT105798,F005,Car,Regular,2025-04-29,14,109,UPI,Paid,Covered,50,15.0,100.0,0.61
PT105799,F005,SUV,Regular,2025-11-28,15,168,Debit Card,Paid,Covered,65,8.78,175.5,0.48
PT105800,F007,Car,Regular,2025-06-22,16,69,Credit Card,Failed,Open,50,0.0,90.0,0.59
PT105801,F006,Car,Regular,2025-06-02,15,161,Credit Card,Paid,Covered,50,0.0,150.0,0.65
PT105802,F005,SUV,Member,2025-01-20,14,41,Cash,Paid,Covered,65,3.25,65.0,0.82
PT105803,F006,Car,Member,2025-02-03,7,31,UPI,Paid,Covered,50,4.0,40.0,0.46
PT105804,F001,EV Car,Regular,2025-11-10,15,236,UPI,Paid,EV Parking,55,11.0,220.0,0.69
PT105805,F001,EV Car,Visitor,2025-03-01,8,50,Credit Card,Paid,EV Parking,55,0.0,55.0,0.81
PT105806,F005,Car,Member,2025-06-07,13,95,UPI,Paid,Covered,50,10.0,100.0,0.65
PT105807,F001,Car,Regular,2025-12-30,18,133,Wallet,Paid,Covered,50,13.5,135.0,0.95
PT105808,F004,Car,Member,2025-07-25,14,277,Debit Card,Paid,Covered,50,21.25,212.5,0.6
PT105809,F006,SUV,Regular,2025-04-03,10,99,Credit Card,Pending,Covered,65,0.0,130.0,0.62
PT105810,F006,Bike,Regular,2025-08-06,17,166,Cash,Paid,Two-Wheeler,25,7.5,75.0,0.99
PT105811,F005,Bike,Regular,2025-11-19,12,190,Credit Card,Paid,Two-Wheeler,25,0.0,85.0,0.51
PT105812,F001,SUV,Visitor,2025-03-30,14,138,Credit Card,Paid,Open,65,0.0,195.0,0.5
PT105813,F002,Car,Member,2025-06-22,15,88,UPI,Paid,Open,50,5.0,100.0,0.15
PT105814,F008,SUV,Member,2025-02-09,16,59,UPI,Paid,Covered,65,6.18,61.75,0.56
PT105815,F007,SUV,Visitor,2025-07-22,8,70,UPI,Paid,Covered,65,0.0,123.5,0.77
PT105816,F007,Bike,Member,2025-08-09,18,72,Debit Card,Paid,Two-Wheeler,25,5.0,50.0,0.9
PT105817,F006,SUV,Regular,2025-02-16,9,148,Credit Card,Paid,Open,65,0.0,185.25,0.81
PT105818,F005,SUV,Regular,2025-08-31,9,170,UPI,Paid,Open,65,0.0,175.5,0.83
PT105819,F005,Car,Regular,2025-03-29,13,20,Credit Card,Paid,Covered,50,0.0,50.0,0.6
PT105820,F004,Bike,Member,2025-06-06,12,136,UPI,Paid,Two-Wheeler,25,0.0,60.0,0.99
PT105821,F003,Bike,Member,2025-06-11,8,48,Wallet,Paid,Two-Wheeler,25,1.06,21.25,0.84
PT105822,F008,Car,Regular,2025-01-20,10,112,UPI,Paid,Open,50,10.0,100.0,0.68
PT105823,F003,EV Car,Member,2025-05-28,13,130,Cash,Paid,EV Parking,55,16.5,165.0,0.67
PT105824,F006,Car,Regular,2025-07-20,17,143,Credit Card,Paid,Covered,50,0.0,150.0,0.76
PT105825,F007,Bike,Regular,2025-11-08,9,113,Credit Card,Paid,Two-Wheeler,25,0.0,50.0,0.69
PT105826,F004,Bike,Regular,2025-05-31,9,47,UPI,Paid,Two-Wheeler,25,0.0,25.0,0.61
PT105827,F004,Car,Member,2025-04-10,17,184,Wallet,Paid,Covered,50,10.0,200.0,0.79
PT105828,F004,EV Car,Visitor,2025-09-04,14,124,UPI,Paid,EV Parking,55,0.0,165.0,0.65
PT105829,F006,SUV,Regular,2025-04-23,12,207,Credit Card,Paid,Covered,65,0.0,260.0,0.65
PT105830,F003,Bike,Regular,2025-08-07,13,38,Wallet,Paid,Two-Wheeler,25,2.25,22.5,0.39
PT105831,F007,Car,Visitor,2025-12-10,13,76,Cash,Paid,Open,50,5.0,100.0,0.69
PT105832,F004,Car,Regular,2025-12-26,16,65,Credit Card,Paid,Open,50,0.0,95.0,0.32
PT105833,F007,Car,Visitor,2025-01-25,6,82,Wallet,Paid,Covered,50,0.0,100.0,0.52
PT105834,F001,Car,Member,2025-10-16,13,169,Debit Card,Paid,Open,50,7.5,150.0,0.61
PT105835,F005,Bike,Regular,2025-04-13,10,75,UPI,Paid,Two-Wheeler,25,0.0,40.0,0.77
PT105836,F005,EV Car,Member,2025-03-20,12,96,UPI,Paid,EV Parking,55,0.0,104.5,0.49
PT105837,F007,Bike,Regular,2025-01-16,9,34,UPI,Paid,Two-Wheeler,25,3.75,25.0,0.77
PT105838,F002,SUV,Visitor,2025-12-07,13,87,UPI,Paid,Covered,65,0.0,130.0,0.65
PT105839,F002,Bike,Member,2025-02-28,15,286,Debit Card,Paid,Two-Wheeler,25,0.0,125.0,0.44
PT105840,F006,Bike,Regular,2025-07-13,15,400,Credit Card,Paid,Two-Wheeler,25,0.0,175.0,0.62
PT105841,F006,SUV,Regular,2025-05-05,17,79,UPI,Pending,Covered,65,0.0,104.0,0.78
PT105842,F005,Bike,Member,2025-02-01,17,177,Cash,Paid,Two-Wheeler,25,0.0,63.75,0.88
PT105843,F001,SUV,Regular,2025-06-27,14,108,UPI,Paid,Open,65,0.0,130.0,0.71
PT105844,F008,Car,Member,2025-08-07,12,20,Wallet,Paid,Covered,50,2.25,45.0,0.37
PT105845,F003,Car,Visitor,2025-04-10,8,193,Wallet,Paid,Covered,50,0.0,200.0,0.92
PT105846,F003,SUV,Member,2025-04-13,7,67,Wallet,Paid,Open,65,19.5,130.0,0.74
PT105847,F006,Bike,Regular,2025-04-28,9,95,Cash,Paid,Two-Wheeler,25,7.5,50.0,0.5
PT105848,F001,SUV,Member,2025-08-31,21,143,UPI,Paid,Covered,65,0.0,195.0,0.4
PT105849,F006,EV Car,Member,2025-04-29,16,335,Credit Card,Paid,EV Parking,55,0.0,330.0,0.69
PT105850,F008,Car,Regular,2025-01-07,13,237,UPI,Paid,Covered,50,19.0,190.0,0.66
PT105851,F003,Bike,Regular,2025-01-10,13,97,UPI,Pending,Two-Wheeler,25,9.0,45.0,0.17
PT105852,F007,Car,Member,2025-11-12,16,37,Credit Card,Paid,Open,50,7.5,50.0,0.41
PT105853,F006,Bike,Visitor,2025-10-08,14,131,UPI,Paid,Two-Wheeler,25,0.0,75.0,0.55
PT105854,F004,SUV,Member,2025-02-11,12,275,Wallet,Paid,Covered,65,0.0,325.0,0.36
PT105855,F007,Car,Regular,2025-02-16,12,56,Wallet,Paid,Open,50,0.0,50.0,0.45
PT105856,F008,Bike,Regular,2025-04-06,11,125,UPI,Pending,Two-Wheeler,25,7.5,75.0,0.51
PT105857,F008,SUV,Regular,2025-09-03,18,75,,Paid,Open,65,6.5,130.0,0.76
PT105858,F006,Car,Member,2025-08-12,13,221,Credit Card,Paid,Open,50,0.0,200.0,0.48
PT105859,F005,SUV,Regular,2025-04-24,16,100,Cash,Paid,Covered,65,6.5,130.0,0.58
PT105860,F006,Bike,Regular,2025-02-01,14,113,Debit Card,Paid,Two-Wheeler,25,0.0,45.0,0.67
PT105861,F005,EV Car,Member,2025-11-26,16,69,UPI,Paid,EV Parking,55,5.5,110.0,0.6
PT105862,F008,Car,Member,2025-06-02,12,79,Credit Card,Pending,Open,50,0.0,90.0,0.49
PT105863,F001,Car,Member,2025-08-05,16,90,Credit Card,Paid,Covered,50,5.0,100.0,0.78
PT105864,F008,Bike,Member,2025-09-03,16,309,Wallet,Paid,Two-Wheeler,25,15.0,150.0,0.47
PT105865,F003,Car,Member,2025-09-29,9,56,UPI,Paid,Covered,50,2.5,50.0,0.85
PT105866,F007,EV Car,Member,2025-12-16,9,54,UPI,Paid,EV Parking,55,0.0,55.0,0.52
PT105867,F007,Car,Regular,2025-09-18,21,138,Cash,Paid,Open,50,14.25,142.5,0.17
PT105868,F002,SUV,Member,2025-01-07,9,86,Cash,Paid,Covered,65,13.0,130.0,0.63
PT105869,F002,Bike,Member,2025-07-24,15,125,Cash,Paid,Two-Wheeler,25,0.0,71.25,0.37
PT105870,F008,Car,Member,2025-09-21,16,171,Credit Card,Paid,Covered,50,0.0,135.0,0.45
PT105871,F003,Car,Regular,2025-10-16,8,42,Debit Card,Failed,Open,50,2.0,40.0,0.99
PT105872,F002,Bike,Member,2025-11-14,16,146,Credit Card,Paid,Two-Wheeler,25,0.0,71.25,0.84
PT105873,F007,Bike,Regular,2025-07-21,13,111,UPI,Paid,Two-Wheeler,25,0.0,45.0,0.51
PT105874,F006,Car,Regular,2025-04-26,11,95,Credit Card,Paid,Covered,50,0.0,95.0,0.73
PT105875,F001,EV Car,Regular,2025-07-31,15,407,UPI,Paid,EV Parking,55,0.0,308.0,0.58
PT105876,F001,Car,Member,2025-06-09,17,186,UPI,Failed,Covered,50,0.0,180.0,0.88
PT105877,F003,Bike,Regular,2025-05-09,14,113,Wallet,Paid,Two-Wheeler,25,2.38,47.5,0.35
PT105878,F008,Bike,Member,2025-12-13,18,224,UPI,Paid,Two-Wheeler,25,0.0,100.0,0.93
PT105879,F002,Car,Visitor,2025-05-28,7,118,Wallet,Paid,Covered,50,10.0,100.0,0.45
PT105880,F006,EV Car,Regular,2025-11-07,16,106,UPI,Paid,EV Parking,55,0.0,99.0,0.42
PT105881,F001,Car,Regular,2025-03-19,10,89,UPI,Paid,Covered,50,0.0,85.0,0.77
PT105882,F001,Car,Visitor,2025-09-19,12,67,Debit Card,Paid,Covered,50,0.0,80.0,0.87
PT105883,F004,Car,Regular,2025-02-21,14,33,Debit Card,Paid,Open,50,5.0,50.0,0.62
PT105884,F008,Bike,Member,2025-09-15,11,42,Credit Card,Paid,Two-Wheeler,25,4.75,23.75,0.44
PT105885,F004,Bike,Member,2025-08-09,10,55,Cash,Paid,Two-Wheeler,25,0.0,22.5,0.75
PT105886,F007,Bike,Regular,2025-02-08,18,112,UPI,Paid,Two-Wheeler,25,0.0,50.0,0.82
PT105887,F001,Car,Visitor,2025-09-05,19,288,Wallet,Paid,Covered,50,0.0,250.0,0.99
PT105888,F003,Car,Visitor,2025-10-15,7,275,UPI,Pending,Open,50,0.0,250.0,0.43
PT105889,F005,SUV,Regular,2025-09-11,14,177,Cash,Paid,Covered,65,19.5,195.0,0.44
PT105890,F005,Car,Regular,2025-04-26,11,184,UPI,Paid,Covered,50,0.0,200.0,0.24
PT105891,F006,SUV,Regular,2025-07-16,18,48,Cash,Pending,Covered,65,13.0,65.0,0.85
PT105892,F001,Car,Regular,2025-08-02,13,51,Debit Card,Paid,Covered,50,2.5,50.0,0.36
PT105893,F001,SUV,Regular,2025-04-02,13,177,UPI,Paid,Open,65,0.0,195.0,0.72
PT105894,F007,Car,Regular,2025-02-01,15,20,Wallet,Paid,Open,50,4.75,47.5,0.41
PT105895,F001,Bike,Regular,2025-04-03,8,151,UPI,Paid,Two-Wheeler,25,0.0,75.0,0.77
PT105896,F003,Car,Visitor,2025-08-20,9,99,UPI,Pending,Covered,50,10.0,100.0,0.74
PT105897,F004,Car,Regular,2025-05-11,14,59,Cash,Paid,Open,50,0.0,50.0,0.52
PT105898,F001,Car,Member,2025-11-14,20,71,UPI,Paid,Covered,50,9.5,95.0,0.57
PT105899,F001,Car,Member,2025-08-11,17,104,UPI,Paid,Covered,50,0.0,95.0,0.63
PT105900,F007,Car,Visitor,2025-01-13,18,76,Credit Card,Paid,Covered,50,0.0,100.0,0.9
PT105901,F008,Bike,Regular,2025-11-22,9,69,Cash,Paid,Two-Wheeler,25,5.0,50.0,0.89
PT105902,F002,Bike,Regular,2025-01-21,20,20,UPI,Paid,Two-Wheeler,25,0.0,22.5,0.84
PT105903,F008,SUV,Regular,2025-01-14,16,234,Credit Card,Paid,Open,65,0.0,221.0,0.51
PT105904,F007,Bike,Visitor,2025-12-11,12,138,Debit Card,Paid,Two-Wheeler,25,6.75,67.5,0.42
PT105905,F008,Bike,Visitor,2025-11-23,18,80,Cash,Paid,Two-Wheeler,25,0.0,50.0,0.7
PT105906,F007,Car,Regular,2025-04-17,16,258,Wallet,Paid,Covered,50,37.5,250.0,0.53
PT105907,F003,Bike,Member,2025-05-08,16,148,Debit Card,Failed,Two-Wheeler,25,3.38,67.5,0.72
PT105908,F006,Car,Regular,2025-02-01,16,93,Debit Card,Paid,Covered,50,4.0,80.0,0.43
PT105909,F001,SUV,Member,2025-06-18,17,39,Credit Card,Paid,Covered,65,0.0,65.0,0.62
PT105910,F007,Car,Visitor,2025-10-15,20,63,UPI,Paid,Covered,50,0.0,95.0,0.82
PT105911,F007,Car,Member,2025-03-22,9,56,Debit Card,Pending,Covered,50,10.0,50.0,0.69
PT105912,F002,Bike,Regular,2025-07-01,22,20,Wallet,Paid,Two-Wheeler,25,0.0,25.0,0.95
PT105913,F007,Car,Regular,2025-12-24,18,108,Debit Card,Paid,Covered,50,0.0,95.0,0.76
PT105914,F005,SUV,Regular,2025-07-09,13,166,UPI,Paid,Open,65,0.0,195.0,0.55
PT105915,F006,SUV,Regular,2025-09-12,10,324,Credit Card,Paid,Covered,65,0.0,351.0,0.71
PT105916,F001,Car,Member,2025-12-07,13,80,Credit Card,Paid,Covered,50,4.0,80.0,0.4
PT105917,F001,Car,Regular,2025-10-26,16,203,Debit Card,Pending,Covered,50,20.0,200.0,0.45
PT105918,F002,Bike,Regular,2025-06-15,14,144,Debit Card,Paid,Two-Wheeler,25,7.12,71.25,0.69
PT105919,F003,Bike,Member,2025-09-13,11,29,Credit Card,Paid,Two-Wheeler,25,3.75,25.0,0.48
PT105920,F001,Car,Visitor,2025-07-17,13,131,UPI,Paid,Covered,50,0.0,150.0,0.39
PT105921,F005,SUV,Regular,2025-08-01,20,127,Wallet,Paid,Covered,65,0.0,185.25,0.74
PT105922,F001,Bike,Regular,2025-02-14,17,120,Debit Card,Paid,Two-Wheeler,25,0.0,42.5,0.8
PT105923,F005,Car,Regular,2025-10-29,9,293,UPI,Paid,Covered,50,23.75,237.5,0.86
PT105924,F006,Car,Regular,2025-12-26,14,353,UPI,Paid,Covered,50,0.0,270.0,0.63
PT105925,F006,SUV,Regular,2025-01-13,19,65,Wallet,Paid,Open,65,6.5,130.0,0.53
PT105926,F004,Car,Regular,2025-02-21,7,211,Cash,Paid,Covered,50,0.0,200.0,0.54
PT105927,F004,SUV,Visitor,2025-09-22,7,144,UPI,Paid,Covered,65,19.5,195.0,0.39
PT105928,F005,Bike,Regular,2025-11-21,16,83,UPI,Paid,Two-Wheeler,25,4.75,47.5,0.48
PT105929,F003,Bike,Regular,2025-02-12,14,77,UPI,Paid,Two-Wheeler,25,6.75,45.0,0.56
PT105930,F001,SUV,Regular,2025-01-07,7,62,UPI,Paid,Covered,65,0.0,123.5,0.55
PT105931,F007,SUV,Regular,2025-08-18,22,133,Debit Card,Pending,Covered,65,33.15,165.75,0.7
PT105932,F001,Car,Regular,2025-02-13,14,50,Credit Card,Paid,Covered,50,0.0,42.5,0.44
PT105933,F004,Car,Visitor,2025-06-21,14,54,Debit Card,Paid,Covered,50,0.0,50.0,0.43
PT105934,F008,SUV,Member,2025-04-12,13,122,Debit Card,Paid,Open,65,0.0,185.25,0.51
PT105935,F007,Bike,Member,2025-08-11,15,127,UPI,Paid,Two-Wheeler,25,0.0,71.25,0.67
PT105936,F005,Car,Regular,2025-03-09,13,287,UPI,Paid,Covered,50,11.25,225.0,0.37
PT105937,F007,EV Car,Member,2025-05-02,15,90,UPI,Paid,EV Parking,55,0.0,110.0,0.39
PT105938,F008,Car,Visitor,2025-03-18,13,103,UPI,Pending,Covered,50,0.0,90.0,0.72
PT105939,F001,Car,Member,2025-10-27,15,125,UPI,Failed,Covered,50,7.5,150.0,0.45
PT105940,F001,Car,Member,2025-10-23,17,146,Debit Card,Paid,Covered,50,13.5,135.0,0.91
PT105941,F003,Bike,Regular,2025-07-24,17,253,Cash,Paid,Two-Wheeler,25,6.25,125.0,0.76
PT105942,F002,Bike,Member,2025-11-14,17,86,Debit Card,Paid,Two-Wheeler,25,2.5,50.0,0.82
PT105943,F007,Car,Regular,2025-06-20,11,204,Cash,Paid,Open,50,0.0,180.0,0.57
PT105944,F004,Car,Regular,2025-08-06,8,215,Debit Card,Paid,Covered,50,17.0,170.0,0.57
PT105945,F008,Car,Regular,2025-11-01,17,145,Debit Card,Paid,Covered,50,0.0,135.0,0.71
PT105946,F008,Bike,Regular,2025-07-12,7,202,UPI,Paid,Two-Wheeler,25,0.0,100.0,0.55
PT105947,F008,Car,Member,2025-11-29,11,42,Wallet,Paid,Covered,50,0.0,47.5,0.51
PT105948,F004,EV Car,Member,2025-06-02,14,344,UPI,Paid,EV Parking,55,15.68,313.5,0.69
PT105949,F002,Car,Member,2025-02-10,18,273,UPI,Paid,Open,50,0.0,250.0,0.56
PT105950,F001,EV Car,Member,2025-01-23,18,74,UPI,Paid,EV Parking,55,5.5,110.0,0.85
PT105951,F003,Car,Regular,2025-07-05,15,169,Wallet,Paid,Covered,50,0.0,150.0,0.8
PT105952,F003,SUV,Regular,2025-08-04,20,73,Wallet,Paid,Covered,65,0.0,130.0,0.88
PT105953,F004,Car,Regular,2025-02-12,16,40,Debit Card,Paid,Covered,50,0.0,45.0,0.64
PT105954,F003,Car,Member,2025-12-27,14,196,Debit Card,Paid,Covered,50,0.0,180.0,0.48
PT105955,F008,SUV,Regular,2025-04-23,9,27,Credit Card,Paid,Open,65,0.0,58.5,0.88
PT105956,F006,SUV,Member,2025-08-19,13,117,Wallet,Paid,Open,65,6.5,130.0,0.73
PT105957,F002,Car,Member,2025-04-20,17,49,Debit Card,Paid,Covered,50,0.0,50.0,0.84
PT105958,F001,SUV,Regular,2025-05-18,12,113,Wallet,Paid,Open,65,0.0,110.5,0.6
PT105959,F006,Bike,Regular,2025-04-15,14,21,UPI,Paid,Two-Wheeler,25,1.12,22.5,0.51
PT105960,F002,SUV,Regular,2025-11-12,21,29,UPI,Paid,Covered,65,0.0,58.5,0.54
PT105961,F005,Car,Visitor,2025-05-20,10,58,Cash,Paid,Covered,50,0.0,50.0,0.96
PT105962,F007,Bike,Regular,2025-09-12,9,51,UPI,Paid,Two-Wheeler,25,0.0,23.75,0.78
PT105963,F004,Bike,Regular,2025-12-15,17,76,Wallet,Paid,Two-Wheeler,25,0.0,42.5,0.6
PT105964,F008,Car,Member,2025-03-16,7,162,Credit Card,Paid,Open,50,0.0,135.0,0.46
PT105965,F003,SUV,Member,2025-08-21,15,20,Wallet,Paid,Covered,65,3.25,65.0,0.32
PT105966,F005,Car,Regular,2025-07-31,12,128,UPI,Paid,Open,50,0.0,120.0,0.64
PT105967,F003,Car,Member,2025-02-27,16,133,Debit Card,Paid,Covered,50,15.0,150.0,0.43
PT105968,F006,Bike,Regular,2025-02-07,9,104,Credit Card,Paid,Two-Wheeler,25,0.0,47.5,0.87
PT105969,F001,Bike,Member,2025-09-19,12,63,Debit Card,Paid,Two-Wheeler,25,2.25,45.0,0.29
PT105970,F001,Car,Member,2025-07-31,6,40,Credit Card,Paid,Covered,50,5.0,50.0,0.19
PT105971,F001,Car,Regular,2025-05-18,11,39,Wallet,Paid,Open,50,0.0,50.0,0.32
PT105972,F008,EV Car,Member,2025-10-09,13,51,Debit Card,Paid,EV Parking,55,0.0,46.75,0.78
PT105973,F003,Car,Regular,2025-02-27,10,91,UPI,Paid,Covered,50,0.0,100.0,0.7
PT105974,F005,Bike,Member,2025-09-30,14,185,Wallet,Paid,Two-Wheeler,25,20.0,100.0,0.76
PT105975,F001,SUV,Regular,2025-02-22,9,98,UPI,Paid,Covered,65,20.8,104.0,0.71
PT105976,F005,Bike,Regular,2025-07-25,16,46,UPI,Paid,Two-Wheeler,25,0.0,21.25,0.92
PT105977,F003,EV Car,Regular,2025-01-05,19,132,UPI,Paid,EV Parking,55,14.85,148.5,0.83
PT105978,F008,SUV,Regular,2025-11-19,13,52,Cash,Paid,Open,65,0.0,65.0,0.63
PT105979,F006,Bike,Member,2025-04-17,14,28,UPI,Paid,Two-Wheeler,25,0.0,25.0,0.77
PT105980,F008,Bike,Regular,2025-08-31,13,66,UPI,Paid,Two-Wheeler,25,2.12,42.5,0.68
PT105981,F005,Bike,Regular,2025-05-28,16,116,Wallet,Pending,Two-Wheeler,25,0.0,40.0,0.5
PT105982,F008,Bike,Visitor,2025-06-28,22,70,Cash,Paid,Two-Wheeler,25,0.0,50.0,0.49
PT105983,F008,SUV,Member,2025-06-23,16,93,UPI,Paid,Covered,65,13.0,130.0,0.58
PT105984,F006,Car,Member,2025-11-19,11,216,Debit Card,Paid,Covered,50,0.0,200.0,0.63
PT105985,F003,Car,Member,2025-05-19,15,41,Wallet,Paid,Covered,50,2.25,45.0,0.59
PT105986,F003,Car,Member,2025-06-24,15,193,UPI,Paid,Covered,50,0.0,200.0,0.83
PT105987,F004,Car,Member,2025-09-10,11,299,Cash,Paid,Covered,50,0.0,250.0,0.33
PT105988,F008,Car,Member,2025-09-07,11,34,Credit Card,Pending,Open,50,0.0,50.0,0.59
PT105989,F003,SUV,Regular,2025-05-16,15,133,Debit Card,Pending,Covered,65,39.0,195.0,0.54
PT105990,F003,Bike,Visitor,2025-01-22,17,20,Credit Card,Paid,Two-Wheeler,25,0.0,22.5,0.99
PT105991,F002,Bike,Member,2025-02-07,16,219,Debit Card,Paid,Two-Wheeler,25,0.0,90.0,0.51
PT105992,F001,Bike,Visitor,2025-01-27,14,76,UPI,Paid,Two-Wheeler,25,2.25,45.0,0.57
PT105993,F004,SUV,Regular,2025-10-09,19,210,Debit Card,Paid,Open,65,46.8,234.0,0.59
PT105994,F007,Bike,Visitor,2025-10-06,16,160,UPI,Paid,Two-Wheeler,25,11.25,75.0,0.29
PT105995,F004,SUV,Visitor,2025-04-30,14,62,Credit Card,Paid,Open,65,6.18,123.5,0.48
PT105996,F004,Car,,2025-09-10,17,98,UPI,Paid,Open,50,0.0,100.0,0.79
PT105997,F007,EV Car,Regular,2025-12-25,12,83,Cash,Pending,EV Parking,55,5.5,110.0,0.49
PT105998,F002,Bike,Regular,2025-03-06,11,117,UPI,Paid,Two-Wheeler,25,5.0,50.0,0.6
PT105999,F008,Car,Regular,2025-03-15,21,132,Credit Card,Paid,Covered,50,22.5,150.0,0.6
PT106000,F006,Bike,Visitor,2025-10-30,20,121,Credit Card,Paid,Two-Wheeler,25,7.5,75.0,0.6
PT106001,F003,Bike,Regular,2025-11-13,18,141,Debit Card,Paid,Two-Wheeler,25,0.0,63.75,0.72
PT106002,F001,Car,Member,2025-06-23,11,180,Credit Card,Paid,Open,50,0.0,142.5,0.5
PT106003,F005,Bike,Regular,2025-09-17,14,105,Debit Card,Paid,Two-Wheeler,25,2.5,50.0,0.6
PT106004,F008,Car,Regular,2025-10-12,14,63,UPI,Paid,Open,50,0.0,100.0,0.7
PT106005,F007,Car,Regular,2025-03-14,11,110,UPI,Failed,Covered,50,0.0,95.0,0.28
PT106006,F006,EV Car,Member,2025-03-20,13,337,Credit Card,Failed,EV Parking,55,0.0,280.5,0.23
PT106007,F008,Bike,Regular,2025-02-13,13,75,Wallet,Paid,Two-Wheeler,25,2.5,50.0,0.41
PT106008,F007,SUV,Member,2025-08-21,11,250,UPI,Paid,Covered,65,48.75,325.0,0.37
PT106009,F003,Bike,Visitor,2025-01-03,20,125,UPI,Paid,Two-Wheeler,25,6.38,63.75,0.54
PT106010,F002,Car,Member,2025-03-20,14,146,UPI,Paid,Covered,50,20.25,135.0,0.42
PT106011,F008,Bike,Regular,2025-06-30,14,75,Debit Card,Paid,Two-Wheeler,25,4.75,47.5,0.4
PT106012,F007,Bike,Member,2025-05-19,14,37,UPI,Paid,Two-Wheeler,25,2.25,22.5,0.78
PT106013,F003,EV Car,Member,2025-10-30,18,94,Cash,Paid,EV Parking,55,0.0,110.0,0.68
PT106014,F003,Car,Member,2025-01-07,14,25,UPI,Paid,Covered,50,2.25,45.0,0.5
PT106015,F002,SUV,Member,2025-11-20,14,20,UPI,Paid,Covered,65,0.0,58.5,0.63
PT106016,F004,EV Car,Regular,2025-08-01,11,163,UPI,Paid,EV Parking,55,0.0,165.0,0.81
PT106017,F008,Bike,Member,2025-01-01,14,96,Debit Card,Paid,Two-Wheeler,25,0.0,45.0,0.51
PT106018,F008,EV Car,Regular,2025-07-03,13,247,Debit Card,Paid,EV Parking,55,26.12,261.25,0.92
PT106019,F004,Car,Member,2025-09-08,15,138,UPI,Paid,Covered,50,14.25,142.5,0.4
PT106020,F001,EV Car,Visitor,2025-08-03,12,179,Wallet,Paid,EV Parking,55,24.75,165.0,0.41
PT106021,F001,SUV,Member,2025-03-18,16,189,UPI,Paid,Covered,65,52.0,260.0,0.51
PT106022,F004,Car,Regular,2025-02-12,15,244,Debit Card,Paid,Covered,50,37.5,250.0,0.43
PT106023,F006,EV Car,Regular,2025-06-06,13,39,Credit Card,Paid,EV Parking,55,0.0,55.0,0.53
PT106024,F005,Bike,Visitor,2025-01-18,9,71,UPI,Paid,Two-Wheeler,25,6.0,40.0,0.83
PT106025,F003,Bike,Visitor,2025-12-09,15,37,Cash,Paid,Two-Wheeler,25,2.5,25.0,0.42
PT106026,F005,Bike,Visitor,2025-08-08,18,186,Cash,Paid,Two-Wheeler,25,15.0,100.0,0.99
PT106027,F003,Car,Member,2025-03-14,10,136,UPI,Paid,Covered,50,0.0,150.0,0.5
PT106028,F004,Bike,Regular,2025-07-09,8,144,Credit Card,Paid,Two-Wheeler,25,0.0,75.0,0.86
PT106029,F001,SUV,Regular,2025-12-29,7,305,UPI,Paid,Open,65,49.72,331.5,0.38
PT106030,F006,Car,Visitor,2025-09-19,7,55,Debit Card,Paid,Covered,50,0.0,50.0,0.5
PT106031,F001,Car,Member,2025-05-24,17,130,UPI,Paid,Open,50,0.0,127.5,0.75
PT106032,F005,Car,Visitor,2025-05-09,16,34,Cash,Paid,Covered,50,0.0,50.0,0.42
PT106033,F001,Car,Regular,2025-10-05,11,116,UPI,Paid,Covered,50,0.0,100.0,0.59
PT106034,F004,SUV,Regular,2025-10-29,19,209,UPI,Paid,Open,65,0.0,260.0,0.84
PT106035,F006,SUV,Regular,2025-07-09,9,480,UPI,Paid,Open,65,93.6,468.0,0.95
PT106036,F005,EV Car,Regular,2025-05-31,12,60,UPI,Paid,EV Parking,55,8.25,55.0,0.73
PT106037,F006,Bike,Regular,2025-11-03,13,100,Credit Card,Paid,Two-Wheeler,25,7.12,47.5,0.57
PT106038,F008,Car,Regular,2025-04-05,8,74,UPI,Paid,Covered,50,0.0,90.0,0.63
PT106039,F003,EV Car,Regular,2025-02-07,12,45,Debit Card,Paid,EV Parking,55,0.0,55.0,0.68
PT106040,F001,SUV,Regular,2025-06-05,9,75,UPI,Paid,Covered,65,0.0,117.0,0.64
PT106041,F006,Bike,Regular,2025-10-27,16,155,Debit Card,Paid,Two-Wheeler,25,0.0,75.0,0.66
PT106042,F002,Bike,Member,2025-12-13,7,160,Credit Card,Paid,Two-Wheeler,25,0.0,75.0,0.29
PT106043,F008,EV Car,Visitor,2025-02-11,6,187,Wallet,Paid,EV Parking,55,22.0,220.0,0.52
PT106044,F001,SUV,Regular,2025-11-12,16,42,Wallet,Paid,Open,65,12.35,61.75,0.34
PT106045,F003,Car,Member,2025-05-06,16,162,Cash,Paid,Covered,50,0.0,150.0,0.62
PT106046,F006,SUV,Regular,2025-11-09,14,81,Debit Card,Pending,Covered,65,0.0,123.5,0.47
PT106047,F005,Car,Member,2025-03-18,12,172,UPI,Paid,Covered,50,0.0,150.0,0.44
PT106048,F003,Car,Member,2025-04-06,11,153,Debit Card,Pending,Covered,50,0.0,150.0,0.66
PT106049,F002,Car,Regular,2025-09-20,9,143,Wallet,Paid,Covered,50,0.0,150.0,0.73
PT106050,F006,Car,Regular,2025-11-03,13,109,UPI,Pending,Open,50,0.0,100.0,0.36
PT106051,F007,Car,Member,2025-08-13,14,124,Credit Card,Paid,Open,50,0.0,150.0,0.73
PT106052,F007,Car,Member,2025-04-21,13,86,UPI,Paid,Open,50,0.0,85.0,0.35
PT106053,F004,Bike,Visitor,2025-08-26,16,79,Credit Card,Paid,Two-Wheeler,25,5.0,50.0,0.41
PT106054,F001,SUV,Member,2025-07-24,9,20,Credit Card,Paid,Open,65,0.0,55.25,0.88
PT106055,F005,EV Car,Member,2025-10-15,15,160,Credit Card,Paid,EV Parking,55,0.0,156.75,0.51
PT106056,F004,Car,Visitor,2025-09-20,13,20,Credit Card,Paid,Covered,50,0.0,50.0,0.63
PT106057,F006,Bike,Member,2025-03-17,11,288,Wallet,Paid,Two-Wheeler,25,0.0,125.0,0.67
PT106058,F007,EV Car,Regular,2025-05-23,15,88,Credit Card,Paid,EV Parking,55,4.4,88.0,0.46
PT106059,F007,Car,Member,2025-11-11,10,203,Cash,Paid,Open,50,20.0,200.0,0.46
PT106060,F007,SUV,Regular,2025-03-26,11,283,UPI,Paid,Open,65,48.75,325.0,0.63
PT106061,F006,SUV,Regular,2025-09-09,22,304,Credit Card,Paid,Open,65,19.5,390.0,0.43
PT106062,F007,Car,Visitor,2025-11-29,18,84,Credit Card,Paid,Covered,50,0.0,100.0,0.99
PT106063,F003,SUV,Regular,2025-08-20,15,112,UPI,Paid,Open,65,0.0,104.0,0.49
PT106064,F008,SUV,Regular,2025-10-22,12,33,UPI,Paid,Covered,65,0.0,65.0,0.48
PT106065,F006,Car,Visitor,2025-11-15,14,60,Credit Card,Paid,Covered,50,0.0,42.5,0.44
PT106066,F005,Car,Visitor,2025-05-10,9,249,Credit Card,Paid,Covered,50,37.5,250.0,0.81
PT106067,F008,Car,Member,2025-10-12,12,154,Debit Card,Paid,Covered,50,0.0,142.5,0.4
PT106068,F004,Car,Regular,2025-11-13,8,151,UPI,Paid,Covered,50,0.0,150.0,0.91
PT106069,F005,Bike,Regular,2025-01-29,15,86,UPI,Paid,Two-Wheeler,25,0.0,45.0,0.63
PT106070,F008,Bike,Regular,2025-08-16,18,70,Credit Card,Paid,Two-Wheeler,25,0.0,45.0,0.64
PT106071,F002,Car,Regular,2025-10-21,17,65,UPI,Paid,Open,50,14.25,95.0,0.73
PT106072,F007,EV Car,Regular,2025-01-07,18,46,UPI,Paid,EV Parking,55,0.0,55.0,0.6
PT106073,F002,Car,Member,2025-01-30,10,84,UPI,Paid,Covered,50,0.0,95.0,0.62
PT106074,F001,Car,Regular,2025-08-03,15,167,UPI,Paid,Covered,50,0.0,142.5,0.61
PT106075,F001,Car,Regular,2025-04-25,20,143,UPI,Paid,Covered,50,12.75,127.5,0.85
PT106076,F008,Bike,Member,2025-08-03,16,46,UPI,Paid,Two-Wheeler,25,0.0,25.0,0.37
PT106077,F002,Car,Regular,2025-06-13,6,246,UPI,Paid,Covered,50,11.88,237.5,0.37
PT106078,F006,Car,Visitor,2025-06-19,18,159,Debit Card,Paid,Covered,50,0.0,150.0,0.9
PT106079,F005,Car,Regular,2025-08-09,15,68,UPI,Pending,Covered,50,0.0,95.0,0.58
PT106080,F002,SUV,Regular,2025-09-17,9,100,Credit Card,Paid,Covered,65,19.5,130.0,0.61
PT106081,F001,EV Car,Visitor,2025-07-31,12,38,Wallet,Paid,EV Parking,55,0.0,55.0,0.68
PT106082,F002,Car,Regular,2025-09-18,9,100,Debit Card,Paid,Covered,50,0.0,100.0,0.77
PT106083,F006,Car,Member,2025-10-29,16,49,UPI,Paid,Covered,50,2.38,47.5,0.65
PT106084,F002,Bike,Regular,2025-11-27,6,170,Wallet,Paid,Two-Wheeler,25,0.0,67.5,0.62
PT106085,F005,SUV,Member,2025-05-10,13,25,UPI,Paid,Covered,65,0.0,65.0,0.36
PT106086,F004,Car,Regular,2025-04-15,22,45,UPI,Paid,Open,50,4.75,47.5,0.51
PT106087,F006,EV Car,Visitor,2025-02-23,18,103,Wallet,Paid,EV Parking,55,0.0,99.0,0.64
PT106088,F001,Bike,Regular,2025-04-18,14,23,Cash,Paid,Two-Wheeler,25,0.0,22.5,0.55
PT106089,F005,Bike,Regular,2025-11-11,15,220,Credit Card,Paid,Two-Wheeler,25,0.0,90.0,0.6
PT106090,F002,Bike,Regular,2025-10-16,14,79,Debit Card,Paid,Two-Wheeler,25,4.75,47.5,0.6
PT106091,F002,EV Car,Member,2025-09-12,17,166,Debit Card,Paid,EV Parking,55,0.0,165.0,0.89
PT106092,F004,SUV,Regular,2025-10-05,18,28,UPI,Paid,Open,65,0.0,55.25,0.84
PT106093,F001,Car,Regular,2025-02-16,16,107,UPI,Paid,Covered,50,5.0,100.0,0.36
PT106094,F001,Car,Member,2025-05-14,10,95,Credit Card,Paid,Open,50,5.0,100.0,0.88
PT106095,F003,Bike,Regular,2025-01-24,12,188,Wallet,Paid,Two-Wheeler,25,17.0,85.0,0.66
PT106096,F001,Car,Member,2025-04-27,16,196,,Paid,Covered,50,0.0,170.0,0.58
PT106097,F004,SUV,Visitor,2025-08-27,17,25,Debit Card,Paid,Covered,65,0.0,55.25,0.76
PT106098,F007,SUV,Regular,2025-11-03,15,70,UPI,Paid,Open,65,0.0,130.0,0.48
PT106099,F003,SUV,Regular,2025-02-10,16,171,Credit Card,Paid,Covered,65,9.75,195.0,0.31
PT106100,F003,EV Car,Member,2025-09-07,10,59,Debit Card,Paid,EV Parking,55,0.0,49.5,0.91
PT106101,F002,Car,Member,2025-11-19,12,49,Debit Card,Paid,Covered,50,2.12,42.5,0.49
PT106102,F002,SUV,Regular,2025-03-30,14,105,UPI,Paid,Covered,65,0.0,130.0,0.62
PT106103,F001,SUV,Regular,2025-04-02,21,242,UPI,Paid,Covered,65,27.62,276.25,0.42
PT106104,F003,Car,Visitor,2025-03-22,17,135,Credit Card,Paid,Open,50,15.0,150.0,0.99
PT106105,F008,SUV,Regular,2025-05-10,10,131,UPI,Paid,Covered,65,0.0,175.5,0.88
PT106106,F002,Car,Visitor,2025-04-01,12,99,UPI,Paid,Open,50,18.0,90.0,0.48
PT106107,F004,SUV,Visitor,2025-04-10,11,126,Debit Card,Paid,Covered,65,37.05,185.25,0.29
PT106108,F008,Bike,Regular,2025-03-19,10,81,Credit Card,Paid,Two-Wheeler,25,0.0,50.0,0.86
PT106109,F002,Car,Regular,2025-02-12,9,178,UPI,Pending,Covered,50,0.0,150.0,0.78
PT106110,F006,Bike,Regular,2025-05-03,20,20,Credit Card,Paid,Two-Wheeler,25,1.25,25.0,0.42
PT106111,F006,Bike,Member,2025-10-15,19,165,Wallet,Paid,Two-Wheeler,25,0.0,75.0,0.63
PT106112,F002,Car,Visitor,2025-01-23,13,156,UPI,Paid,Covered,50,0.0,150.0,0.45
PT106113,F003,Car,Regular,2025-05-24,14,152,Debit Card,Paid,Covered,50,0.0,142.5,0.74
PT106114,F007,Bike,Regular,2025-09-15,17,91,UPI,Paid,Two-Wheeler,25,10.0,50.0,0.79
PT106115,F007,Bike,Member,2025-01-07,15,274,UPI,Paid,Two-Wheeler,25,0.0,125.0,0.68
PT106116,F003,SUV,,2025-10-04,16,194,UPI,Paid,Covered,65,26.0,260.0,0.58
PT106117,F005,EV Car,Member,2025-07-05,17,30,Credit Card,Paid,EV Parking,55,0.0,55.0,0.9
PT106118,F007,Bike,Regular,2025-04-05,13,147,Cash,Pending,Two-Wheeler,25,0.0,75.0,0.65
PT106119,F006,SUV,Regular,2025-01-25,21,123,UPI,Paid,Covered,65,27.79,185.25,0.81
PT106120,F004,Bike,Member,2025-10-18,15,85,Debit Card,Paid,Two-Wheeler,25,0.0,50.0,0.18
PT106121,F003,SUV,Visitor,2025-08-15,15,47,UPI,Paid,Covered,65,0.0,55.25,0.51
PT106122,F001,Car,Regular,2025-06-22,10,85,UPI,Paid,Covered,50,0.0,100.0,0.86
PT106123,F006,Car,Visitor,2025-05-15,21,130,Credit Card,Paid,Open,50,6.75,135.0,0.69
PT106124,F004,Bike,Regular,2025-10-15,8,319,Debit Card,Pending,Two-Wheeler,25,0.0,127.5,0.82
PT106125,F004,Car,Regular,2025-11-05,21,280,Cash,Paid,Open,50,0.0,212.5,0.42
PT106126,F003,SUV,Regular,2025-03-10,19,175,Cash,Paid,Covered,65,0.0,195.0,0.67
PT106127,F004,SUV,Regular,2025-10-08,18,85,UPI,Paid,Covered,65,0.0,130.0,0.73
PT106128,F003,Car,Member,2025-12-17,15,124,Debit Card,Pending,Covered,50,0.0,142.5,0.58
PT106129,F007,Bike,Member,2025-12-08,14,158,UPI,Paid,Two-Wheeler,25,0.0,75.0,0.52
PT106130,F002,SUV,Visitor,2025-12-24,22,87,Debit Card,Paid,Open,65,0.0,117.0,0.48
PT106131,F006,SUV,Regular,2025-11-29,21,45,Wallet,Paid,Open,65,0.0,52.0,0.5
PT106132,F005,Car,Visitor,2025-08-19,17,271,UPI,Paid,Covered,50,12.5,250.0,0.98
PT106133,F002,Car,Member,2025-12-08,8,150,Credit Card,Paid,Open,50,14.25,142.5,0.6
PT106134,F006,Bike,Visitor,2025-11-13,12,298,Debit Card,Paid,Two-Wheeler,25,0.0,118.75,0.63
PT106135,F003,Bike,Regular,2025-11-03,18,20,Debit Card,Paid,Two-Wheeler,25,0.0,21.25,0.57
PT106136,F006,Car,Regular,2025-09-15,15,348,UPI,Failed,Covered,50,0.0,300.0,0.49
PT106137,F007,Car,Regular,2025-06-22,9,224,Wallet,Paid,Covered,50,40.0,200.0,0.7
PT106138,F003,SUV,Visitor,2025-02-01,12,41,Credit Card,Paid,Covered,65,0.0,55.25,0.29
PT106139,F002,Bike,Regular,2025-07-19,6,77,UPI,Paid,Two-Wheeler,25,0.0,40.0,0.38
PT106140,F001,EV Car,Regular,2025-03-21,18,303,UPI,Paid,EV Parking,55,0.0,313.5,0.99
PT106141,F001,SUV,Member,2025-12-19,16,64,Debit Card,Paid,Covered,65,0.0,130.0,0.5
PT106142,F008,EV Car,Regular,2025-03-16,13,74,UPI,Paid,EV Parking,55,0.0,99.0,0.15
PT106143,F008,Car,Visitor,2025-09-21,16,145,UPI,Paid,Covered,50,0.0,150.0,0.52
PT106144,F006,SUV,Member,2025-03-26,19,25,Credit Card,Paid,Covered,65,2.76,55.25,0.92
PT106145,F001,Car,Regular,2025-08-05,11,42,Credit Card,Paid,Open,50,2.25,45.0,0.59
PT106146,F003,Bike,Member,2025-05-01,12,275,Debit Card,Paid,Two-Wheeler,25,5.31,106.25,0.33
PT106147,F004,Bike,Visitor,2025-01-20,13,202,UPI,Paid,Two-Wheeler,25,10.0,100.0,0.15
PT106148,F003,Car,Visitor,2025-05-29,15,73,Debit Card,Paid,Open,50,0.0,100.0,0.47
PT106149,F004,SUV,Regular,2025-01-07,22,94,Wallet,Paid,Covered,65,19.5,130.0,0.51
PT106150,F002,SUV,Member,2025-03-27,10,136,UPI,Paid,Covered,65,16.58,165.75,0.57
PT106151,F005,Car,Regular,2025-05-27,12,44,Debit Card,Paid,Covered,50,4.5,45.0,0.41
PT106152,F004,Bike,Member,2025-11-12,12,63,Wallet,Paid,Two-Wheeler,25,5.0,50.0,0.3
PT106153,F001,Car,Regular,2025-07-06,16,20,Debit Card,Paid,Covered,50,0.0,50.0,0.88
PT106154,F003,Car,Member,2025-11-21,18,45,Debit Card,Paid,Covered,50,0.0,45.0,0.79
PT106155,F002,SUV,Regular,2025-10-28,10,60,UPI,Paid,Open,65,0.0,61.75,0.64
PT106156,F001,Car,Member,2025-11-14,16,182,Credit Card,Paid,Open,50,0.0,200.0,0.47
PT106157,F002,EV Car,Member,2025-07-12,19,415,Credit Card,Paid,EV Parking,55,0.0,385.0,0.8
PT106158,F005,Car,Member,2025-10-09,9,151,Debit Card,Paid,Covered,50,0.0,135.0,0.64
PT106159,F007,Bike,Regular,2025-07-07,15,60,Wallet,Paid,Two-Wheeler,25,0.0,25.0,0.54
PT106160,F003,Bike,Regular,2025-01-18,11,148,UPI,Paid,Two-Wheeler,25,11.25,75.0,0.63
PT106161,F006,Car,Member,2025-11-11,13,52,UPI,Paid,Open,50,2.25,45.0,0.59
PT106162,F003,Car,Regular,2025-05-29,9,221,UPI,Paid,Covered,50,9.5,190.0,0.86
PT106163,F008,SUV,Visitor,2025-02-15,15,235,Debit Card,Paid,Covered,65,0.0,260.0,0.57
PT106164,F005,SUV,Member,2025-01-12,13,159,UPI,Paid,Covered,65,8.29,165.75,0.15
PT106165,F003,Car,Regular,2025-08-18,14,133,Debit Card,Paid,Open,50,22.5,150.0,0.15
PT106166,F008,Bike,Regular,2025-04-23,14,60,UPI,Pending,Two-Wheeler,25,1.06,21.25,0.64
PT106167,F006,Car,Member,2025-06-09,15,202,Credit Card,Paid,Covered,50,10.0,200.0,0.58
PT106168,F004,Car,Regular,2025-08-15,18,122,UPI,Paid,Covered,50,0.0,150.0,0.73
PT106169,F002,Bike,Regular,2025-07-02,11,128,Cash,Paid,Two-Wheeler,25,0.0,75.0,0.31
PT106170,F006,Car,Regular,2025-02-24,14,127,Credit Card,Paid,Covered,50,6.75,135.0,0.4
PT106171,F001,SUV,Member,2025-09-23,14,194,Wallet,Paid,Covered,65,52.0,260.0,0.66
PT106172,F005,SUV,Visitor,2025-02-04,12,98,Credit Card,Failed,Covered,65,0.0,130.0,0.5
PT106173,F004,EV Car,Regular,2025-03-21,14,101,UPI,Pending,EV Parking,55,0.0,110.0,0.43
PT106174,F001,Bike,Regular,2025-01-06,7,118,UPI,Paid,Two-Wheeler,25,0.0,45.0,0.53
PT106175,F001,EV Car,Member,2025-05-07,13,133,Wallet,Paid,EV Parking,55,0.0,148.5,0.55
PT106176,F005,Bike,Member,2025-03-09,11,56,Debit Card,Paid,Two-Wheeler,25,5.0,25.0,0.48
PT106177,F004,Bike,Regular,2025-07-09,18,180,UPI,Pending,Two-Wheeler,25,6.75,67.5,0.81
PT106178,F007,EV Car,Regular,2025-09-01,12,160,Debit Card,Paid,EV Parking,55,0.0,165.0,0.68
PT106179,F001,Bike,Regular,2025-01-09,10,87,UPI,Paid,Two-Wheeler,25,0.0,50.0,0.79
PT106180,F001,Car,Regular,2025-06-06,14,191,UPI,Paid,Covered,50,0.0,180.0,0.54
PT106181,F004,SUV,Member,2025-03-12,17,108,UPI,Paid,Covered,65,0.0,117.0,0.8
PT106182,F003,EV Car,Regular,2025-05-14,12,198,Cash,Paid,EV Parking,55,0.0,198.0,0.72
PT106183,F001,SUV,Member,2025-10-27,17,196,UPI,Failed,Covered,65,26.0,260.0,0.94
PT106184,F002,Bike,Regular,2025-11-16,12,138,UPI,Paid,Two-Wheeler,25,3.75,75.0,0.54
PT106185,F004,Bike,Regular,2025-09-06,16,191,UPI,Paid,Two-Wheeler,25,0.0,100.0,0.64
PT106186,F001,EV Car,Regular,2025-11-19,9,32,UPI,Paid,EV Parking,55,5.5,55.0,0.88
PT106187,F005,Car,Regular,2025-02-13,8,279,Credit Card,Paid,Open,50,25.0,250.0,0.76
PT106188,F006,Bike,Visitor,2025-04-26,16,159,UPI,Paid,Two-Wheeler,25,0.0,75.0,0.5
PT106189,F002,Car,Regular,2025-08-16,12,140,UPI,Paid,Covered,50,7.5,150.0,0.31
PT106190,F008,Bike,Member,2025-02-26,13,122,Wallet,Paid,Two-Wheeler,25,3.75,75.0,0.3
PT106191,F008,Bike,Regular,2025-09-01,14,250,UPI,Paid,Two-Wheeler,25,12.5,125.0,0.65
PT106192,F006,Car,Member,2025-02-26,21,64,UPI,Paid,Covered,50,0.0,95.0,0.81
PT106193,F008,Car,Regular,2025-05-23,10,123,Credit Card,Paid,Open,50,0.0,150.0,0.84
PT106194,F006,Bike,Regular,2025-07-11,12,113,Credit Card,Paid,Two-Wheeler,25,0.0,45.0,0.49
PT106195,F001,Car,Regular,2025-01-07,15,279,Cash,Paid,Covered,50,0.0,225.0,0.54
PT106196,F002,Car,Regular,2025-10-02,15,56,UPI,Paid,Covered,50,0.0,47.5,0.54
PT106197,F002,SUV,Regular,2025-05-14,15,106,Cash,Paid,Open,65,13.0,130.0,0.31
PT106198,F003,Car,Visitor,2025-02-08,14,122,Debit Card,Paid,Open,50,0.0,150.0,0.62
PT106199,F006,Bike,Member,2025-07-12,14,36,Debit Card,Paid,Two-Wheeler,25,0.0,21.25,0.57
PT106200,F002,EV Car,Visitor,2025-11-23,10,51,,Paid,EV Parking,55,9.35,46.75,0.5
PT106201,F003,Car,Regular,2025-01-25,17,166,UPI,Paid,Covered,50,0.0,135.0,0.84
PT106202,F004,Car,Member,2025-04-12,6,76,Credit Card,Paid,Open,50,0.0,85.0,0.61
PT106203,F003,Bike,Visitor,2025-05-31,13,196,,Paid,Two-Wheeler,25,4.25,85.0,0.3
PT106204,F005,SUV,Visitor,2025-08-05,11,53,Credit Card,Paid,Open,65,0.0,65.0,0.65
PT106205,F007,EV Car,Regular,2025-08-18,9,276,UPI,Paid,EV Parking,55,0.0,275.0,0.72
PT106206,F001,EV Car,Regular,2025-09-24,12,120,UPI,Paid,EV Parking,55,5.5,110.0,0.64
PT106207,F004,SUV,Member,2025-06-11,15,379,Debit Card,Paid,Covered,65,0.0,455.0,0.49
PT106208,F007,Car,Regular,2025-10-14,14,303,Debit Card,Paid,Open,50,0.0,270.0,0.78
PT106209,F007,Car,Member,2025-06-15,18,110,UPI,Paid,Open,50,0.0,100.0,0.75
PT106210,F004,Car,Regular,2025-09-04,14,90,UPI,Paid,Open,50,10.0,100.0,0.57
PT106211,F005,Car,Regular,2025-06-23,11,27,UPI,Paid,Open,50,0.0,50.0,0.2
PT106212,F003,SUV,Member,2025-01-09,14,171,Credit Card,Paid,Open,65,17.55,175.5,0.38
PT106213,F001,Bike,Regular,2025-10-03,11,47,Debit Card,Paid,Two-Wheeler,25,0.0,25.0,0.61
PT106214,F003,Car,Member,2025-02-28,10,37,Cash,Paid,Covered,50,2.12,42.5,0.94
PT106215,F002,SUV,Member,2025-03-26,20,77,Credit Card,Paid,Covered,65,0.0,130.0,0.52
PT106216,F003,Car,Regular,2025-05-30,13,111,UPI,Paid,Covered,50,0.0,90.0,0.47
PT106217,F008,Bike,Regular,2025-11-17,15,64,Debit Card,Paid,Two-Wheeler,25,0.0,45.0,0.73
PT106218,F004,Bike,Member,2025-03-01,18,33,Wallet,Paid,Two-Wheeler,25,1.06,21.25,0.74
PT106219,F001,Bike,Member,2025-05-05,12,334,Wallet,Paid,Two-Wheeler,25,0.0,150.0,0.43
PT106220,F003,Bike,Member,2025-02-10,16,106,Cash,Paid,Two-Wheeler,25,0.0,50.0,0.28
PT106221,F001,Car,Member,2025-12-03,16,152,UPI,Paid,Covered,50,0.0,150.0,0.49
PT106222,F001,Car,Regular,2025-06-22,17,25,Debit Card,Paid,Covered,50,0.0,45.0,0.93
PT106223,F002,SUV,Visitor,2025-09-17,10,366,Cash,Paid,Open,65,22.75,455.0,0.87
PT106224,F002,EV Car,Member,2025-11-22,20,89,Debit Card,Paid,EV Parking,55,0.0,88.0,0.83
PT106225,F004,Car,Regular,2025-06-22,11,20,UPI,Paid,Open,50,0.0,50.0,0.74
PT106226,F005,Bike,Member,2025-07-05,16,160,Wallet,Paid,Two-Wheeler,25,0.0,75.0,0.64
PT106227,F008,SUV,Regular,2025-08-29,10,200,Credit Card,Paid,Covered,65,0.0,260.0,0.77
PT106228,F007,EV Car,Member,2025-12-05,19,183,UPI,Paid,EV Parking,55,0.0,220.0,0.78
PT106229,F001,Car,Visitor,2025-04-04,13,42,UPI,Paid,Covered,50,0.0,50.0,0.37
PT106230,F005,Bike,Regular,2025-03-04,15,134,Debit Card,Paid,Two-Wheeler,25,0.0,75.0,0.43
PT106231,F007,SUV,Regular,2025-08-09,18,88,Credit Card,Paid,Open,65,19.5,130.0,0.5
PT106232,F007,Bike,Regular,2025-01-08,12,116,UPI,Paid,Two-Wheeler,25,0.0,45.0,0.68
PT106233,F008,Car,Member,2025-08-01,13,30,Debit Card,Paid,Covered,50,4.5,45.0,0.8
PT106234,F004,Bike,Visitor,2025-07-28,12,223,Debit Card,Paid,Two-Wheeler,25,0.0,100.0,0.81
PT106235,F007,Car,Member,2025-07-28,12,163,Debit Card,Paid,Covered,50,0.0,150.0,0.49
PT106236,F008,Bike,Member,2025-03-26,14,145,UPI,Paid,Two-Wheeler,25,0.0,75.0,0.48
PT106237,F007,Bike,Member,2025-07-26,14,139,Debit Card,Pending,Two-Wheeler,25,0.0,71.25,0.55
PT106238,F001,SUV,Member,2025-12-13,8,113,UPI,Paid,Open,65,6.5,130.0,0.9
PT106239,F001,Bike,Member,2025-06-02,15,111,UPI,Paid,Two-Wheeler,25,4.5,45.0,0.26
PT106240,F006,Car,Regular,2025-06-10,13,94,UPI,Paid,Covered,50,5.0,100.0,0.3
PT106241,F005,Car,Member,2025-04-26,18,46,Cash,Paid,Covered,50,2.5,50.0,0.55
PT106242,F003,SUV,Regular,2025-12-28,18,74,UPI,Paid,Open,65,0.0,130.0,0.71
PT106243,F008,Car,Member,2025-09-08,16,103,UPI,Paid,Covered,50,0.0,100.0,0.44
PT106244,F002,Bike,Visitor,2025-07-02,18,93,UPI,Paid,Two-Wheeler,25,4.25,42.5,0.93
PT106245,F008,Car,Member,2025-06-13,19,120,Credit Card,Paid,Covered,50,0.0,100.0,0.63
PT106246,F003,SUV,Regular,2025-11-24,14,274,Wallet,Paid,Open,65,0.0,292.5,0.32
PT106247,F005,Bike,Regular,2025-03-21,21,20,Wallet,Paid,Two-Wheeler,25,3.38,22.5,0.46
PT106248,F002,Car,Member,2025-01-07,20,208,UPI,Paid,Covered,50,38.0,190.0,0.79
PT106249,F003,Car,Member,2025-11-21,9,50,UPI,Pending,Open,50,2.25,45.0,0.68
PT106250,F006,SUV,Member,2025-03-28,14,28,UPI,Paid,Covered,65,0.0,65.0,0.58
PT106251,F002,Bike,Member,2025-01-08,9,105,Debit Card,Paid,Two-Wheeler,25,5.0,50.0,0.58
PT106252,F001,SUV,Member,2025-02-05,15,57,UPI,Paid,Covered,65,0.0,55.25,0.22
PT106253,F003,SUV,Regular,2025-09-08,16,78,UPI,Paid,Covered,65,0.0,110.5,0.6
PT106254,F008,EV Car,Regular,2025-04-10,18,26,Credit Card,Paid,EV Parking,55,0.0,55.0,0.73
PT106255,F002,Car,Regular,2025-03-20,15,43,UPI,Paid,Open,50,7.12,47.5,0.29
PT106256,F006,EV Car,Member,2025-10-13,13,138,UPI,Paid,EV Parking,55,24.75,165.0,0.33
PT106257,F008,Car,Visitor,2025-09-28,10,183,UPI,Pending,Open,50,9.5,190.0,0.6
PT106258,F007,Car,Member,2025-08-09,9,67,UPI,Paid,Covered,50,0.0,95.0,0.8
PT106259,F002,SUV,Regular,2025-07-15,13,160,Credit Card,Failed,Covered,65,0.0,195.0,0.61
PT106260,F002,Car,Member,2025-08-14,17,78,Wallet,Paid,Covered,50,0.0,90.0,0.62
PT106261,F006,Car,Member,2025-03-28,16,68,UPI,Paid,Covered,50,15.0,100.0,0.6
PT106262,F007,Car,Regular,2025-02-27,18,44,UPI,Paid,Covered,50,0.0,40.0,0.56
PT106263,F003,Bike,Regular,2025-06-19,17,115,Wallet,Paid,Two-Wheeler,25,0.0,40.0,0.69
PT106264,F004,Bike,Regular,2025-04-07,11,35,Cash,Paid,Two-Wheeler,25,2.25,22.5,0.51
PT106265,F003,SUV,Regular,2025-05-26,11,34,UPI,Paid,Covered,65,0.0,65.0,0.64
PT106266,F007,SUV,Visitor,2025-12-24,13,56,Debit Card,Paid,Covered,65,6.5,65.0,0.52
PT106267,F005,Bike,Regular,2025-01-18,10,183,UPI,Paid,Two-Wheeler,25,0.0,100.0,0.91
PT106268,F008,Car,Regular,2025-07-03,10,84,Debit Card,Paid,Covered,50,10.0,100.0,0.99
PT106269,F006,EV Car,Member,2025-05-23,11,45,Wallet,Paid,EV Parking,55,0.0,49.5,0.67
PT106270,F003,Car,Member,2025-11-30,7,131,Credit Card,Pending,Covered,50,0.0,120.0,0.56
PT106271,F002,Car,Regular,2025-03-03,14,127,Credit Card,Paid,Covered,50,0.0,150.0,0.4
PT106272,F006,Car,Member,2025-06-12,13,56,UPI,Paid,Covered,50,0.0,40.0,0.67
PT106273,F001,Bike,Regular,2025-02-09,11,135,Debit Card,Paid,Two-Wheeler,25,3.75,75.0,0.41
PT106274,F007,Car,Member,2025-06-28,9,115,Credit Card,Paid,Covered,50,0.0,100.0,0.93
PT106275,F008,Car,Regular,2025-08-23,13,139,Debit Card,Paid,Covered,50,0.0,135.0,0.48
PT106276,F003,Car,Visitor,2025-03-01,14,158,UPI,Pending,Open,50,13.5,135.0,0.31
PT106277,F006,Car,Member,2025-08-16,21,76,Credit Card,Paid,Open,50,0.0,100.0,0.39
PT106278,F008,Bike,Regular,2025-08-27,11,96,Credit Card,Paid,Two-Wheeler,25,2.0,40.0,0.15
PT106279,F003,SUV,Visitor,2025-02-25,7,22,UPI,Paid,Covered,65,6.5,65.0,0.58
PT106280,F006,SUV,Visitor,2025-08-22,16,333,UPI,Paid,Covered,65,0.0,390.0,0.39
PT106281,F002,Car,Member,2025-03-25,11,154,UPI,Paid,Open,50,15.0,150.0,0.18
PT106282,F001,Car,Regular,2025-07-22,13,57,Debit Card,Paid,Covered,50,0.0,45.0,0.5
PT106283,F001,EV Car,Member,2025-02-10,17,111,Credit Card,Paid,EV Parking,55,0.0,110.0,0.79
PT106284,F005,Car,Regular,2025-01-17,7,22,Cash,Paid,Covered,50,0.0,50.0,0.4
PT106285,F006,SUV,Regular,2025-04-15,10,172,UPI,Paid,Covered,65,18.52,185.25,0.67
PT106286,F003,Car,Regular,2025-01-25,9,47,Wallet,Paid,Covered,50,2.5,50.0,0.95
PT106287,F001,EV Car,Member,2025-04-03,11,240,Debit Card,Paid,EV Parking,55,0.0,209.0,0.53
PT106288,F007,Car,Regular,2025-08-03,10,63,UPI,Paid,Open,50,20.0,100.0,0.49
PT106289,F001,Bike,Regular,2025-07-03,12,60,UPI,Paid,Two-Wheeler,25,0.0,22.5,0.49
PT106290,F004,SUV,Member,2025-08-05,16,101,UPI,Paid,Covered,65,19.5,130.0,0.48
PT106291,F004,Bike,Regular,2025-05-31,7,401,Wallet,Pending,Two-Wheeler,25,14.0,140.0,0.25
PT106292,F001,Car,Visitor,2025-09-15,8,129,UPI,Paid,Covered,50,22.5,150.0,0.69
PT106293,F006,Bike,Visitor,2025-10-28,14,227,UPI,Paid,Two-Wheeler,25,15.0,100.0,0.2
PT106294,F005,SUV,Regular,2025-04-29,14,184,UPI,Paid,Covered,65,49.4,247.0,0.26
PT106295,F001,Car,Member,2025-05-14,13,113,Cash,Paid,Open,50,0.0,90.0,0.21
PT106296,F002,Car,Member,2025-07-26,14,126,UPI,Pending,Open,50,15.0,150.0,0.35
PT106297,F008,Bike,Member,2025-09-20,16,53,UPI,Paid,Two-Wheeler,25,2.25,22.5,0.74
PT106298,F003,Car,Member,2025-11-18,14,31,UPI,Paid,Covered,50,2.5,50.0,0.59
PT106299,F005,Bike,Regular,2025-07-09,13,398,Credit Card,Paid,Two-Wheeler,25,0.0,175.0,0.6
PT106300,F002,Car,Member,2025-06-07,8,147,UPI,Paid,Covered,50,30.0,150.0,0.72
PT106301,F005,Bike,Member,2025-03-17,21,160,Credit Card,Paid,Two-Wheeler,25,0.0,75.0,0.48
PT106302,F002,Car,Visitor,2025-02-21,11,94,Cash,Paid,Covered,50,0.0,80.0,0.66
PT106303,F003,Bike,Regular,2025-08-14,18,123,Cash,Paid,Two-Wheeler,25,0.0,75.0,0.83
PT106304,F003,Car,Regular,2025-04-04,12,60,Debit Card,Paid,Open,50,0.0,50.0,0.67
PT106305,F004,Car,Regular,2025-10-19,15,75,UPI,Paid,Open,50,8.5,85.0,0.35
PT106306,F006,Car,Regular,2025-10-18,13,63,Debit Card,Paid,Covered,50,0.0,85.0,0.63
PT106307,F002,EV Car,Member,2025-11-18,12,138,UPI,Paid,EV Parking,55,8.25,165.0,0.83
PT106308,F008,Car,Regular,2025-06-27,15,116,UPI,Paid,Open,50,10.0,100.0,0.44
PT106309,F004,SUV,Regular,2025-04-16,14,196,Wallet,Paid,Open,65,0.0,247.0,0.46
PT106310,F002,Car,Regular,2025-03-17,11,354,Cash,Paid,Open,50,28.5,285.0,0.61
PT106311,F004,Car,Regular,2025-01-04,12,84,Credit Card,Paid,Covered,50,0.0,100.0,0.71
PT106312,F003,Bike,Visitor,2025-11-07,7,87,Cash,Paid,Two-Wheeler,25,4.25,42.5,0.46
PT106313,F005,Bike,Regular,2025-07-06,10,69,Wallet,Pending,Two-Wheeler,25,10.0,50.0,0.52
PT106314,F007,EV Car,Member,2025-01-20,12,90,Credit Card,Paid,EV Parking,55,0.0,110.0,0.42
PT106315,F004,EV Car,Visitor,2025-10-02,21,322,Credit Card,Paid,EV Parking,55,16.5,330.0,0.37
PT106316,F002,SUV,Regular,2025-05-16,14,127,Debit Card,Paid,Open,65,0.0,165.75,0.15
PT106317,F002,Bike,Regular,2025-01-27,15,82,UPI,Paid,Two-Wheeler,25,0.0,50.0,0.64
PT106318,F007,Bike,Regular,2025-05-16,15,144,UPI,Paid,Two-Wheeler,25,6.75,67.5,0.39
PT106319,F006,Car,Member,2025-01-18,21,184,Debit Card,Paid,Open,50,0.0,160.0,0.56
PT106320,F008,EV Car,Member,2025-10-12,14,95,UPI,Paid,EV Parking,55,5.5,110.0,0.78
PT106321,F003,Bike,Member,2025-10-29,14,289,UPI,Paid,Two-Wheeler,25,0.0,125.0,0.2
PT106322,F002,Bike,Member,2025-05-18,12,101,UPI,Paid,Two-Wheeler,25,0.0,50.0,0.5
PT106323,F001,Car,Regular,2025-08-20,15,281,UPI,Paid,Open,50,37.5,250.0,0.58
PT106324,F005,Car,Member,2025-12-06,16,173,Wallet,Paid,Covered,50,0.0,142.5,0.44
PT106325,F004,EV Car,Visitor,2025-09-14,9,54,Debit Card,Paid,EV Parking,55,2.75,55.0,0.77
PT106326,F006,Car,Regular,2025-08-07,13,60,Credit Card,Paid,Covered,50,0.0,42.5,0.49
PT106327,F008,Bike,Regular,2025-05-12,13,58,Wallet,Paid,Two-Wheeler,25,2.5,25.0,0.28
PT106328,F007,Car,Member,2025-12-23,9,221,Wallet,Paid,Covered,50,8.0,160.0,0.93
PT106329,F005,SUV,Regular,2025-09-13,12,231,Credit Card,Paid,Covered,65,0.0,208.0,0.55
PT106330,F003,Car,Member,2025-04-06,14,176,Wallet,Paid,Open,50,0.0,135.0,0.43
PT106331,F006,SUV,Regular,2025-10-01,15,98,UPI,Paid,Covered,65,0.0,130.0,0.38
PT106332,F008,Car,Regular,2025-11-30,12,200,UPI,Paid,Covered,50,40.0,200.0,0.3
PT106333,F004,SUV,Regular,2025-10-28,13,72,UPI,Paid,Covered,65,0.0,104.0,0.56
PT106334,F004,SUV,Member,2025-01-15,16,200,Debit Card,Paid,Open,65,0.0,234.0,0.57
PT106335,F007,Car,Regular,2025-06-28,13,124,Credit Card,Paid,Covered,50,15.0,150.0,0.61
PT106336,F001,Bike,Member,2025-09-17,20,38,Debit Card,Paid,Two-Wheeler,25,0.0,21.25,0.99
PT106337,F007,Car,Member,2025-03-29,7,62,Debit Card,Paid,Open,50,0.0,100.0,0.52
PT106338,F003,Car,Regular,2025-04-04,11,198,UPI,Paid,Covered,50,0.0,170.0,0.49
PT106339,F006,SUV,Visitor,2025-11-29,9,64,UPI,Paid,Covered,65,0.0,130.0,0.64
PT106340,F006,Car,Member,2025-01-28,14,296,Credit Card,Paid,Covered,50,22.5,225.0,0.75
PT106341,F002,Car,Visitor,2025-07-04,10,33,UPI,Paid,Covered,50,7.12,47.5,0.99
PT106342,F001,Car,Member,2025-03-16,16,123,Debit Card,Paid,Covered,50,21.38,142.5,0.23
PT106343,F001,Car,Member,2025-02-23,19,64,Credit Card,Paid,Open,50,15.0,100.0,0.68
PT106344,F006,SUV,Regular,2025-11-17,11,92,Credit Card,Paid,Covered,65,0.0,123.5,0.91
PT106345,F006,Car,Member,2025-02-16,19,86,UPI,Paid,Open,50,0.0,95.0,0.43
PT106346,F005,EV Car,Member,2025-09-05,15,117,Debit Card,Paid,EV Parking,55,5.22,104.5,0.39
PT106347,F008,EV Car,Member,2025-08-22,10,174,Cash,Paid,EV Parking,55,33.0,165.0,0.86
PT106348,F005,Car,Member,2025-04-28,16,140,Wallet,Paid,Open,50,15.0,150.0,0.79
PT106349,F005,Car,Member,2025-09-17,9,99,Cash,Paid,Open,50,0.0,95.0,0.99
PT106350,F001,SUV,Regular,2025-08-18,15,67,Credit Card,Paid,Covered,65,6.5,130.0,0.57
PT106351,F002,Car,Regular,2025-10-17,18,21,UPI,Paid,Open,50,4.0,40.0,0.76
PT106352,F004,Car,Visitor,2025-08-29,20,161,Debit Card,Paid,Covered,50,20.25,135.0,0.91
PT106353,F005,Car,Regular,2025-11-28,8,84,Wallet,Paid,Covered,50,10.0,100.0,0.93
PT106354,F002,Bike,Regular,2025-07-01,8,114,UPI,Paid,Two-Wheeler,25,0.0,50.0,0.73
PT106355,F007,SUV,Regular,2025-11-13,19,26,UPI,Paid,Covered,65,0.0,65.0,0.91
PT106356,F003,Car,Visitor,2025-04-11,16,97,UPI,Paid,Covered,50,0.0,100.0,0.47
PT106357,F005,Car,Member,2025-09-05,16,315,Debit Card,Paid,Open,50,0.0,285.0,0.31
PT106358,F007,EV Car,Member,2025-12-15,16,284,UPI,Paid,EV Parking,55,33.0,220.0,0.71
PT106359,F004,SUV,Regular,2025-12-24,16,73,UPI,Paid,Open,65,0.0,130.0,0.83
PT106360,F003,Bike,Member,2025-04-23,15,153,Cash,Paid,Two-Wheeler,25,0.0,75.0,0.41
PT106361,F003,SUV,Visitor,2025-08-09,17,204,Credit Card,Paid,Open,65,0.0,208.0,0.65
PT106362,F004,Bike,Regular,2025-12-05,7,165,UPI,Failed,Two-Wheeler,25,3.0,60.0,0.15
PT106363,F005,SUV,Member,2025-05-28,16,72,UPI,Paid,Covered,65,0.0,130.0,0.6
PT106364,F001,Car,Regular,2025-10-23,14,89,UPI,Paid,Open,50,0.0,100.0,0.71
PT106365,F004,Car,Member,2025-07-16,19,103,Credit Card,Paid,Covered,50,15.0,100.0,0.7
PT106366,F004,SUV,Visitor,2025-03-10,19,74,UPI,Paid,Covered,65,0.0,117.0,0.92
PT106367,F004,Car,Visitor,2025-10-15,11,218,Credit Card,Pending,Covered,50,0.0,200.0,0.35
PT106368,F003,EV Car,Regular,2025-01-24,16,152,Debit Card,Paid,EV Parking,55,0.0,156.75,0.39
PT106369,F008,Car,Member,2025-07-05,20,66,Debit Card,Paid,Covered,50,5.0,100.0,0.42
PT106370,F002,EV Car,Member,2025-06-19,11,155,UPI,Paid,EV Parking,55,16.5,165.0,0.52
PT106371,F007,EV Car,Regular,2025-10-18,18,49,Credit Card,Paid,EV Parking,55,8.25,55.0,0.79
PT106372,F001,Car,Visitor,2025-02-01,14,67,Cash,Failed,Covered,50,0.0,95.0,0.49
PT106373,F005,SUV,Member,2025-10-28,13,20,UPI,Paid,Covered,65,13.0,65.0,0.64
PT106374,F005,Bike,Member,2025-06-25,17,156,UPI,Paid,Two-Wheeler,25,7.5,75.0,0.99
PT106375,F007,EV Car,Member,2025-12-30,18,98,Credit Card,Paid,EV Parking,55,0.0,110.0,0.73
PT106376,F002,Bike,Regular,2025-12-08,12,190,Debit Card,Paid,Two-Wheeler,25,0.0,95.0,0.8
PT106377,F004,SUV,Visitor,2025-06-26,17,106,UPI,Pending,Covered,65,0.0,130.0,0.74
PT106378,F008,Bike,Member,2025-10-17,7,124,Debit Card,Paid,Two-Wheeler,25,9.56,63.75,0.47
PT106379,F001,Car,Member,2025-05-24,13,134,Debit Card,Paid,Covered,50,0.0,127.5,0.49
PT106380,F005,Car,Regular,2025-01-11,8,173,Wallet,Paid,Open,50,0.0,135.0,0.99
PT106381,F007,Bike,Regular,2025-05-27,12,343,UPI,Paid,Two-Wheeler,25,15.0,150.0,0.41
PT106382,F006,SUV,Regular,2025-12-14,20,480,Debit Card,Paid,Covered,65,62.4,416.0,0.89
PT106383,F008,Bike,Regular,2025-11-06,16,115,UPI,Paid,Two-Wheeler,25,2.5,50.0,0.53
PT106384,F007,Bike,Member,2025-07-14,16,85,Credit Card,Paid,Two-Wheeler,25,4.0,40.0,0.58
PT106385,F008,Car,Regular,2025-03-17,9,118,Credit Card,Paid,Open,50,0.0,90.0,0.65
PT106386,F005,Bike,Visitor,2025-06-09,14,94,UPI,Paid,Two-Wheeler,25,6.38,42.5,0.32
PT106387,F004,Car,Visitor,2025-04-10,13,178,Cash,Paid,Open,50,0.0,135.0,0.68
PT106388,F006,SUV,Regular,2025-04-26,16,161,UPI,Paid,Covered,65,0.0,195.0,0.55
PT106389,F002,EV Car,Regular,2025-03-24,10,97,Credit Card,Paid,EV Parking,55,17.6,88.0,0.67
PT106390,F001,Car,Visitor,2025-11-08,12,188,UPI,Paid,Covered,50,0.0,200.0,0.24
PT106391,F002,Car,Regular,2025-03-04,18,152,Debit Card,Paid,Open,50,0.0,127.5,0.7
PT106392,F002,Car,Member,2025-05-12,10,195,UPI,Paid,Covered,50,8.5,170.0,0.71
PT106393,F007,Bike,Regular,2025-09-05,15,135,Cash,Paid,Two-Wheeler,25,0.0,67.5,0.73
PT106394,F008,Bike,Visitor,2025-05-11,12,277,Cash,Paid,Two-Wheeler,25,0.0,125.0,0.31
PT106395,F001,SUV,Regular,2025-06-07,8,79,Cash,Paid,Covered,65,6.18,123.5,0.88
PT106396,F001,Car,Regular,2025-08-04,11,115,UPI,Paid,Open,50,10.0,100.0,0.73
PT106397,F005,SUV,Regular,2025-11-22,18,105,Debit Card,Paid,Covered,65,11.05,110.5,0.66
PT106398,F005,Bike,Member,2025-02-03,19,65,UPI,Paid,Two-Wheeler,25,0.0,45.0,0.51
PT106399,F001,Car,Member,2025-11-28,13,130,Cash,Failed,Covered,50,7.12,142.5,0.71
PT106400,F006,Bike,Visitor,2025-10-25,15,79,Debit Card,Paid,Two-Wheeler,25,4.25,42.5,0.9
PT106401,F003,Car,Regular,2025-10-06,14,155,Credit Card,Paid,Open,50,0.0,150.0,0.4
PT106402,F005,Bike,Member,2025-10-23,11,301,Debit Card,Paid,Two-Wheeler,25,0.0,150.0,0.44
PT106403,F003,SUV,Visitor,2025-01-15,12,81,UPI,Paid,Covered,65,0.0,130.0,0.4
PT106404,F007,Bike,Regular,2025-04-25,14,171,Credit Card,Paid,Two-Wheeler,25,0.0,75.0,0.44
PT106405,F006,SUV,Regular,2025-02-26,15,294,UPI,Paid,Covered,65,0.0,325.0,0.48
PT106406,F001,Bike,Regular,2025-05-22,12,52,Wallet,Paid,Two-Wheeler,25,2.38,23.75,0.56
PT106407,F006,Car,Member,2025-07-26,15,29,Cash,Paid,Covered,50,10.0,50.0,0.31
PT106408,F005,Bike,Regular,2025-05-20,20,134,Debit Card,Paid,Two-Wheeler,25,0.0,60.0,0.84
PT106409,F002,Bike,Visitor,2025-04-17,7,209,Wallet,Paid,Two-Wheeler,25,5.0,100.0,0.31
PT106410,F007,Car,Member,2025-10-18,10,135,UPI,Paid,Open,50,0.0,150.0,0.98
PT106411,F001,Car,Regular,2025-03-19,19,20,Wallet,Paid,Covered,50,0.0,42.5,0.99
PT106412,F004,Car,Member,2025-01-02,8,63,UPI,Paid,Open,50,10.0,100.0,0.9
PT106413,F007,Car,Regular,2025-10-01,16,147,Debit Card,Paid,Covered,50,0.0,150.0,0.3
PT106414,F008,Car,Regular,2025-02-04,15,249,Debit Card,Paid,Covered,50,35.62,237.5,0.58
PT106415,F003,Car,Visitor,2025-09-22,7,154,UPI,Pending,Open,50,0.0,150.0,0.46
PT106416,F006,Car,Regular,2025-08-06,6,130,UPI,Pending,Open,50,0.0,150.0,0.49
PT106417,F001,EV Car,Regular,2025-03-08,14,147,UPI,Paid,EV Parking,55,0.0,156.75,0.27
PT106418,F007,Car,Regular,2025-03-10,9,67,Wallet,Paid,Open,50,0.0,100.0,0.8
PT106419,F006,SUV,Member,2025-08-12,18,164,UPI,Paid,Open,65,29.25,195.0,0.87
PT106420,F001,Bike,Member,2025-12-27,13,241,Credit Card,Paid,Two-Wheeler,25,5.94,118.75,0.64
PT106421,F005,SUV,Member,2025-10-21,11,140,Debit Card,Paid,Covered,65,0.0,195.0,0.65
PT106422,F007,Car,Regular,2025-11-22,10,30,UPI,Pending,Open,50,0.0,45.0,0.66
PT106423,F005,EV Car,Regular,2025-07-22,17,291,Credit Card,Paid,EV Parking,55,13.75,275.0,0.74
PT106424,F007,Bike,Visitor,2025-03-22,16,123,Credit Card,Paid,Two-Wheeler,25,7.5,75.0,0.49
PT106425,F005,SUV,Regular,2025-03-07,16,126,UPI,Paid,Open,65,0.0,195.0,0.51
PT106426,F008,Car,Member,2025-10-24,8,103,Debit Card,Paid,Covered,50,0.0,100.0,0.76
PT106427,F006,Car,Regular,2025-10-07,15,73,UPI,Paid,Covered,50,0.0,100.0,0.52
PT106428,F004,Bike,Member,2025-09-18,18,336,UPI,Paid,Two-Wheeler,25,0.0,142.5,0.79
PT106429,F007,Car,Visitor,2025-10-04,16,104,Credit Card,Paid,Open,50,0.0,95.0,0.45
PT106430,F008,Bike,Member,2025-01-06,9,41,UPI,Paid,Two-Wheeler,25,0.0,25.0,0.81
PT106431,F007,Car,Member,2025-05-12,20,177,Wallet,Paid,Covered,50,0.0,150.0,0.52
PT106432,F005,Bike,Regular,2025-09-22,8,42,Cash,Paid,Two-Wheeler,25,0.0,25.0,0.65
PT106433,F001,EV Car,Member,2025-11-21,14,480,Credit Card,Paid,EV Parking,55,0.0,374.0,0.67
PT106434,F007,Bike,Member,2025-03-09,20,120,UPI,Paid,Two-Wheeler,25,6.75,45.0,0.76
PT106435,F008,SUV,Regular,2025-05-06,17,76,UPI,Failed,Covered,65,5.52,110.5,0.8
PT106436,F005,Bike,Member,2025-11-11,15,79,UPI,Paid,Two-Wheeler,25,0.0,47.5,0.41
PT106437,F002,Bike,Member,2025-06-20,18,88,Credit Card,Paid,Two-Wheeler,25,0.0,42.5,0.99
PT106438,F005,EV Car,Member,2025-12-02,15,31,Cash,Paid,EV Parking,55,0.0,49.5,0.45
PT106439,F006,SUV,Regular,2025-01-29,8,70,UPI,Paid,Covered,65,19.5,130.0,0.35
PT106440,F004,SUV,Regular,2025-06-25,12,54,UPI,Paid,Covered,65,2.92,58.5,0.41
PT106441,F002,Car,Member,2025-11-03,13,88,Credit Card,Paid,Covered,50,0.0,95.0,0.68
PT106442,F006,Bike,Regular,2025-10-19,14,149,UPI,Paid,Two-Wheeler,25,11.25,75.0,0.55
PT106443,F006,Car,Regular,2025-11-28,11,167,Debit Card,Paid,Open,50,15.0,150.0,0.22
PT106444,F006,Bike,Regular,2025-04-15,18,110,Credit Card,Paid,Two-Wheeler,25,5.0,50.0,0.72
PT106445,F001,Bike,Regular,2025-02-14,11,168,Credit Card,Paid,Two-Wheeler,25,0.0,71.25,0.27
PT106446,F006,SUV,Member,2025-04-11,15,230,UPI,Pending,Covered,65,0.0,247.0,0.39
PT106447,F001,SUV,Regular,2025-08-14,18,146,Wallet,Paid,Covered,65,9.75,195.0,0.65
PT106448,F006,Car,Visitor,2025-04-14,16,61,UPI,Paid,Open,50,0.0,100.0,0.76
PT106449,F003,Car,Regular,2025-09-19,9,34,Cash,Pending,Covered,50,2.5,50.0,0.62
PT106450,F008,SUV,Member,2025-09-10,20,76,UPI,Paid,Covered,65,13.0,130.0,0.64
PT106451,F002,Car,Member,2025-06-14,9,196,Cash,Paid,Covered,50,0.0,200.0,0.51
PT106452,F003,Bike,Visitor,2025-10-19,11,347,Debit Card,Paid,Two-Wheeler,25,0.0,150.0,0.23
PT106453,F006,Car,Regular,2025-07-31,9,41,UPI,Paid,Covered,50,0.0,47.5,0.66
PT106454,F002,Car,Member,2025-05-24,15,254,Cash,Paid,Open,50,0.0,237.5,0.45
PT106455,F002,EV Car,Member,2025-08-24,17,137,Debit Card,Paid,EV Parking,55,6.6,132.0,0.75
PT106456,F007,Car,Visitor,2025-01-22,11,88,UPI,Paid,Covered,50,10.0,100.0,0.82
PT106457,F004,Bike,Member,2025-03-10,21,133,UPI,Paid,Two-Wheeler,25,0.0,75.0,0.6
PT106458,F003,Car,Regular,2025-03-10,9,56,Debit Card,Paid,Covered,50,5.0,50.0,0.54
PT106459,F004,EV Car,Regular,2025-09-03,12,103,Debit Card,Paid,EV Parking,55,0.0,99.0,0.72
PT106460,F002,SUV,Regular,2025-03-04,14,217,Debit Card,Paid,Open,65,26.0,260.0,0.54
PT106461,F001,Car,Member,2025-08-25,17,80,Debit Card,Paid,Covered,50,0.0,90.0,0.69
PT106462,F002,Car,Member,2025-11-27,12,115,Debit Card,Paid,Open,50,9.0,90.0,0.57
PT106463,F004,Bike,Visitor,2025-12-29,10,214,Debit Card,Paid,Two-Wheeler,25,10.0,100.0,0.7
PT106464,F003,Car,Regular,2025-01-19,13,172,Credit Card,Paid,Covered,50,0.0,135.0,0.46
PT106465,F006,Bike,Regular,2025-08-19,13,162,UPI,Paid,Two-Wheeler,25,3.38,67.5,0.56
PT106466,F007,Car,Regular,2025-08-17,6,38,Wallet,Paid,Open,50,6.75,45.0,0.64
PT106467,F007,Car,Visitor,2025-12-24,7,121,UPI,Paid,Covered,50,0.0,150.0,0.43
PT106468,F007,Bike,Visitor,2025-05-07,11,142,UPI,Pending,Two-Wheeler,25,7.5,75.0,0.7
PT106469,F006,Car,Regular,2025-05-26,16,203,Debit Card,Paid,Open,50,40.0,200.0,0.47
PT106470,F007,SUV,Member,2025-11-25,12,39,Credit Card,Paid,Open,65,7.8,52.0,0.63
PT106471,F003,Car,Regular,2025-04-24,11,92,UPI,Paid,Open,50,0.0,100.0,0.46
PT106472,F006,Car,Regular,2025-08-31,9,81,UPI,Paid,Covered,50,5.0,100.0,0.71
PT106473,F007,EV Car,Regular,2025-05-25,12,115,Debit Card,Pending,EV Parking,55,22.0,110.0,0.64
PT106474,F006,Bike,Regular,2025-02-10,13,111,Wallet,Paid,Two-Wheeler,25,2.25,45.0,0.3
PT106475,F004,SUV,Member,2025-06-10,9,78,Credit Card,Paid,Covered,65,0.0,123.5,0.75
PT106476,F008,Car,Member,2025-12-04,6,53,Credit Card,Paid,Covered,50,0.0,50.0,0.32
PT106477,F008,Bike,Regular,2025-03-18,9,23,UPI,Paid,Two-Wheeler,25,2.0,20.0,0.77
PT106478,F003,SUV,Member,2025-06-17,16,121,UPI,Paid,Open,65,0.0,175.5,0.78
PT106479,F005,Car,Regular,2025-10-11,13,84,UPI,Paid,Open,50,0.0,100.0,0.58
PT106480,F001,SUV,Visitor,2025-04-20,13,159,UPI,Paid,Covered,65,0.0,175.5,0.59
PT106481,F007,Bike,Regular,2025-07-14,6,141,Credit Card,Paid,Two-Wheeler,25,6.75,67.5,0.33
PT106482,F001,Car,Visitor,2025-08-16,16,158,UPI,Paid,Covered,50,0.0,135.0,0.42
PT106483,F006,Bike,Regular,2025-06-16,11,154,UPI,Paid,Two-Wheeler,25,11.25,75.0,0.53
PT106484,F001,Bike,Regular,2025-01-21,9,182,Debit Card,Paid,Two-Wheeler,25,10.0,100.0,0.67
PT106485,F003,Car,Regular,2025-06-14,17,179,Cash,Paid,Covered,50,30.0,150.0,0.77
PT106486,F003,Car,Member,2025-05-10,13,143,Wallet,Paid,Open,50,22.5,150.0,0.64
PT106487,F002,Car,Regular,2025-09-19,16,100,Credit Card,Paid,Covered,50,0.0,95.0,0.47
PT106488,F008,Car,Member,2025-02-21,17,348,UPI,Paid,Covered,50,15.0,300.0,0.7
PT106489,F007,SUV,Visitor,2025-09-18,20,361,Debit Card,Paid,Covered,65,0.0,455.0,0.99
PT106490,F002,Bike,Member,2025-06-24,15,123,UPI,Paid,Two-Wheeler,25,14.25,71.25,0.33
PT106491,F001,EV Car,Member,2025-10-26,8,96,Debit Card,Paid,EV Parking,55,0.0,110.0,0.57
PT106492,F005,Car,Regular,2025-04-06,14,301,Debit Card,Paid,Covered,50,12.75,255.0,0.48
PT106493,F002,Car,Regular,2025-12-23,14,180,Debit Card,Paid,Covered,50,14.25,142.5,0.37
PT106494,F002,SUV,Member,2025-02-09,8,105,Wallet,Paid,Covered,65,0.0,117.0,0.95
PT106495,F003,Bike,Member,2025-07-28,12,71,Debit Card,Paid,Two-Wheeler,25,5.0,50.0,0.56
PT106496,F005,Bike,Regular,2025-05-22,13,259,Debit Card,Paid,Two-Wheeler,25,0.0,112.5,0.68
PT106497,F006,Car,Regular,2025-09-15,10,71,UPI,Paid,Open,50,0.0,100.0,0.99
PT106498,F001,Car,Member,2025-06-16,6,94,Wallet,Paid,Covered,50,0.0,80.0,0.61
PT106499,F002,Car,Regular,2025-07-10,16,114,UPI,Pending,Covered,50,0.0,90.0,0.72
PT106500,F005,EV Car,Member,2025-11-15,18,24,Wallet,Paid,EV Parking,55,2.75,55.0,0.74
PT106501,F008,Car,Member,2025-04-29,11,147,UPI,Paid,Covered,50,20.25,135.0,0.52
PT106502,F007,SUV,Visitor,2025-05-26,6,90,UPI,Paid,Covered,65,0.0,130.0,0.59
PT106503,F005,Bike,Regular,2025-12-16,18,156,Cash,Paid,Two-Wheeler,25,3.56,71.25,0.99
PT106504,F008,Car,Member,2025-12-01,9,183,UPI,Paid,Open,50,24.0,160.0,0.82
PT106505,F001,Bike,Visitor,2025-05-09,13,59,Cash,Paid,Two-Wheeler,25,2.25,22.5,0.45
PT106506,F005,SUV,Regular,2025-05-25,12,172,UPI,Paid,Covered,65,0.0,195.0,0.5
PT106507,F008,SUV,Member,2025-02-23,10,86,Cash,Paid,Covered,65,17.55,117.0,0.52
PT106508,F005,Car,Regular,2025-05-02,14,480,Debit Card,Paid,Covered,50,0.0,400.0,0.35
PT106509,F005,Car,Visitor,2025-05-04,19,89,Debit Card,Paid,Covered,50,4.25,85.0,0.6
PT106510,F007,Car,Regular,2025-06-16,14,58,UPI,Paid,Covered,50,2.5,50.0,0.53
PT106511,F008,Car,Regular,2025-11-18,21,142,UPI,Paid,Covered,50,15.0,150.0,0.51
PT106512,F008,Bike,Regular,2025-05-23,10,132,Cash,Paid,Two-Wheeler,25,0.0,67.5,0.79
PT106513,F002,SUV,Regular,2025-01-22,17,265,UPI,Paid,Open,65,0.0,260.0,0.99
PT106514,F001,Car,Regular,2025-10-03,11,83,UPI,Paid,Open,50,10.0,100.0,0.51
PT106515,F007,SUV,Regular,2025-12-15,11,22,Credit Card,Paid,Open,65,0.0,65.0,0.62
PT106516,F005,Bike,Member,2025-10-26,9,186,Credit Card,Paid,Two-Wheeler,25,0.0,90.0,0.95
PT106517,F005,Car,Regular,2025-10-04,18,23,UPI,Paid,Open,50,4.25,42.5,0.66
PT106518,F002,Car,Member,2025-10-31,16,291,UPI,Paid,Covered,50,11.88,237.5,0.35
PT106519,F001,SUV,Regular,2025-11-18,12,106,UPI,Paid,Covered,65,0.0,130.0,0.48
PT106520,F003,SUV,Regular,2025-04-25,12,95,Cash,Paid,Covered,65,0.0,130.0,0.55
PT106521,F007,Bike,Regular,2025-09-29,17,167,UPI,Paid,Two-Wheeler,25,15.0,75.0,0.57
PT106522,F002,Car,Regular,2025-06-17,19,125,Wallet,Failed,Covered,50,0.0,150.0,0.31
PT106523,F001,Car,Regular,2025-10-04,14,100,UPI,Paid,Covered,50,0.0,100.0,0.64
PT106524,F007,Car,Member,2025-12-23,13,51,UPI,Paid,Open,50,0.0,45.0,0.3
PT106525,F005,Bike,Regular,2025-09-21,8,20,Credit Card,Paid,Two-Wheeler,25,0.0,25.0,0.62
PT106526,F001,SUV,Regular,2025-09-07,9,100,UPI,Paid,Covered,65,26.0,130.0,0.87
PT106527,F001,Car,Visitor,2025-09-12,10,117,Credit Card,Paid,Covered,50,0.0,100.0,0.63
PT106528,F006,SUV,Regular,2025-12-08,11,468,Cash,Paid,Covered,65,0.0,520.0,0.17
PT106529,F001,Bike,Member,2025-02-27,11,318,UPI,Paid,Two-Wheeler,25,0.0,135.0,0.53
PT106530,F003,Bike,Member,2025-01-05,14,61,,Paid,Two-Wheeler,25,0.0,50.0,0.61
PT106531,F001,EV Car,Member,2025-04-21,20,30,UPI,Paid,EV Parking,55,0.0,46.75,0.97
PT106532,F003,Car,Regular,2025-12-31,18,134,UPI,Paid,Covered,50,30.0,150.0,0.89
PT106533,F005,EV Car,Member,2025-10-13,14,136,UPI,Paid,EV Parking,55,14.02,140.25,0.71
PT106534,F003,Car,Visitor,2025-12-17,6,178,Wallet,Paid,Covered,50,0.0,142.5,0.33
PT106535,F007,Car,Visitor,2025-09-22,8,110,UPI,Paid,Open,50,0.0,100.0,0.99
PT106536,F005,SUV,Member,2025-09-06,18,95,Cash,Paid,Covered,65,0.0,130.0,0.64
PT106537,F005,EV Car,Regular,2025-04-05,12,82,Credit Card,Paid,EV Parking,55,0.0,93.5,0.41
PT106538,F003,Bike,Regular,2025-12-17,12,53,UPI,Pending,Two-Wheeler,25,1.25,25.0,0.51
PT106539,F008,Bike,Member,2025-10-24,9,131,Credit Card,Paid,Two-Wheeler,25,0.0,75.0,0.79
PT106540,F002,SUV,Regular,2025-11-03,11,66,Cash,Paid,Covered,65,11.05,110.5,0.37
PT106541,F004,SUV,Regular,2025-07-04,11,153,Debit Card,Paid,Covered,65,24.86,165.75,0.61
PT106542,F008,Car,Member,2025-08-17,13,79,Credit Card,Paid,Covered,50,0.0,100.0,0.56
PT106543,F001,SUV,Regular,2025-11-13,15,101,Cash,Failed,Open,65,17.55,117.0,0.49
PT106544,F006,Bike,Visitor,2025-09-19,12,253,UPI,Paid,Two-Wheeler,25,0.0,118.75,0.57
PT106545,F004,Bike,Regular,2025-04-29,13,74,Wallet,Paid,Two-Wheeler,25,0.0,50.0,0.42
PT106546,F001,Bike,Regular,2025-08-22,10,76,Cash,Paid,Two-Wheeler,25,5.0,50.0,0.87
PT106547,F008,Bike,Member,2025-10-09,8,126,Debit Card,Paid,Two-Wheeler,25,0.0,75.0,0.78
PT106548,F008,EV Car,Visitor,2025-07-21,12,480,Cash,Paid,EV Parking,55,20.9,418.0,0.41
PT106549,F001,Bike,Visitor,2025-09-19,8,173,Credit Card,Paid,Two-Wheeler,25,6.75,67.5,0.77
PT106550,F005,EV Car,Member,2025-02-22,12,112,Debit Card,Paid,EV Parking,55,0.0,99.0,0.46
PT106551,F001,Car,Visitor,2025-11-13,17,46,Credit Card,Paid,Covered,50,7.5,50.0,0.66
PT106552,F006,SUV,Member,2025-06-10,12,139,UPI,Paid,Covered,65,0.0,165.75,0.61
PT106553,F008,SUV,Member,2025-09-01,10,21,Credit Card,Paid,Open,65,6.5,65.0,0.77
PT106554,F001,Bike,Regular,2025-04-04,19,124,UPI,Paid,Two-Wheeler,25,0.0,71.25,0.9
PT106555,F003,Bike,Regular,2025-02-09,15,129,Credit Card,Paid,Two-Wheeler,25,0.0,75.0,0.52
PT106556,F004,Bike,Regular,2025-10-07,21,193,UPI,Paid,Two-Wheeler,25,0.0,100.0,0.49
PT106557,F003,SUV,Regular,2025-04-02,12,137,UPI,Paid,Covered,65,29.25,195.0,0.56
PT106558,F006,SUV,Member,2025-10-28,11,172,UPI,Paid,Covered,65,0.0,195.0,0.55
PT106559,F001,Car,Member,2025-02-07,12,30,Cash,Paid,Covered,50,7.5,50.0,0.45
PT106560,F007,SUV,Regular,2025-08-31,17,52,UPI,Paid,Covered,65,0.0,65.0,0.57
PT106561,F006,Car,Member,2025-12-30,10,416,Debit Card,Paid,Covered,50,0.0,350.0,0.44
PT106562,F005,Car,Member,2025-05-16,11,196,UPI,Paid,Covered,50,0.0,200.0,0.62
PT106563,F003,SUV,Member,2025-03-05,15,87,Credit Card,Paid,Open,65,0.0,110.5,0.53
PT106564,F003,Bike,Regular,2025-12-09,16,92,UPI,Paid,Two-Wheeler,25,7.5,50.0,0.37
PT106565,F002,SUV,Visitor,2025-12-29,20,95,UPI,Paid,Open,65,0.0,130.0,0.89
PT106566,F001,Car,Member,2025-07-20,21,363,Credit Card,Paid,Open,50,14.0,280.0,0.3
PT106567,F005,Car,Member,2025-11-03,15,373,Credit Card,Paid,Covered,50,16.62,332.5,0.58
PT106568,F007,Bike,Regular,2025-09-19,12,321,UPI,Paid,Two-Wheeler,25,0.0,150.0,0.47
PT106569,F003,Car,Visitor,2025-06-24,13,207,Credit Card,Paid,Open,50,8.5,170.0,0.5
PT106570,F003,SUV,Member,2025-06-26,13,147,Cash,Paid,Open,65,26.32,175.5,0.45
PT106571,F005,Car,Visitor,2025-03-26,13,68,UPI,Paid,Open,50,5.0,100.0,0.68
PT106572,F006,Bike,Regular,2025-06-09,12,358,UPI,Paid,Two-Wheeler,25,0.0,150.0,0.64
PT106573,F006,Car,Visitor,2025-07-01,10,150,Debit Card,Paid,Open,50,7.5,150.0,0.52
PT106574,F001,Car,Member,2025-02-05,12,202,UPI,Paid,Covered,50,9.0,180.0,0.58
PT106575,F008,SUV,Visitor,2025-12-11,20,313,Wallet,Pending,Covered,65,0.0,390.0,0.77
PT106576,F002,Car,Regular,2025-04-09,18,104,Credit Card,Paid,Covered,50,5.0,100.0,0.75
PT106577,F003,Bike,Visitor,2025-08-14,15,193,Credit Card,Paid,Two-Wheeler,25,0.0,95.0,0.49
PT106578,F008,EV Car,Regular,2025-02-06,10,243,Credit Card,Paid,EV Parking,55,23.38,233.75,0.68
PT106579,F008,Bike,Regular,2025-09-30,18,283,Credit Card,Paid,Two-Wheeler,25,20.0,100.0,0.81
PT106580,F002,SUV,Regular,2025-09-29,12,234,UPI,Pending,Covered,65,52.0,260.0,0.32
PT106581,F008,Car,Regular,2025-07-05,14,231,Wallet,Paid,Covered,50,16.0,160.0,0.78
PT106582,F008,Car,Regular,2025-02-18,19,186,Debit Card,Paid,Open,50,10.0,200.0,0.69
PT106583,F006,SUV,Regular,2025-04-04,12,134,UPI,Paid,Covered,65,17.55,175.5,0.58
PT106584,F006,SUV,Regular,2025-11-03,19,105,Credit Card,Paid,Open,65,0.0,130.0,0.7
PT106585,F004,Bike,Visitor,2025-08-14,11,40,UPI,Failed,Two-Wheeler,25,0.0,23.75,0.42
PT106586,F007,Bike,Member,2025-01-05,19,24,UPI,Paid,Two-Wheeler,25,0.0,23.75,0.86
PT106587,F001,Car,Regular,2025-12-19,12,122,Debit Card,Paid,Covered,50,0.0,150.0,0.5
PT106588,F008,Car,Visitor,2025-06-23,12,145,Debit Card,Paid,Covered,50,30.0,150.0,0.5
PT106589,F004,SUV,Regular,2025-07-02,14,173,Credit Card,Paid,Covered,65,29.25,195.0,0.73
PT106590,F007,Bike,Regular,2025-03-14,12,413,UPI,Paid,Two-Wheeler,25,0.0,166.25,0.57
PT106591,F004,Bike,Visitor,2025-05-25,13,121,Credit Card,Paid,Two-Wheeler,25,0.0,60.0,0.37
PT106592,F004,SUV,Regular,2025-06-01,14,33,UPI,Paid,Covered,65,3.09,61.75,0.41
PT106593,F001,Car,Regular,2025-02-25,14,87,Credit Card,Paid,Open,50,0.0,100.0,0.59
PT106594,F001,Car,Visitor,2025-07-02,20,300,Credit Card,Paid,Covered,50,25.0,250.0,0.85
PT106595,F005,SUV,Visitor,2025-05-02,12,133,Debit Card,Paid,Open,65,37.05,185.25,0.55
PT106596,F002,SUV,Regular,2025-09-01,12,48,Cash,Paid,Open,65,0.0,58.5,0.48
PT106597,F002,Bike,Member,2025-07-23,17,155,Cash,Paid,Two-Wheeler,25,0.0,75.0,0.75
PT106598,F005,Car,Member,2025-03-20,13,47,Wallet,Paid,Covered,50,0.0,50.0,0.48
PT106599,F005,Car,Regular,2025-01-16,8,290,Wallet,Paid,Covered,50,0.0,237.5,0.99
PT106600,F006,Bike,Regular,2025-05-06,13,40,Debit Card,Paid,Two-Wheeler,25,0.0,25.0,0.53
PT106601,F007,Car,Member,2025-03-28,14,299,Wallet,Paid,Covered,50,0.0,250.0,0.7
PT106602,F004,SUV,Member,2025-10-05,15,111,Cash,Paid,Covered,65,0.0,130.0,0.46
PT106603,F008,EV Car,Member,2025-12-17,11,33,Debit Card,Pending,EV Parking,55,0.0,49.5,0.7
PT106604,F005,SUV,Regular,2025-02-12,21,126,UPI,Paid,Covered,65,0.0,195.0,0.45
PT106605,F003,Car,Visitor,2025-03-20,16,45,UPI,Pending,Covered,50,5.0,50.0,0.34
PT106606,F002,SUV,Visitor,2025-10-04,16,133,Cash,Paid,Open,65,0.0,195.0,0.31
PT106607,F005,Car,Regular,2025-09-21,18,89,Credit Card,Paid,Open,50,15.0,100.0,0.63
PT106608,F003,Car,Regular,2025-11-01,7,195,Cash,Paid,Covered,50,0.0,200.0,0.43
PT106609,F003,Car,Regular,2025-08-16,15,171,UPI,Paid,Covered,50,0.0,135.0,0.32
PT106610,F003,Car,Regular,2025-05-05,17,52,UPI,Paid,Open,50,0.0,50.0,0.78
PT106611,F006,EV Car,Regular,2025-04-16,7,49,Debit Card,Paid,EV Parking,55,5.5,55.0,0.59
PT106612,F006,Car,Regular,2025-08-18,16,391,Wallet,Paid,Covered,50,0.0,350.0,0.46
PT106613,F008,Car,Member,2025-05-14,21,21,UPI,Paid,Open,50,0.0,50.0,0.44
PT106614,F008,EV Car,Regular,2025-03-22,14,53,Cash,Paid,EV Parking,55,0.0,55.0,0.35
PT106615,F003,Car,Member,2025-12-26,13,160,Debit Card,Paid,Covered,50,30.0,150.0,0.44
PT106616,F007,SUV,Member,2025-04-19,13,229,UPI,Paid,Covered,65,0.0,234.0,0.64
PT106617,F006,Car,Regular,2025-06-24,15,104,UPI,Paid,Covered,50,0.0,90.0,0.62
PT106618,F004,Car,Member,2025-06-13,14,226,UPI,Paid,Covered,50,27.0,180.0,0.56
PT106619,F003,EV Car,Regular,2025-05-05,16,133,UPI,Pending,EV Parking,55,0.0,140.25,0.68
PT106620,F004,Car,Member,2025-12-14,13,246,Credit Card,Paid,Covered,50,0.0,212.5,0.73
PT106621,F004,Bike,Regular,2025-01-23,13,118,UPI,Paid,Two-Wheeler,25,5.0,50.0,0.52
PT106622,F003,Car,Visitor,2025-11-27,16,118,UPI,Paid,Open,50,0.0,90.0,0.73
PT106623,F002,Car,Regular,2025-03-03,15,37,Cash,Paid,Covered,50,0.0,47.5,0.35
PT106624,F007,Car,Regular,2025-07-31,16,250,Credit Card,Paid,Covered,50,0.0,250.0,0.71
PT106625,F003,Car,Visitor,2025-09-09,18,315,Debit Card,Paid,Open,50,0.0,300.0,0.68
PT106626,F008,Car,Regular,2025-04-06,11,121,UPI,Paid,Covered,50,22.5,150.0,0.62
PT106627,F003,SUV,Member,2025-07-28,12,27,Cash,Paid,Covered,65,2.76,55.25,0.68
PT106628,F006,Bike,Member,2025-02-26,14,286,Cash,Paid,Two-Wheeler,25,6.25,125.0,0.37
PT106629,F003,Car,Regular,2025-08-22,19,118,Credit Card,Paid,Covered,50,0.0,100.0,0.71
PT106630,F002,Car,Regular,2025-12-24,17,120,Wallet,Paid,Covered,50,4.5,90.0,0.91
PT106631,F006,EV Car,Member,2025-11-22,13,132,Cash,Paid,EV Parking,55,7.42,148.5,0.43
PT106632,F008,EV Car,Visitor,2025-03-06,14,255,Debit Card,Paid,EV Parking,55,0.0,261.25,0.65
PT106633,F001,SUV,Member,2025-10-20,16,346,Debit Card,Paid,Open,65,58.5,390.0,0.27
PT106634,F001,SUV,Visitor,2025-11-20,14,40,UPI,Paid,Open,65,3.25,65.0,0.36
PT106635,F004,Car,Visitor,2025-11-27,9,40,UPI,Paid,Open,50,4.75,47.5,0.94
PT106636,F007,Car,Visitor,2025-01-17,12,89,UPI,Paid,Open,50,0.0,90.0,0.38
PT106637,F004,Bike,Regular,2025-05-15,7,93,UPI,Paid,Two-Wheeler,25,0.0,50.0,0.59
PT106638,F002,Bike,Member,2025-11-04,15,337,UPI,Paid,Two-Wheeler,25,15.0,150.0,0.74
PT106639,F005,Bike,Regular,2025-05-10,12,187,Cash,Paid,Two-Wheeler,25,10.0,100.0,0.7
PT106640,F008,Car,Member,2025-02-06,16,197,UPI,Paid,Covered,50,0.0,200.0,0.2
PT106641,F007,EV Car,Visitor,2025-09-07,13,78,Wallet,Paid,EV Parking,55,0.0,110.0,0.29
PT106642,F008,SUV,Member,2025-02-26,7,144,Credit Card,Paid,Covered,65,16.58,165.75,0.18
PT106643,F001,Bike,Member,2025-12-23,12,71,UPI,Paid,Two-Wheeler,25,0.0,45.0,0.37
PT106644,F004,SUV,Visitor,2025-01-10,11,76,Credit Card,Paid,Covered,65,0.0,130.0,0.59
PT106645,F008,Car,Member,2025-03-22,11,34,UPI,Paid,Covered,50,2.12,42.5,0.37
PT106646,F001,Car,Member,2025-03-31,12,76,Wallet,Paid,Covered,50,0.0,90.0,0.45
PT106647,F002,Car,Regular,2025-04-30,21,67,Cash,Paid,Covered,50,0.0,80.0,0.71
PT106648,F002,Car,Regular,2025-04-12,20,298,UPI,Paid,Covered,50,0.0,250.0,0.74
PT106649,F005,Car,Regular,2025-01-27,17,280,Wallet,Paid,Covered,50,31.88,212.5,0.79
PT106650,F008,SUV,Regular,2025-09-18,11,81,Debit Card,Paid,Covered,65,0.0,130.0,0.73
PT106651,F005,Car,Visitor,2025-03-02,16,121,UPI,Paid,Open,50,7.12,142.5,0.35
PT106652,F006,Bike,Member,2025-05-16,6,89,Debit Card,Paid,Two-Wheeler,25,10.0,50.0,0.58
PT106653,F007,Car,Regular,2025-04-07,8,141,Debit Card,Paid,Open,50,6.75,135.0,0.71
PT106654,F008,Car,Regular,2025-05-29,17,232,UPI,Paid,Open,50,0.0,200.0,0.86
PT106655,F002,SUV,Regular,2025-08-15,14,62,Debit Card,Paid,Covered,65,0.0,117.0,0.56
PT106656,F004,Bike,Regular,2025-10-04,12,80,UPI,Paid,Two-Wheeler,25,0.0,50.0,0.67
PT106657,F001,EV Car,Member,2025-11-03,16,209,Credit Card,Paid,EV Parking,55,11.0,220.0,0.34
PT106658,F003,EV Car,Member,2025-12-01,9,80,UPI,Paid,EV Parking,55,20.9,104.5,0.64
PT106659,F005,Car,Member,2025-08-16,12,208,Wallet,Paid,Open,50,20.0,200.0,0.47
PT106660,F003,Car,Member,2025-11-11,16,36,Debit Card,Paid,Covered,50,0.0,50.0,0.6
PT106661,F008,SUV,Member,2025-09-06,11,161,UPI,Paid,Open,65,0.0,195.0,0.71
PT106662,F004,EV Car,Regular,2025-09-15,14,71,UPI,Paid,EV Parking,55,13.2,88.0,0.39
PT106663,F005,Bike,Member,2025-11-10,13,231,UPI,Paid,Two-Wheeler,25,0.0,90.0,0.6
PT106664,F003,SUV,Regular,2025-08-08,11,119,Debit Card,Paid,Open,65,13.0,130.0,0.32
PT106665,F007,SUV,Visitor,2025-08-24,18,25,UPI,Paid,Covered,65,0.0,65.0,0.94
PT106666,F004,Car,Regular,2025-01-20,13,179,Cash,Paid,Covered,50,15.0,150.0,0.63
PT106667,F001,Bike,Regular,2025-12-11,14,104,Wallet,Paid,Two-Wheeler,25,4.5,45.0,0.33
PT106668,F007,SUV,Visitor,2025-05-18,11,262,Debit Card,Paid,Covered,65,0.0,308.75,0.48
PT106669,F004,Bike,Regular,2025-07-08,12,105,UPI,Paid,Two-Wheeler,25,0.0,50.0,0.34
PT106670,F006,Car,Visitor,2025-04-15,7,170,UPI,Paid,Covered,50,15.0,150.0,0.71
PT106671,F005,Car,Member,2025-04-08,13,191,Credit Card,Paid,Covered,50,0.0,200.0,0.54
PT106672,F002,Car,Visitor,2025-09-27,12,226,Credit Card,Paid,Covered,50,0.0,200.0,0.57
PT106673,F001,Car,Regular,2025-06-02,12,68,Debit Card,Paid,Covered,50,0.0,90.0,0.24
PT106674,F008,EV Car,Member,2025-08-06,18,113,Credit Card,Paid,EV Parking,55,0.0,110.0,0.84
PT106675,F007,Car,Visitor,2025-01-21,15,102,UPI,Paid,Covered,50,5.0,100.0,0.35
PT106676,F007,Car,Visitor,2025-09-29,13,69,Cash,Pending,Open,50,0.0,100.0,0.81
PT106677,F003,Car,,2025-07-21,10,81,UPI,Paid,Open,50,0.0,100.0,0.77
PT106678,F005,Bike,,2025-06-09,21,109,Credit Card,Paid,Two-Wheeler,25,6.75,45.0,0.6
PT106679,F008,Bike,Member,2025-03-05,8,100,Debit Card,Paid,Two-Wheeler,25,0.0,42.5,0.72
PT106680,F002,Car,Regular,2025-03-25,9,58,UPI,Paid,Covered,50,0.0,50.0,0.9
PT106681,F004,Car,Member,2025-03-14,11,117,Debit Card,Paid,Covered,50,5.0,100.0,0.51
PT106682,F002,Car,Member,2025-03-01,20,128,Cash,Failed,Open,50,20.25,135.0,0.86
PT106683,F005,Bike,Regular,2025-12-20,11,271,Debit Card,Paid,Two-Wheeler,25,5.62,112.5,0.61
PT106684,F005,Car,Regular,2025-05-27,14,28,UPI,Paid,Open,50,4.75,47.5,0.33
PT106685,F006,EV Car,Member,2025-02-16,16,97,UPI,Paid,EV Parking,55,0.0,104.5,0.58
PT106686,F006,Bike,Regular,2025-08-11,19,202,UPI,Paid,Two-Wheeler,25,0.0,100.0,0.87
PT106687,F002,Car,Member,2025-06-07,14,30,UPI,Paid,Covered,50,6.75,45.0,0.46
PT106688,F004,SUV,Regular,2025-02-16,13,117,Wallet,Paid,Covered,65,15.6,104.0,0.85
PT106689,F002,Car,Member,2025-10-16,21,61,Debit Card,Paid,Open,50,5.0,100.0,0.5
PT106690,F005,Bike,Regular,2025-07-29,7,333,UPI,Paid,Two-Wheeler,25,0.0,150.0,0.65
PT106691,F005,Car,Member,2025-01-21,17,185,Wallet,Paid,Covered,50,0.0,200.0,0.65
PT106692,F003,Bike,Regular,2025-12-17,11,106,Debit Card,Paid,Two-Wheeler,25,0.0,50.0,0.49
PT106693,F006,SUV,Member,2025-11-15,17,166,UPI,Paid,Covered,65,27.79,185.25,0.97
PT106694,F008,EV Car,Regular,2025-08-19,10,191,UPI,Pending,EV Parking,55,19.8,198.0,0.73
PT106695,F008,Car,Member,2025-10-25,12,168,UPI,Paid,Open,50,0.0,150.0,0.42
PT106696,F008,Car,Regular,2025-04-15,8,71,Wallet,Paid,Covered,50,0.0,90.0,0.87
PT106697,F003,Bike,Member,2025-05-06,10,110,Credit Card,Paid,Two-Wheeler,25,0.0,50.0,0.99
PT106698,F001,EV Car,Visitor,2025-10-26,14,29,Cash,Paid,EV Parking,55,0.0,46.75,0.57
PT106699,F008,EV Car,Member,2025-03-09,16,215,UPI,Paid,EV Parking,55,22.0,220.0,0.55
PT106700,F005,Car,Regular,2025-01-26,19,20,Cash,Paid,Covered,50,2.25,45.0,0.96
PT106701,F003,Car,Member,2025-06-10,9,228,UPI,Paid,Open,50,0.0,180.0,0.61
PT106702,F002,Bike,Member,2025-04-18,10,36,Wallet,Paid,Two-Wheeler,25,1.19,23.75,0.82
PT106703,F006,Car,Member,2025-10-16,19,46,Wallet,Paid,Open,50,10.0,50.0,0.68
PT106704,F006,Car,Member,2025-11-01,16,83,UPI,Paid,Open,50,0.0,100.0,0.7
PT106705,F004,Car,Regular,2025-03-25,14,26,Debit Card,Paid,Covered,50,0.0,50.0,0.49
PT106706,F002,Bike,Visitor,2025-02-10,13,84,Debit Card,Paid,Two-Wheeler,25,0.0,50.0,0.58
PT106707,F004,EV Car,Member,2025-07-19,10,29,Wallet,Paid,EV Parking,55,0.0,55.0,0.7
PT106708,F003,EV Car,Regular,2025-02-05,12,51,UPI,Paid,EV Parking,55,0.0,55.0,0.29
PT106709,F007,Car,Regular,2025-12-17,12,53,Credit Card,Paid,Open,50,2.38,47.5,0.86
PT106710,F008,Bike,Member,2025-08-22,15,292,Cash,Paid,Two-Wheeler,25,0.0,125.0,0.31
PT106711,F001,SUV,Member,2025-08-30,14,178,Debit Card,Paid,Open,65,0.0,175.5,0.71
PT106712,F002,Car,Visitor,2025-12-05,8,120,UPI,Paid,Covered,50,15.0,100.0,0.79
PT106713,F002,Bike,Member,2025-01-20,17,52,Cash,Paid,Two-Wheeler,25,0.0,25.0,0.95
PT106714,F002,Car,Regular,2025-12-09,19,154,UPI,Paid,Covered,50,7.12,142.5,0.62
PT106715,F004,Car,Member,2025-06-01,16,259,Debit Card,Paid,Covered,50,12.5,250.0,0.54
PT106716,F003,Car,Regular,2025-06-20,10,107,UPI,Paid,Open,50,9.0,90.0,0.57
PT106717,F002,Car,Regular,2025-08-04,10,179,UPI,Paid,Covered,50,15.0,150.0,0.99
PT106718,F007,Bike,Member,2025-12-22,16,249,Credit Card,Paid,Two-Wheeler,25,12.5,125.0,0.73
PT106719,F002,Car,Member,2025-11-25,13,183,Credit Card,Paid,Covered,50,9.0,180.0,0.37
PT106720,F006,Car,Member,2025-08-20,16,175,Credit Card,Paid,Covered,50,0.0,135.0,0.58
PT106721,F008,Car,Member,2025-01-16,8,188,Credit Card,Paid,Covered,50,0.0,190.0,0.88
PT106722,F001,SUV,Regular,2025-10-10,16,177,UPI,Paid,Covered,65,0.0,175.5,0.63
PT106723,F008,Bike,Member,2025-10-28,13,68,UPI,Pending,Two-Wheeler,25,0.0,42.5,0.57
PT106724,F006,Bike,Regular,2025-06-14,7,216,Debit Card,Paid,Two-Wheeler,25,0.0,100.0,0.56
PT106725,F006,Bike,Member,2025-09-26,14,477,UPI,Paid,Two-Wheeler,25,0.0,200.0,0.59
PT106726,F001,Car,Visitor,2025-06-28,15,78,Credit Card,Paid,Covered,50,0.0,100.0,0.44
PT106727,F007,Car,Regular,2025-09-15,14,34,Debit Card,Pending,Open,50,0.0,50.0,0.62
PT106728,F003,SUV,Member,2025-03-17,9,48,Wallet,Paid,Covered,65,0.0,65.0,0.76
PT106729,F006,Car,Visitor,2025-04-15,17,42,,Paid,Open,50,5.0,50.0,0.99
PT106730,F003,Car,Member,2025-12-19,12,45,UPI,Paid,Covered,50,2.5,50.0,0.65
PT106731,F006,SUV,Regular,2025-03-28,19,307,Cash,Failed,Covered,65,35.1,351.0,0.6
PT106732,F005,Car,Regular,2025-11-11,19,94,Wallet,Paid,Covered,50,0.0,95.0,0.85
PT106733,F001,Car,Regular,2025-01-14,11,155,Credit Card,Paid,Covered,50,19.12,127.5,0.65
PT106734,F006,Bike,Visitor,2025-12-25,13,253,Wallet,Paid,Two-Wheeler,25,12.5,125.0,0.66
PT106735,F005,Bike,Regular,2025-10-13,9,77,Credit Card,Paid,Two-Wheeler,25,0.0,47.5,0.86
PT106736,F008,SUV,Regular,2025-09-04,15,63,Credit Card,Paid,Covered,65,23.4,117.0,0.65
PT106737,F004,Bike,Visitor,2025-08-29,18,151,UPI,Pending,Two-Wheeler,25,0.0,75.0,0.86
PT106738,F005,Bike,Regular,2025-12-20,15,263,Debit Card,Paid,Two-Wheeler,25,5.0,100.0,0.52
PT106739,F002,SUV,Member,2025-01-09,11,393,UPI,Paid,Open,65,45.5,455.0,0.56
PT106740,F006,Car,Regular,2025-01-24,8,86,UPI,Paid,Covered,50,0.0,100.0,0.94
PT106741,F005,Car,Regular,2025-04-22,8,148,UPI,Paid,Open,50,7.5,150.0,0.99
PT106742,F003,Bike,Member,2025-10-24,15,92,UPI,Paid,Two-Wheeler,25,0.0,40.0,0.64
PT106743,F004,Car,Regular,2025-08-05,20,183,UPI,Paid,Covered,50,0.0,160.0,0.7
PT106744,F007,EV Car,Visitor,2025-08-16,15,107,Credit Card,Paid,EV Parking,55,0.0,110.0,0.59
PT106745,F006,SUV,Member,2025-02-01,16,332,UPI,Paid,Covered,65,0.0,390.0,0.5
PT106746,F002,Car,Regular,2025-10-04,12,89,Wallet,Paid,Covered,50,0.0,100.0,0.47
PT106747,F007,Car,Regular,2025-06-19,14,75,UPI,Paid,Open,50,4.5,90.0,0.57
PT106748,F005,Car,Member,2025-08-19,12,89,Credit Card,Paid,Covered,50,0.0,85.0,0.63
PT106749,F007,Car,Regular,2025-03-11,19,60,UPI,Paid,Covered,50,0.0,42.5,0.91
PT106750,F007,Car,Visitor,2025-04-21,9,46,UPI,Paid,Covered,50,2.5,50.0,0.6
PT106751,F004,Bike,Member,2025-03-30,15,72,UPI,Paid,Two-Wheeler,25,0.0,50.0,0.58
PT106752,F008,SUV,Member,2025-01-02,16,143,Credit Card,Paid,Open,65,0.0,185.25,0.77
PT106753,F007,SUV,Regular,2025-02-25,15,47,Debit Card,Paid,Open,65,5.52,55.25,0.16
PT106754,F007,Car,Regular,2025-06-07,11,225,UPI,Paid,Covered,50,30.0,200.0,0.72
PT106755,F006,Car,Member,2025-09-28,13,195,UPI,Paid,Open,50,0.0,200.0,0.32
PT106756,F008,Bike,Member,2025-10-01,15,136,UPI,Paid,Two-Wheeler,25,0.0,75.0,0.43
PT106757,F004,SUV,Regular,2025-02-01,19,35,Cash,Pending,Covered,65,6.5,65.0,0.7
PT106758,F002,SUV,Regular,2025-09-27,14,186,Debit Card,Paid,Covered,65,39.0,260.0,0.67
PT106759,F005,EV Car,Member,2025-07-09,12,35,UPI,Pending,EV Parking,55,0.0,55.0,0.15
PT106760,F004,Bike,Visitor,2025-07-29,13,57,UPI,Paid,Two-Wheeler,25,0.0,25.0,0.68
PT106761,F004,Bike,Visitor,2025-11-04,14,99,Wallet,Paid,Two-Wheeler,25,0.0,45.0,0.64
PT106762,F001,Car,Visitor,2025-01-22,21,208,UPI,Paid,Covered,50,9.0,180.0,0.46
PT106763,F004,Bike,Member,2025-01-14,15,59,Credit Card,Paid,Two-Wheeler,25,3.38,22.5,0.65
PT106764,F008,Car,Visitor,2025-07-25,10,119,UPI,Paid,Open,50,5.0,100.0,0.95
PT106765,F001,Bike,Regular,2025-02-03,17,289,Credit Card,Paid,Two-Wheeler,25,0.0,125.0,0.78
PT106766,F005,Bike,Member,2025-12-08,10,28,Wallet,Paid,Two-Wheeler,25,1.12,22.5,0.61
PT106767,F007,Car,Regular,2025-02-25,7,116,Wallet,Paid,Open,50,8.5,85.0,0.5
PT106768,F006,Car,Member,2025-08-28,9,100,Debit Card,Paid,Covered,50,0.0,95.0,0.99
PT106769,F006,Car,Regular,2025-03-04,16,217,UPI,Paid,Open,50,20.0,200.0,0.47
PT106770,F005,Car,Regular,2025-03-21,19,161,Credit Card,Paid,Covered,50,0.0,150.0,0.54
PT106771,F005,Car,Regular,2025-02-09,11,136,UPI,Paid,Covered,50,0.0,127.5,0.49
PT106772,F008,Car,Member,2025-10-21,14,196,Wallet,Pending,Open,50,9.5,190.0,0.5
PT106773,F003,Car,Regular,2025-10-06,14,102,Debit Card,Paid,Open,50,0.0,100.0,0.57
PT106774,F007,Car,Member,2025-09-13,13,89,Credit Card,Paid,Open,50,20.0,100.0,0.19
PT106775,F005,EV Car,Visitor,2025-04-20,8,48,UPI,Paid,EV Parking,55,0.0,55.0,0.82
PT106776,F004,Car,Regular,2025-02-17,8,116,Credit Card,Paid,Covered,50,0.0,100.0,0.99
PT106777,F008,Car,Member,2025-08-20,13,120,Wallet,Paid,Open,50,0.0,90.0,0.36
PT106778,F006,Bike,Member,2025-03-23,17,233,Credit Card,Paid,Two-Wheeler,25,0.0,85.0,0.64
PT106779,F002,SUV,Regular,2025-06-23,8,103,UPI,Paid,Covered,65,0.0,130.0,0.77
PT106780,F008,Bike,Regular,2025-04-23,11,32,UPI,Paid,Two-Wheeler,25,2.5,25.0,0.23
PT106781,F006,Car,Regular,2025-10-05,11,108,UPI,Paid,Covered,50,0.0,95.0,0.53
PT106782,F001,Bike,Member,2025-11-06,14,185,Wallet,Paid,Two-Wheeler,25,0.0,95.0,0.35
PT106783,F008,SUV,Regular,2025-02-09,7,232,Wallet,Paid,Covered,65,13.0,260.0,0.59
PT106784,F006,SUV,Member,2025-01-30,18,57,Wallet,Paid,Covered,65,0.0,58.5,0.58
PT106785,F003,Bike,Regular,2025-09-12,13,119,Debit Card,Paid,Two-Wheeler,25,2.12,42.5,0.85
PT106786,F008,SUV,Visitor,2025-08-28,13,20,Credit Card,Failed,Covered,65,0.0,65.0,0.44
PT106787,F008,SUV,Regular,2025-07-02,12,43,Credit Card,Paid,Covered,65,0.0,58.5,0.68
PT106788,F007,Bike,Member,2025-07-03,11,93,Credit Card,Paid,Two-Wheeler,25,5.0,50.0,0.67
PT106789,F005,Bike,Visitor,2025-02-11,12,136,Debit Card,Paid,Two-Wheeler,25,7.5,75.0,0.15
PT106790,F007,Bike,Member,2025-05-07,19,55,UPI,Paid,Two-Wheeler,25,2.5,25.0,0.97
PT106791,F008,SUV,Regular,2025-03-23,9,158,Debit Card,Failed,Open,65,0.0,195.0,0.7
PT106792,F005,Car,Regular,2025-08-21,8,153,UPI,Paid,Covered,50,0.0,142.5,0.89
PT106793,F006,EV Car,Member,2025-11-05,9,177,UPI,Paid,EV Parking,55,16.5,165.0,0.99
PT106794,F002,Car,Member,2025-07-11,16,159,Cash,Paid,Covered,50,7.12,142.5,0.73
PT106795,F002,Bike,Member,2025-01-01,7,108,Wallet,Paid,Two-Wheeler,25,2.5,50.0,0.61
PT106796,F008,SUV,Visitor,2025-12-28,12,292,Credit Card,Paid,Covered,65,15.44,308.75,0.32
PT106797,F003,Car,Visitor,2025-07-26,13,172,UPI,Paid,Open,50,13.5,135.0,0.6
PT106798,F001,Bike,Regular,2025-07-16,14,120,Wallet,Paid,Two-Wheeler,25,0.0,47.5,0.36
PT106799,F006,Car,Member,2025-10-10,6,134,Debit Card,Paid,Covered,50,6.38,127.5,0.48
PT106800,F005,Car,Visitor,2025-01-17,13,252,UPI,Paid,Open,50,0.0,225.0,0.47
PT106801,F008,Car,Regular,2025-11-15,10,285,Credit Card,Paid,Covered,50,0.0,237.5,0.84
PT106802,F006,Car,Regular,2025-06-18,9,50,Credit Card,Paid,Open,50,2.38,47.5,0.69
PT106803,F008,Car,Regular,2025-07-05,14,78,Credit Card,Paid,Covered,50,0.0,100.0,0.54
PT106804,F003,EV Car,Regular,2025-05-02,16,152,Cash,Paid,EV Parking,55,0.0,140.25,0.62
PT106805,F004,EV Car,Regular,2025-08-12,19,42,UPI,Paid,EV Parking,55,8.25,55.0,0.73
PT106806,F004,Car,Regular,2025-05-07,19,142,UPI,Paid,Covered,50,15.0,150.0,0.47
PT106807,F003,SUV,Regular,2025-06-15,13,376,UPI,Paid,Covered,65,0.0,455.0,0.68
PT106808,F005,Car,Visitor,2025-05-02,15,90,UPI,Paid,Open,50,17.0,85.0,0.56
PT106809,F007,Car,Member,2025-11-18,15,206,UPI,Paid,Covered,50,0.0,200.0,0.48
PT106810,F003,Car,Regular,2025-08-08,13,133,UPI,Pending,Open,50,13.5,135.0,0.52
PT106811,F008,EV Car,Member,2025-10-06,9,86,UPI,Paid,EV Parking,55,0.0,99.0,0.94
PT106812,F005,EV Car,Regular,2025-05-28,13,90,UPI,Paid,EV Parking,55,0.0,104.5,0.47
PT106813,F002,Car,Member,2025-10-19,22,448,UPI,Paid,Open,50,0.0,360.0,0.33
PT106814,F003,Car,Member,2025-09-04,14,24,UPI,Paid,Covered,50,0.0,50.0,0.42
PT106815,F005,Car,Regular,2025-07-07,12,133,Credit Card,Paid,Open,50,0.0,120.0,0.56
PT106816,F003,Bike,Member,2025-01-11,16,206,Credit Card,Paid,Two-Wheeler,25,0.0,95.0,0.55
PT106817,F003,Bike,Regular,2025-10-11,15,314,UPI,Paid,Two-Wheeler,25,6.38,127.5,0.29
PT106818,F007,Car,Visitor,2025-02-14,14,239,Credit Card,Paid,Covered,50,0.0,200.0,0.77
PT106819,F007,SUV,Regular,2025-05-04,15,132,Wallet,Paid,Covered,65,0.0,195.0,0.95
PT106820,F008,Car,Member,2025-09-04,14,55,Wallet,Paid,Covered,50,10.0,50.0,0.77
PT106821,F005,EV Car,Member,2025-12-03,20,233,UPI,Paid,EV Parking,55,9.9,198.0,0.84
PT106822,F005,Bike,Regular,2025-06-08,14,157,Debit Card,Paid,Two-Wheeler,25,11.25,75.0,0.45
PT106823,F001,Bike,Regular,2025-09-24,14,245,UPI,Paid,Two-Wheeler,25,0.0,125.0,0.65
PT106824,F003,SUV,Regular,2025-10-19,13,26,UPI,Paid,Covered,65,0.0,65.0,0.55
PT106825,F004,SUV,Regular,2025-03-19,14,96,UPI,Paid,Open,65,6.18,123.5,0.49
PT106826,F003,Car,Regular,2025-10-18,18,275,UPI,Paid,Covered,50,11.88,237.5,0.7
PT106827,F003,Car,Regular,2025-05-31,12,81,Credit Card,Paid,Open,50,0.0,95.0,0.36
PT106828,F005,EV Car,Member,2025-10-12,14,126,Debit Card,Paid,EV Parking,55,24.75,165.0,0.57
PT106829,F003,Car,Regular,2025-05-31,13,143,Debit Card,Paid,Open,50,6.38,127.5,0.64
PT106830,F006,Car,Regular,2025-05-04,13,95,UPI,Paid,Open,50,8.0,80.0,0.49
PT106831,F003,Bike,Member,2025-08-16,17,234,UPI,Paid,Two-Wheeler,25,0.0,100.0,0.74
PT106832,F006,SUV,Member,2025-09-29,11,44,UPI,Paid,Covered,65,3.25,65.0,0.61
PT106833,F007,SUV,Regular,2025-12-25,14,105,UPI,Paid,Covered,65,0.0,123.5,0.34
PT106834,F004,EV Car,Regular,2025-12-06,19,123,Wallet,Paid,EV Parking,55,33.0,165.0,0.66
PT106835,F008,Bike,Regular,2025-08-05,10,72,Debit Card,Pending,Two-Wheeler,25,0.0,45.0,0.63
PT106836,F005,Car,Regular,2025-05-27,6,176,Wallet,Paid,Open,50,0.0,135.0,0.69
PT106837,F003,Bike,Regular,2025-08-06,11,73,Debit Card,Paid,Two-Wheeler,25,0.0,50.0,0.64
PT106838,F006,SUV,Visitor,2025-04-06,19,104,UPI,Paid,Open,65,6.5,130.0,0.31
PT106839,F006,Car,Regular,2025-02-19,8,46,UPI,Pending,Open,50,9.5,47.5,0.7
PT106840,F007,Car,Member,2025-02-12,9,157,Credit Card,Paid,Open,50,22.5,150.0,0.97
PT106841,F006,Car,Regular,2025-01-19,12,126,UPI,Paid,Covered,50,12.75,127.5,0.37
PT106842,F008,Bike,Regular,2025-04-23,16,56,Cash,Paid,Two-Wheeler,25,4.25,21.25,0.15
PT106843,F002,SUV,Visitor,2025-08-01,16,278,Credit Card,Paid,Covered,65,32.5,325.0,0.65
PT106844,F001,Bike,Member,2025-01-18,8,143,UPI,Paid,Two-Wheeler,25,0.0,75.0,0.85
PT106845,F008,EV Car,Regular,2025-05-14,19,215,Debit Card,Pending,EV Parking,55,11.0,220.0,0.64
PT106846,F004,Car,Member,2025-10-18,11,197,Cash,Paid,Covered,50,0.0,200.0,0.38
PT106847,F008,EV Car,Member,2025-01-14,12,74,Credit Card,Paid,EV Parking,55,0.0,99.0,0.5
PT106848,F007,SUV,Regular,2025-03-05,13,24,Debit Card,Paid,Open,65,0.0,65.0,0.46
PT106849,F007,Car,Member,2025-06-12,15,183,UPI,Paid,Open,50,0.0,200.0,0.5
PT106850,F008,EV Car,Regular,2025-09-15,14,20,Credit Card,Paid,EV Parking,55,11.0,55.0,0.82
PT106851,F003,Car,Visitor,2025-01-06,19,158,UPI,Paid,Covered,50,30.0,150.0,0.74
PT106852,F002,SUV,Visitor,2025-12-21,14,122,UPI,Paid,Covered,65,0.0,195.0,0.39
PT106853,F003,SUV,Member,2025-05-01,18,118,Credit Card,Paid,Covered,65,12.35,123.5,0.85
PT106854,F003,SUV,Regular,2025-06-02,8,223,UPI,Paid,Open,65,0.0,208.0,0.84
PT106855,F008,Bike,Visitor,2025-11-25,18,371,Debit Card,Paid,Two-Wheeler,25,0.0,157.5,0.94
PT106856,F005,Car,Member,2025-06-27,10,63,Cash,Paid,Covered,50,0.0,100.0,0.72
PT106857,F005,Bike,Regular,2025-03-04,12,250,UPI,Paid,Two-Wheeler,25,0.0,118.75,0.59
PT106858,F005,Car,Visitor,2025-09-15,12,115,Debit Card,Paid,Covered,50,0.0,95.0,0.33
PT106859,F002,SUV,Member,2025-03-06,12,64,Credit Card,Paid,Covered,65,0.0,117.0,0.61
PT106860,F003,SUV,Visitor,2025-12-23,19,20,UPI,Paid,Covered,65,0.0,65.0,0.7
PT106861,F001,EV Car,Regular,2025-07-06,13,143,Debit Card,Paid,EV Parking,55,0.0,156.75,0.47
PT106862,F004,Car,Member,2025-08-15,11,432,Credit Card,Paid,Covered,50,60.0,400.0,0.57
PT106863,F005,SUV,Regular,2025-07-18,12,311,Credit Card,Paid,Open,65,0.0,351.0,0.58
PT106864,F005,EV Car,Member,2025-10-21,17,172,Wallet,Paid,EV Parking,55,0.0,140.25,0.65
PT106865,F007,SUV,Member,2025-09-08,14,188,Credit Card,Paid,Covered,65,0.0,247.0,0.43
PT106866,F003,Car,Regular,2025-11-14,13,72,Wallet,Paid,Covered,50,0.0,100.0,0.49
PT106867,F003,Car,Regular,2025-07-12,19,84,Credit Card,Paid,Open,50,0.0,90.0,0.99
PT106868,F002,Car,Regular,2025-04-29,19,213,UPI,Paid,Covered,50,0.0,170.0,0.96
PT106869,F002,Bike,Member,2025-06-28,16,79,Credit Card,Paid,Two-Wheeler,25,2.12,42.5,0.35
PT106870,F005,Bike,Regular,2025-02-21,14,159,UPI,Failed,Two-Wheeler,25,3.19,63.75,0.74
PT106871,F003,EV Car,Regular,2025-04-20,9,206,Credit Card,Paid,EV Parking,55,10.45,209.0,0.67
PT106872,F001,Car,Regular,2025-08-12,15,74,Debit Card,Paid,Open,50,4.25,85.0,0.57
PT106873,F004,Car,Regular,2025-11-26,17,337,Credit Card,Paid,Covered,50,0.0,300.0,0.57
PT106874,F008,Bike,Member,2025-04-08,18,179,UPI,Paid,Two-Wheeler,25,0.0,75.0,0.81
PT106875,F003,SUV,Member,2025-11-15,14,162,Credit Card,Paid,Covered,65,0.0,195.0,0.56
PT106876,F007,EV Car,Visitor,2025-02-17,15,108,UPI,Paid,EV Parking,55,0.0,110.0,0.59
PT106877,F008,SUV,Regular,2025-04-11,15,27,Debit Card,Paid,Open,65,0.0,65.0,0.35
PT106878,F003,Bike,Member,2025-08-28,18,109,Debit Card,Pending,Two-Wheeler,25,0.0,47.5,0.71
PT106879,F006,Bike,Regular,2025-03-15,7,399,Wallet,Paid,Two-Wheeler,25,7.88,157.5,0.24
PT106880,F002,SUV,Member,2025-02-07,14,204,UPI,Paid,Covered,65,0.0,260.0,0.7
PT106881,F007,Bike,Member,2025-08-04,12,136,Credit Card,Paid,Two-Wheeler,25,0.0,75.0,0.58
PT106882,F004,Car,Regular,2025-05-16,17,83,Credit Card,Paid,Covered,50,4.5,90.0,0.98
PT106883,F005,Car,Member,2025-01-06,9,49,Wallet,Paid,Open,50,0.0,50.0,0.81
PT106884,F007,Car,Visitor,2025-09-04,19,77,Debit Card,Paid,Covered,50,8.5,85.0,0.69
PT106885,F003,SUV,Visitor,2025-11-20,9,161,UPI,Paid,Covered,65,27.79,185.25,0.87
PT106886,F005,Car,Regular,2025-07-16,8,268,Credit Card,Paid,Covered,50,47.5,237.5,0.61
PT106887,F003,Car,Member,2025-04-21,12,20,Debit Card,Pending,Covered,50,0.0,50.0,0.43
PT106888,F005,Car,Member,2025-10-15,22,30,Debit Card,Paid,Open,50,0.0,50.0,0.49
PT106889,F004,Bike,Regular,2025-02-07,15,235,Cash,Paid,Two-Wheeler,25,5.0,100.0,0.65
PT106890,F002,Car,Regular,2025-04-25,7,85,UPI,Paid,Covered,50,5.0,100.0,0.45
PT106891,F004,Bike,Member,2025-07-04,11,88,Wallet,Paid,Two-Wheeler,25,2.5,50.0,0.19
PT106892,F006,Car,Regular,2025-07-31,10,480,UPI,Paid,Open,50,0.0,340.0,0.77
PT106893,F001,Car,Regular,2025-12-31,6,110,Wallet,Paid,Open,50,0.0,100.0,0.68
PT106894,F002,Bike,Visitor,2025-09-12,14,98,Cash,Paid,Two-Wheeler,25,0.0,50.0,0.58
PT106895,F004,Car,Visitor,2025-11-16,13,132,Debit Card,Paid,Covered,50,0.0,135.0,0.58
PT106896,F006,Car,Regular,2025-11-06,15,43,Debit Card,Paid,Covered,50,0.0,50.0,0.47
PT106897,F001,Car,Regular,2025-04-23,11,176,UPI,Paid,Open,50,22.5,150.0,0.51
PT106898,F006,SUV,Member,2025-09-27,17,135,UPI,Paid,Covered,65,0.0,195.0,0.74
PT106899,F003,Bike,Member,2025-11-16,13,42,UPI,Paid,Two-Wheeler,25,1.12,22.5,0.51
PT106900,F008,Car,Visitor,2025-06-24,13,92,UPI,Paid,Open,50,14.25,95.0,0.62
PT106901,F003,Car,Regular,2025-11-06,16,54,Credit Card,Paid,Covered,50,0.0,50.0,0.52
PT106902,F005,EV Car,Member,2025-01-19,10,237,UPI,Paid,EV Parking,55,0.0,209.0,0.74
PT106903,F002,Bike,Regular,2025-07-22,11,81,Cash,Paid,Two-Wheeler,25,2.5,50.0,0.65
PT106904,F003,Car,Visitor,2025-05-06,10,156,Credit Card,Paid,Covered,50,0.0,142.5,0.9
PT106905,F007,SUV,Member,2025-09-11,16,129,Debit Card,Paid,Open,65,0.0,175.5,0.66
PT106906,F006,SUV,Member,2025-11-12,9,160,Debit Card,Paid,Covered,65,19.5,195.0,0.99
PT106907,F002,SUV,Visitor,2025-09-12,13,64,UPI,Paid,Covered,65,12.35,123.5,0.62
PT106908,F008,Bike,Regular,2025-10-15,16,323,UPI,Paid,Two-Wheeler,25,15.0,150.0,0.48
PT106909,F007,Bike,Regular,2025-10-19,14,201,UPI,Paid,Two-Wheeler,25,20.0,100.0,0.6
PT106910,F003,Car,Member,2025-06-01,14,242,Debit Card,Paid,Open,50,0.0,250.0,0.44
PT106911,F005,EV Car,Visitor,2025-07-18,8,130,Credit Card,Paid,EV Parking,55,13.2,132.0,0.64
PT106912,F004,Bike,Regular,2025-07-18,16,94,UPI,Paid,Two-Wheeler,25,2.5,50.0,0.46
PT106913,F005,Car,Regular,2025-10-29,14,92,Cash,Paid,Covered,50,5.0,100.0,0.88
PT106914,F007,EV Car,Member,2025-06-24,15,26,UPI,Paid,EV Parking,55,4.95,49.5,0.43
PT106915,F001,EV Car,Regular,2025-09-27,16,66,Debit Card,Paid,EV Parking,55,11.0,110.0,0.81
PT106916,F003,EV Car,Member,2025-06-29,14,68,Credit Card,Paid,EV Parking,55,14.85,99.0,0.42
PT106917,F007,SUV,Member,2025-08-06,14,105,Debit Card,Paid,Covered,65,0.0,123.5,0.56
PT106918,F001,EV Car,Regular,2025-04-28,15,294,Wallet,Paid,EV Parking,55,13.75,275.0,0.81
PT106919,F001,Car,Member,2025-11-02,19,150,Debit Card,Paid,Covered,50,0.0,150.0,0.65
PT106920,F006,SUV,Visitor,2025-11-17,15,233,Credit Card,Paid,Covered,65,13.0,260.0,0.37
PT106921,F002,SUV,Member,2025-11-29,16,177,UPI,Paid,Covered,65,19.5,195.0,0.34
PT106922,F006,Car,Regular,2025-11-16,13,186,Cash,Failed,Covered,50,17.0,170.0,0.33
PT106923,F003,Car,Member,2025-01-23,14,105,Credit Card,Paid,Covered,50,0.0,95.0,0.51
PT106924,F001,EV Car,Regular,2025-05-05,10,49,UPI,Paid,EV Parking,55,0.0,52.25,0.65
PT106925,F008,Car,Member,2025-03-25,13,92,Debit Card,Paid,Covered,50,0.0,85.0,0.57
PT106926,F007,SUV,Regular,2025-07-18,10,138,UPI,Paid,Covered,65,0.0,195.0,0.61
PT106927,F004,Car,Regular,2025-11-22,13,222,UPI,Paid,Open,50,0.0,180.0,0.5
PT106928,F001,Car,Visitor,2025-07-06,8,134,Wallet,Paid,Covered,50,21.38,142.5,0.63
PT106929,F007,Bike,Regular,2025-11-25,14,291,Credit Card,Paid,Two-Wheeler,25,0.0,125.0,0.61
PT106930,F008,Car,Member,2025-04-02,12,272,UPI,Paid,Covered,50,50.0,250.0,0.54
PT106931,F004,Bike,Member,2025-11-26,17,44,Debit Card,Paid,Two-Wheeler,25,0.0,25.0,0.86
PT106932,F006,Bike,Regular,2025-07-01,12,185,Cash,Paid,Two-Wheeler,25,9.5,95.0,0.51
PT106933,F006,Car,Member,2025-08-15,19,93,UPI,Paid,Open,50,4.75,95.0,0.73
PT106934,F002,Car,Regular,2025-07-18,13,333,Debit Card,Paid,Covered,50,15.0,300.0,0.57
PT106935,F007,Car,Visitor,2025-08-23,17,246,Debit Card,Paid,Covered,50,12.5,250.0,0.61
PT106936,F001,Car,Regular,2025-02-13,12,30,UPI,Paid,Open,50,5.0,50.0,0.41
PT106937,F005,SUV,Regular,2025-03-17,13,245,Credit Card,Paid,Covered,65,48.75,325.0,0.68
PT106938,F006,Car,Visitor,2025-05-21,15,63,UPI,Paid,Covered,50,4.5,90.0,0.64
PT106939,F006,Car,Regular,2025-07-01,11,80,Debit Card,Paid,Open,50,0.0,100.0,0.58
PT106940,F002,Bike,Regular,2025-04-29,15,173,Cash,Paid,Two-Wheeler,25,0.0,75.0,0.32
PT106941,F004,Car,Regular,2025-02-09,12,86,UPI,Paid,Covered,50,8.5,85.0,0.39
PT106942,F002,Car,Visitor,2025-09-17,13,64,Cash,Paid,Covered,50,0.0,100.0,0.71
PT106943,F008,Car,Member,2025-09-01,7,90,Debit Card,Failed,Covered,50,0.0,85.0,0.56
PT106944,F001,SUV,Regular,2025-05-09,8,89,UPI,Paid,Covered,65,6.18,123.5,0.73
PT106945,F007,EV Car,Member,2025-01-06,11,28,Debit Card,Pending,EV Parking,55,0.0,52.25,0.68
PT106946,F003,SUV,Member,2025-11-07,17,130,UPI,Paid,Covered,65,19.5,195.0,0.99
PT106947,F003,Car,Regular,2025-03-07,15,127,Wallet,Paid,Open,50,12.0,120.0,0.66
PT106948,F007,Car,Regular,2025-08-07,18,480,Credit Card,Paid,Covered,50,32.0,320.0,0.9
PT106949,F004,Bike,Regular,2025-05-26,19,209,Debit Card,Paid,Two-Wheeler,25,10.0,100.0,0.74
PT106950,F008,SUV,Regular,2025-08-22,12,254,Debit Card,Paid,Covered,65,43.88,292.5,0.67
PT106951,F006,EV Car,Regular,2025-01-29,12,199,Credit Card,Paid,EV Parking,55,11.0,220.0,0.77
PT106952,F004,Car,Member,2025-11-05,17,70,Cash,Paid,Covered,50,19.0,95.0,0.78
PT106953,F006,Car,Regular,2025-06-10,13,41,Credit Card,Paid,Open,50,0.0,47.5,0.45
PT106954,F006,Bike,Regular,2025-05-11,18,272,Wallet,Paid,Two-Wheeler,25,5.0,100.0,0.78
PT106955,F003,SUV,Member,2025-05-28,14,129,Credit Card,Pending,Covered,65,19.5,195.0,0.54
PT106956,F004,SUV,Regular,2025-03-23,13,129,UPI,Paid,Open,65,0.0,175.5,0.32
PT106957,F008,Bike,Regular,2025-12-27,11,72,Wallet,Paid,Two-Wheeler,25,0.0,50.0,0.67
PT106958,F002,EV Car,Visitor,2025-12-08,9,116,Debit Card,Paid,EV Parking,55,5.5,110.0,0.81
PT106959,F006,Bike,Regular,2025-03-24,14,128,Debit Card,Paid,Two-Wheeler,25,0.0,75.0,0.31
PT106960,F005,EV Car,Member,2025-03-14,12,128,Wallet,Paid,EV Parking,55,22.28,148.5,0.52
PT106961,F005,EV Car,Visitor,2025-12-21,11,188,UPI,Paid,EV Parking,55,0.0,187.0,0.37
PT106962,F002,SUV,Regular,2025-08-02,10,224,Credit Card,Paid,Covered,65,0.0,260.0,0.67
PT106963,F005,Car,Regular,2025-01-26,13,150,UPI,Paid,Covered,50,7.5,150.0,0.81
PT106964,F001,Car,Regular,2025-10-17,14,140,Debit Card,Paid,Covered,50,0.0,150.0,0.57
PT106965,F006,Bike,Regular,2025-03-12,17,323,Cash,Paid,Two-Wheeler,25,0.0,150.0,0.72
PT106966,F002,Bike,Regular,2025-12-16,17,113,Wallet,Paid,Two-Wheeler,25,2.12,42.5,0.52
PT106967,F004,SUV,Regular,2025-06-26,18,33,Credit Card,Paid,Open,65,0.0,65.0,0.83
PT106968,F006,Car,Visitor,2025-03-30,14,103,Debit Card,Paid,Covered,50,0.0,90.0,0.52
PT106969,F002,Car,Visitor,2025-06-26,14,91,Wallet,Pending,Covered,50,5.0,100.0,0.47
PT106970,F003,SUV,Regular,2025-01-27,19,248,Debit Card,Paid,Covered,65,16.25,325.0,0.68
PT106971,F008,Car,Visitor,2025-10-16,12,124,UPI,Paid,Covered,50,15.0,150.0,0.71
PT106972,F004,Car,Member,2025-11-24,10,117,Credit Card,Paid,Covered,50,0.0,100.0,0.95
PT106973,F008,Car,Member,2025-11-01,8,243,Wallet,Failed,Open,50,0.0,250.0,0.87
PT106974,F003,Bike,Regular,2025-03-04,18,170,,Paid,Two-Wheeler,25,12.0,60.0,0.52
PT106975,F006,Car,Regular,2025-01-19,12,144,Debit Card,Paid,Covered,50,6.75,135.0,0.49
PT106976,F004,SUV,Member,2025-10-05,14,22,Cash,Paid,Open,65,0.0,52.0,0.74
PT106977,F008,Bike,Regular,2025-12-12,17,188,UPI,Paid,Two-Wheeler,25,10.0,100.0,0.71
PT106978,F005,EV Car,Member,2025-03-08,12,38,UPI,Paid,EV Parking,55,0.0,55.0,0.41
PT106979,F008,Bike,Regular,2025-08-26,18,149,Wallet,Paid,Two-Wheeler,25,6.38,63.75,0.66
PT106980,F002,Car,Visitor,2025-05-17,12,95,UPI,Paid,Covered,50,9.5,95.0,0.72
PT106981,F006,Car,Regular,2025-06-12,16,28,UPI,Paid,Covered,50,10.0,50.0,0.3
PT106982,F001,Car,Regular,2025-11-23,15,89,Credit Card,Paid,Covered,50,20.0,100.0,0.52
PT106983,F008,Bike,Visitor,2025-12-01,11,242,Credit Card,Paid,Two-Wheeler,25,0.0,125.0,0.28
PT106984,F004,Car,Regular,2025-10-20,9,116,Credit Card,Paid,Covered,50,10.0,100.0,0.83
PT106985,F004,Car,Regular,2025-01-28,9,174,UPI,Paid,Open,50,0.0,127.5,0.99
PT106986,F007,Bike,Regular,2025-09-13,15,230,Wallet,Paid,Two-Wheeler,25,4.5,90.0,0.52
PT106987,F008,Car,Visitor,2025-10-18,6,131,Wallet,Paid,Covered,50,7.5,150.0,0.49
PT106988,F006,Car,Regular,2025-04-22,15,167,UPI,Paid,Open,50,0.0,150.0,0.46
PT106989,F006,SUV,Regular,2025-08-28,16,293,Credit Card,Paid,Covered,65,0.0,276.25,0.5
PT106990,F003,EV Car,Regular,2025-08-31,12,335,Debit Card,Paid,EV Parking,55,0.0,330.0,0.56
PT106991,F007,Car,Regular,2025-06-02,16,194,Debit Card,Paid,Open,50,0.0,200.0,0.62
PT106992,F008,Car,Regular,2025-09-22,10,149,UPI,Paid,Covered,50,0.0,127.5,0.74
PT106993,F005,EV Car,Regular,2025-02-21,20,156,UPI,Paid,EV Parking,55,22.28,148.5,0.86
PT106994,F003,Car,Member,2025-09-22,11,124,UPI,Paid,Covered,50,0.0,150.0,0.5
PT106995,F007,EV Car,Regular,2025-02-23,13,72,UPI,Paid,EV Parking,55,10.45,104.5,0.64
PT106996,F008,Car,Regular,2025-05-13,21,71,Credit Card,Failed,Open,50,10.0,100.0,0.66
PT106997,F008,SUV,Regular,2025-07-10,19,115,Debit Card,Paid,Covered,65,13.0,130.0,0.71
PT106998,F003,Car,Regular,2025-05-04,15,396,Debit Card,Paid,Covered,50,0.0,332.5,0.64
PT106999,F005,EV Car,Member,2025-08-06,12,61,Debit Card,Paid,EV Parking,55,16.5,110.0,0.59
PT107000,F007,Car,Member,2025-12-31,15,71,UPI,Paid,Open,50,9.5,95.0,0.7
PT107001,F008,Bike,Member,2025-11-18,13,341,Debit Card,Paid,Two-Wheeler,25,15.0,150.0,0.64
PT107002,F008,Car,Member,2025-10-28,9,114,UPI,Paid,Covered,50,13.5,90.0,0.69
PT107003,F007,Car,Member,2025-03-12,17,76,Credit Card,Paid,Covered,50,5.0,100.0,0.99
PT107004,F001,SUV,Regular,2025-08-02,18,83,Debit Card,Paid,Open,65,0.0,117.0,0.81
PT107005,F003,Bike,Visitor,2025-12-28,13,92,Debit Card,Paid,Two-Wheeler,25,7.12,47.5,0.45
PT107006,F003,EV Car,Regular,2025-02-02,15,144,Credit Card,Paid,EV Parking,55,0.0,165.0,0.66
PT107007,F004,Bike,Regular,2025-12-02,7,137,Debit Card,Paid,Two-Wheeler,25,7.5,75.0,0.59
PT107008,F005,SUV,Regular,2025-06-20,10,43,Wallet,Paid,Covered,65,0.0,65.0,0.68
PT107009,F002,Bike,Visitor,2025-12-10,14,166,Credit Card,Paid,Two-Wheeler,25,0.0,75.0,0.56
PT107010,F001,EV Car,Visitor,2025-12-16,11,93,Debit Card,Paid,EV Parking,55,0.0,110.0,0.84
PT107011,F007,EV Car,Member,2025-10-28,20,199,Wallet,Paid,EV Parking,55,0.0,220.0,0.66
PT107012,F007,Car,Member,2025-10-18,17,43,Debit Card,Failed,Open,50,10.0,50.0,0.66
PT107013,F007,SUV,Member,2025-08-25,15,129,Credit Card,Paid,Open,65,0.0,195.0,0.83
PT107014,F001,SUV,Regular,2025-12-03,22,426,UPI,Paid,Open,65,52.0,520.0,0.34
PT107015,F008,Car,Regular,2025-04-12,11,90,UPI,Paid,Open,50,0.0,90.0,0.36
PT107016,F007,Bike,Member,2025-01-10,19,139,Credit Card,Paid,Two-Wheeler,25,12.75,63.75,0.78
PT107017,F007,Car,Visitor,2025-02-10,12,74,Debit Card,Paid,Covered,50,0.0,90.0,0.53
PT107018,F005,SUV,Regular,2025-05-06,14,71,Credit Card,Paid,Covered,65,0.0,130.0,0.77
PT107019,F006,Car,Visitor,2025-09-30,13,94,Wallet,Paid,Open,50,0.0,95.0,0.78
PT107020,F006,Car,Member,2025-11-23,13,77,UPI,Paid,Covered,50,4.25,85.0,0.81
PT107021,F004,Car,Member,2025-01-11,16,96,Debit Card,Paid,Covered,50,20.0,100.0,0.69
PT107022,F004,Bike,Member,2025-11-15,12,279,UPI,Pending,Two-Wheeler,25,21.25,106.25,0.39
PT107023,F007,SUV,Member,2025-07-14,14,84,Credit Card,Paid,Open,65,0.0,110.5,0.34
PT107024,F005,EV Car,Regular,2025-01-20,11,195,Cash,Paid,EV Parking,55,0.0,187.0,0.54
PT107025,F007,Bike,Member,2025-09-30,16,28,UPI,Paid,Two-Wheeler,25,0.0,20.0,0.41
PT107026,F004,Car,Regular,2025-08-23,14,197,UPI,Paid,Covered,50,0.0,180.0,0.42
PT107027,F001,SUV,Member,2025-08-15,11,20,Credit Card,Paid,Open,65,3.09,61.75,0.44
PT107028,F001,Bike,Member,2025-08-15,11,158,Credit Card,Paid,Two-Wheeler,25,0.0,67.5,0.56
PT107029,F008,Bike,Regular,2025-12-20,12,343,Debit Card,Paid,Two-Wheeler,25,7.5,150.0,0.7
PT107030,F002,Car,Visitor,2025-12-07,15,156,Wallet,Paid,Covered,50,22.5,150.0,0.34
PT107031,F006,Bike,Regular,2025-09-29,14,44,UPI,Paid,Two-Wheeler,25,0.0,25.0,0.55
PT107032,F005,Car,Visitor,2025-10-06,17,74,Credit Card,Pending,Open,50,0.0,85.0,0.99
PT107033,F003,SUV,Regular,2025-05-04,14,210,Debit Card,Paid,Open,65,0.0,260.0,0.23
PT107034,F006,Bike,Regular,2025-07-14,12,172,Wallet,Paid,Two-Wheeler,25,0.0,75.0,0.72
PT107035,F003,SUV,Regular,2025-03-12,20,139,Wallet,Paid,Covered,65,0.0,185.25,0.41
PT107036,F002,Bike,Member,2025-08-20,18,20,Debit Card,Paid,Two-Wheeler,25,1.25,25.0,0.7
PT107037,F002,Car,Member,2025-06-22,11,288,Credit Card,Paid,Covered,50,0.0,250.0,0.33
PT107038,F007,SUV,Regular,2025-07-22,19,92,UPI,Paid,Covered,65,11.7,117.0,0.79
PT107039,F004,Bike,Regular,2025-02-02,16,78,UPI,Paid,Two-Wheeler,25,7.5,50.0,0.62
PT107040,F002,Car,Member,2025-07-30,13,121,Credit Card,Paid,Covered,50,22.5,150.0,0.65
PT107041,F002,Bike,Member,2025-10-28,13,120,Debit Card,Paid,Two-Wheeler,25,2.5,50.0,0.37
PT107042,F003,Car,Regular,2025-07-01,13,172,Debit Card,Paid,Covered,50,0.0,135.0,0.44
PT107043,F004,SUV,Regular,2025-08-29,17,128,Debit Card,Paid,Covered,65,0.0,185.25,0.71
PT107044,F002,Bike,Regular,2025-02-20,10,71,Credit Card,Paid,Two-Wheeler,25,0.0,47.5,0.62
PT107045,F006,SUV,Visitor,2025-12-09,8,156,Debit Card,Paid,Covered,65,39.0,195.0,0.63
PT107046,F008,Car,Regular,2025-01-29,14,171,UPI,Paid,Covered,50,25.5,127.5,0.77
PT107047,F002,Car,Regular,2025-01-06,12,69,UPI,Paid,Covered,50,0.0,100.0,0.43
PT107048,F008,EV Car,Visitor,2025-05-13,14,23,UPI,Paid,EV Parking,55,0.0,44.0,0.48
PT107049,F004,SUV,Regular,2025-04-06,21,60,Cash,Paid,Covered,65,0.0,65.0,0.93
PT107050,F007,Car,Regular,2025-12-12,15,98,UPI,Paid,Open,50,0.0,85.0,0.77
PT107051,F005,Car,Regular,2025-03-23,20,44,Cash,Paid,Open,50,9.5,47.5,0.65
PT107052,F004,Car,Regular,2025-10-04,16,33,UPI,Paid,Covered,50,0.0,50.0,0.48
PT107053,F003,Bike,Regular,2025-11-11,8,84,Credit Card,Paid,Two-Wheeler,25,0.0,40.0,0.48
PT107054,F005,SUV,Member,2025-08-05,18,236,Wallet,Paid,Open,65,0.0,260.0,0.9
PT107055,F006,SUV,Regular,2025-10-07,10,215,Credit Card,Paid,Covered,65,0.0,234.0,0.97
PT107056,F001,Bike,Member,2025-05-11,18,56,UPI,Paid,Two-Wheeler,25,0.0,23.75,0.78
PT107057,F008,SUV,Member,2025-03-27,16,144,UPI,Paid,Covered,65,29.25,195.0,0.51
PT107058,F008,Bike,Regular,2025-11-24,17,96,Wallet,Paid,Two-Wheeler,25,0.0,50.0,0.9
PT107059,F008,Car,Visitor,2025-11-09,11,59,Credit Card,Paid,Covered,50,2.5,50.0,0.75
PT107060,F004,Bike,,2025-04-03,17,135,Credit Card,Paid,Two-Wheeler,25,0.0,75.0,0.97
PT107061,F008,EV Car,Member,2025-03-12,15,71,Credit Card,Pending,EV Parking,55,0.0,110.0,0.53
PT107062,F007,SUV,Regular,2025-11-22,8,94,UPI,Pending,Covered,65,0.0,130.0,0.92
PT107063,F008,Bike,Regular,2025-11-22,18,110,UPI,Pending,Two-Wheeler,25,0.0,50.0,0.71
PT107064,F003,Bike,Member,2025-11-28,18,87,Debit Card,Paid,Two-Wheeler,25,0.0,50.0,0.98
PT107065,F006,EV Car,Member,2025-07-10,14,49,Debit Card,Paid,EV Parking,55,0.0,55.0,0.24
PT107066,F008,Bike,Regular,2025-08-02,13,142,UPI,Paid,Two-Wheeler,25,7.5,75.0,0.15
PT107067,F008,Car,Regular,2025-02-16,13,105,Debit Card,Paid,Covered,50,10.0,100.0,0.6
PT107068,F005,EV Car,Member,2025-08-06,14,35,Cash,Paid,EV Parking,55,8.25,55.0,0.46
PT107069,F006,SUV,Member,2025-03-30,17,207,Wallet,Paid,Covered,65,0.0,260.0,0.53
PT107070,F008,Car,Regular,2025-10-02,14,96,UPI,Paid,Open,50,10.0,100.0,0.47
PT107071,F004,Bike,Member,2025-08-15,9,55,UPI,Paid,Two-Wheeler,25,1.19,23.75,0.66
PT107072,F002,Car,Member,2025-08-05,12,79,Cash,Paid,Covered,50,0.0,80.0,0.42
PT107073,F007,Car,Regular,2025-08-28,15,80,UPI,Paid,Covered,50,0.0,95.0,0.54
PT107074,F004,EV Car,Visitor,2025-10-28,15,219,UPI,Paid,EV Parking,55,0.0,187.0,0.59
PT107075,F001,Car,Member,2025-12-07,14,290,Cash,Paid,Open,50,25.0,250.0,0.76
PT107076,F004,SUV,Regular,2025-06-19,11,26,UPI,Pending,Covered,65,0.0,65.0,0.55
PT107077,F005,Car,Regular,2025-12-31,11,178,UPI,Paid,Open,50,0.0,135.0,0.29
PT107078,F005,Bike,Visitor,2025-08-20,13,70,Credit Card,Paid,Two-Wheeler,25,10.0,50.0,0.46
PT107079,F008,Car,Member,2025-04-18,13,412,Cash,Paid,Open,50,0.0,315.0,0.15
PT107080,F004,SUV,Regular,2025-11-24,12,368,UPI,Paid,Covered,65,91.0,455.0,0.65
PT107081,F005,Bike,Regular,2025-08-21,17,173,Cash,Paid,Two-Wheeler,25,7.5,75.0,0.72
PT107082,F002,Bike,Visitor,2025-06-19,14,215,Credit Card,Paid,Two-Wheeler,25,10.0,100.0,0.62
PT107083,F006,Car,Regular,2025-05-15,14,51,Credit Card,Paid,Covered,50,4.75,47.5,0.62
PT107084,F004,Car,Regular,2025-05-11,13,96,UPI,Pending,Covered,50,0.0,100.0,0.54
PT107085,F007,Car,Regular,2025-02-06,15,119,UPI,Paid,Covered,50,5.0,100.0,0.65
PT107086,F002,Car,Regular,2025-09-16,10,108,Debit Card,Paid,Open,50,8.5,85.0,0.74
PT107087,F008,Bike,Regular,2025-05-04,20,144,Credit Card,Paid,Two-Wheeler,25,7.12,71.25,0.93
PT107088,F006,Bike,Regular,2025-09-20,9,132,Wallet,Paid,Two-Wheeler,25,0.0,75.0,0.61
PT107089,F007,Bike,Regular,2025-12-19,16,182,Credit Card,Paid,Two-Wheeler,25,0.0,100.0,0.68
PT107090,F008,Bike,Regular,2025-08-05,15,274,Credit Card,Paid,Two-Wheeler,25,0.0,118.75,0.59
PT107091,F007,Car,Regular,2025-06-19,9,131,UPI,Paid,Covered,50,0.0,150.0,0.69
PT107092,F008,Car,Visitor,2025-04-08,22,125,Debit Card,Paid,Covered,50,7.5,150.0,0.51
PT107093,F007,Car,Visitor,2025-12-24,7,174,Credit Card,Paid,Covered,50,15.0,150.0,0.28
PT107094,F006,SUV,Regular,2025-07-05,12,140,UPI,Paid,Covered,65,19.5,195.0,0.17
PT107095,F002,Bike,Regular,2025-08-01,13,247,Cash,Paid,Two-Wheeler,25,5.62,112.5,0.52
PT107096,F007,Car,Regular,2025-12-24,17,307,Credit Card,Paid,Open,50,0.0,270.0,0.8
PT107097,F007,Car,Member,2025-11-08,7,154,Credit Card,Paid,Open,50,0.0,135.0,0.63
PT107098,F003,SUV,Member,2025-08-20,14,48,Credit Card,Paid,Covered,65,0.0,65.0,0.61
PT107099,F004,SUV,Regular,2025-06-16,11,165,Debit Card,Paid,Open,65,0.0,195.0,0.57
PT107100,F006,Bike,Member,2025-11-02,14,63,UPI,Paid,Two-Wheeler,25,0.0,40.0,0.75
PT107101,F008,Car,Regular,2025-06-10,15,173,UPI,Paid,Covered,50,0.0,135.0,0.66
PT107102,F006,Car,Regular,2025-10-11,7,88,Cash,Paid,Open,50,0.0,90.0,0.53
PT107103,F005,EV Car,Regular,2025-07-03,8,220,UPI,Paid,EV Parking,55,10.45,209.0,0.78
PT107104,F008,SUV,Member,2025-01-25,8,65,Debit Card,Paid,Covered,65,0.0,130.0,0.99
PT107105,F006,Car,Member,2025-05-22,18,148,UPI,Paid,Covered,50,0.0,150.0,0.81
PT107106,F002,SUV,Member,2025-07-02,19,252,UPI,Paid,Covered,65,0.0,325.0,0.82
PT107107,F008,SUV,Member,2025-03-25,13,134,UPI,Paid,Covered,65,9.26,185.25,0.56
PT107108,F008,Car,Visitor,2025-08-19,18,234,Credit Card,Paid,Open,50,10.0,200.0,0.93
PT107109,F006,Bike,Member,2025-08-11,13,333,Debit Card,Paid,Two-Wheeler,25,0.0,150.0,0.4
PT107110,F008,Car,Member,2025-06-07,13,242,UPI,Paid,Covered,50,0.0,225.0,0.53
PT107111,F003,Car,Member,2025-11-14,14,111,UPI,Paid,Open,50,20.0,100.0,0.34
PT107112,F004,SUV,Regular,2025-07-04,17,109,Wallet,Paid,Open,65,6.5,130.0,0.67
PT107113,F008,Car,Regular,2025-07-02,11,81,Credit Card,Paid,Covered,50,4.5,90.0,0.41
PT107114,F004,SUV,Member,2025-03-26,12,291,Cash,Paid,Covered,65,0.0,325.0,0.36
PT107115,F006,EV Car,Visitor,2025-03-06,17,108,Wallet,Paid,EV Parking,55,10.45,104.5,0.61
PT107116,F007,Car,Regular,2025-02-21,19,170,Wallet,Paid,Covered,50,22.5,150.0,0.87
PT107117,F001,Bike,Member,2025-01-03,9,141,Cash,Paid,Two-Wheeler,25,0.0,75.0,0.74
PT107118,F001,SUV,Regular,2025-03-18,15,154,UPI,Paid,Covered,65,9.75,195.0,0.35
PT107119,F007,SUV,Regular,2025-05-15,6,215,Wallet,Paid,Open,65,0.0,208.0,0.47
PT107120,F007,SUV,Member,2025-11-22,11,65,Cash,Paid,Covered,65,6.5,130.0,0.58
PT107121,F007,Car,Regular,2025-03-11,8,132,Cash,Paid,Covered,50,0.0,127.5,0.78
PT107122,F002,Bike,Member,2025-06-11,14,91,UPI,Paid,Two-Wheeler,25,0.0,50.0,0.61
PT107123,F001,Bike,Regular,2025-04-06,12,70,Wallet,Pending,Two-Wheeler,25,8.0,40.0,0.28
PT107124,F007,EV Car,Regular,2025-01-16,9,130,Debit Card,Paid,EV Parking,55,24.75,165.0,0.99
PT107125,F002,Car,Regular,2025-08-18,6,225,Debit Card,Paid,Open,50,0.0,200.0,0.55
PT107126,F005,EV Car,Visitor,2025-09-24,13,114,UPI,Pending,EV Parking,55,19.8,99.0,0.39
PT107127,F008,Car,Member,2025-11-02,12,73,UPI,Paid,Open,50,0.0,100.0,0.39
PT107128,F002,EV Car,Member,2025-12-09,7,38,Wallet,Paid,EV Parking,55,0.0,52.25,0.68
PT107129,F001,Bike,Regular,2025-01-06,18,267,Credit Card,Paid,Two-Wheeler,25,17.81,118.75,0.51
PT107130,F006,Bike,Member,2025-04-20,13,145,UPI,Paid,Two-Wheeler,25,0.0,71.25,0.56
PT107131,F005,Bike,Member,2025-05-23,16,118,Cash,Paid,Two-Wheeler,25,0.0,45.0,0.15
PT107132,F001,Car,Regular,2025-06-04,13,38,UPI,Paid,Open,50,2.5,50.0,0.26
PT107133,F008,Car,Member,2025-07-26,8,100,UPI,Paid,Covered,50,0.0,85.0,0.57
PT107134,F002,Car,Regular,2025-06-15,13,68,UPI,Paid,Covered,50,0.0,80.0,0.28
PT107135,F003,Car,Member,2025-09-17,18,71,UPI,Paid,Covered,50,0.0,95.0,0.74
PT107136,F004,Car,Member,2025-06-22,6,102,UPI,Paid,Covered,50,4.75,95.0,0.49
PT107137,F008,SUV,Regular,2025-05-01,18,50,UPI,Paid,Covered,65,0.0,52.0,0.61
PT107138,F001,Bike,Member,2025-05-20,15,114,UPI,Paid,Two-Wheeler,25,0.0,50.0,0.35
PT107139,F007,Car,Visitor,2025-06-17,22,369,Debit Card,Paid,Covered,50,35.0,350.0,0.73
PT107140,F002,SUV,,2025-03-25,19,93,Wallet,Paid,Covered,65,0.0,130.0,0.79
PT107141,F007,Bike,Regular,2025-07-13,18,182,Credit Card,Paid,Two-Wheeler,25,0.0,100.0,0.63
PT107142,F007,EV Car,Regular,2025-10-03,7,71,UPI,Paid,EV Parking,55,9.35,93.5,0.33
PT107143,F007,Bike,Member,2025-09-25,12,94,UPI,Paid,Two-Wheeler,25,5.0,50.0,0.53
PT107144,F007,Car,Regular,2025-02-07,12,144,Cash,Paid,Covered,50,0.0,150.0,0.69
PT107145,F007,Bike,Regular,2025-10-30,15,227,Wallet,Paid,Two-Wheeler,25,15.0,100.0,0.43
PT107146,F005,Bike,Member,2025-12-04,15,149,UPI,Paid,Two-Wheeler,25,7.5,75.0,0.61
PT107147,F001,Car,Visitor,2025-08-30,10,125,UPI,Paid,Covered,50,0.0,150.0,0.99
PT107148,F008,Car,Member,2025-11-26,16,123,Credit Card,Paid,Open,50,15.0,150.0,0.33
PT107149,F001,Car,Member,2025-07-18,10,41,Debit Card,Paid,Covered,50,5.0,50.0,0.99
PT107150,F008,Car,Regular,2025-10-25,13,26,Credit Card,Paid,Covered,50,2.5,50.0,0.46
PT107151,F004,Bike,Member,2025-01-05,14,224,Debit Card,Paid,Two-Wheeler,25,4.5,90.0,0.5
PT107152,F002,Bike,Regular,2025-12-21,18,217,Debit Card,Paid,Two-Wheeler,25,10.0,100.0,0.99
PT107153,F003,Car,Visitor,2025-04-13,15,113,Wallet,Paid,Open,50,19.0,95.0,0.62
PT107154,F005,Bike,Visitor,2025-05-18,20,480,UPI,Paid,Two-Wheeler,25,10.0,200.0,0.99
PT107155,F002,Bike,Regular,2025-10-20,22,22,Wallet,Paid,Two-Wheeler,25,2.5,25.0,0.63
PT107156,F005,Car,Visitor,2025-03-07,14,159,UPI,Pending,Open,50,15.0,150.0,0.37
PT107157,F008,Car,Regular,2025-03-08,8,102,Debit Card,Paid,Covered,50,15.0,100.0,0.63
PT107158,F001,Car,Member,2025-09-27,7,165,Credit Card,Paid,Open,50,28.5,142.5,0.33
PT107159,F007,Car,Regular,2025-02-16,18,41,Credit Card,Paid,Open,50,0.0,45.0,0.73
PT107160,F004,Car,Regular,2025-12-31,14,127,Debit Card,Paid,Open,50,0.0,135.0,0.41
PT107161,F004,Car,Regular,2025-06-29,12,51,UPI,Paid,Covered,50,2.25,45.0,0.74
PT107162,F006,Bike,Regular,2025-03-09,12,209,UPI,Paid,Two-Wheeler,25,0.0,100.0,0.54
PT107163,F003,Bike,Regular,2025-04-25,12,118,Credit Card,Paid,Two-Wheeler,25,2.38,47.5,0.48
PT107164,F004,Car,Regular,2025-01-26,8,166,Credit Card,Paid,Open,50,15.0,150.0,0.99
PT107165,F007,Car,Visitor,2025-02-16,12,62,UPI,Paid,Covered,50,13.5,90.0,0.27
PT107166,F001,Bike,Regular,2025-07-26,15,29,Wallet,Paid,Two-Wheeler,25,0.0,25.0,0.66
PT107167,F003,SUV,Member,2025-03-14,13,145,UPI,Failed,Covered,65,16.58,165.75,0.6
PT107168,F008,SUV,Regular,2025-09-16,20,153,UPI,Paid,Covered,65,0.0,185.25,0.87
PT107169,F002,Bike,Member,2025-01-30,15,82,UPI,Paid,Two-Wheeler,25,0.0,50.0,0.55
PT107170,F008,Car,Regular,2025-01-03,18,135,Credit Card,Paid,Covered,50,0.0,150.0,0.99
PT107171,F007,Car,Member,2025-01-09,9,110,UPI,Pending,Open,50,0.0,90.0,0.56
PT107172,F007,SUV,Member,2025-01-08,13,255,Credit Card,Paid,Open,65,0.0,325.0,0.41
PT107173,F004,Car,Member,2025-01-09,7,20,UPI,Paid,Covered,50,5.0,50.0,0.46
PT107174,F003,EV Car,Member,2025-06-01,18,277,UPI,Pending,EV Parking,55,13.75,275.0,0.56
PT107175,F001,Bike,Regular,2025-05-22,10,129,Debit Card,Paid,Two-Wheeler,25,0.0,71.25,0.91
PT107176,F008,Bike,Regular,2025-12-02,17,68,Debit Card,Paid,Two-Wheeler,25,0.0,50.0,0.9
PT107177,F006,Car,Visitor,2025-10-01,19,176,UPI,Paid,Covered,50,0.0,150.0,0.99
PT107178,F008,Bike,Regular,2025-01-27,13,114,UPI,Pending,Two-Wheeler,25,9.5,47.5,0.59
PT107179,F005,Bike,Member,2025-12-14,13,138,Cash,Paid,Two-Wheeler,25,11.25,75.0,0.26
PT107180,F005,Car,Regular,2025-03-12,14,79,UPI,Pending,Open,50,0.0,90.0,0.78
PT107181,F001,Car,Regular,2025-08-07,16,169,Wallet,Paid,Covered,50,0.0,142.5,0.41
PT107182,F001,SUV,Regular,2025-10-17,15,55,Credit Card,Paid,Open,65,0.0,65.0,0.48
PT107183,F005,Bike,Regular,2025-09-13,6,106,UPI,Pending,Two-Wheeler,25,2.12,42.5,0.69
PT107184,F006,Car,Member,2025-04-13,16,176,Debit Card,Paid,Covered,50,0.0,142.5,0.44
PT107185,F003,Car,Regular,2025-05-27,10,24,Cash,Paid,Open,50,0.0,50.0,0.64
PT107186,F005,SUV,Regular,2025-06-07,13,355,UPI,Paid,Open,65,0.0,351.0,0.41
PT107187,F001,SUV,Regular,2025-12-14,12,100,UPI,Paid,Covered,65,0.0,130.0,0.56
PT107188,F004,Bike,Visitor,2025-05-20,19,76,Credit Card,Paid,Two-Wheeler,25,0.0,45.0,0.87
PT107189,F002,Bike,Regular,2025-05-23,14,113,Wallet,Paid,Two-Wheeler,25,0.0,50.0,0.57
PT107190,F006,Bike,Regular,2025-04-19,14,66,Debit Card,Paid,Two-Wheeler,25,2.5,50.0,0.49
PT107191,F007,Bike,Regular,2025-12-25,8,220,UPI,Paid,Two-Wheeler,25,0.0,95.0,0.89
PT107192,F006,Car,Member,2025-11-16,18,96,UPI,Paid,Covered,50,0.0,100.0,0.74
PT107193,F004,EV Car,Regular,2025-03-05,11,315,UPI,Paid,EV Parking,55,14.02,280.5,0.72
PT107194,F004,Bike,Regular,2025-09-28,13,111,UPI,Paid,Two-Wheeler,25,0.0,45.0,0.33
PT107195,F007,Car,Regular,2025-07-05,21,68,UPI,Paid,Covered,50,10.0,100.0,0.77
PT107196,F008,Bike,Regular,2025-12-22,9,53,Debit Card,Paid,Two-Wheeler,25,5.0,25.0,0.48
PT107197,F001,SUV,Regular,2025-11-19,16,310,UPI,Paid,Open,65,0.0,390.0,0.45
PT107198,F005,Car,Member,2025-01-01,11,214,UPI,Paid,Covered,50,28.5,190.0,0.4
PT107199,F008,Car,Member,2025-01-07,13,346,Debit Card,Paid,Covered,50,28.5,285.0,0.37
PT107200,F003,Bike,Regular,2025-01-01,13,145,UPI,Paid,Two-Wheeler,25,3.75,75.0,0.35
PT107201,F006,Car,Visitor,2025-09-18,19,142,UPI,Paid,Open,50,0.0,150.0,0.66
PT107202,F007,SUV,Regular,2025-02-16,6,179,UPI,Paid,Covered,65,0.0,185.25,0.63
PT107203,F006,Car,Visitor,2025-12-22,12,49,UPI,Paid,Open,50,0.0,50.0,0.24
PT107204,F008,SUV,Member,2025-09-23,18,178,Cash,Paid,Covered,65,31.2,156.0,0.99
PT107205,F004,Car,Member,2025-01-02,19,163,Debit Card,Paid,Covered,50,7.12,142.5,0.73
PT107206,F005,Car,Regular,2025-01-23,12,54,UPI,Paid,Covered,50,0.0,50.0,0.54
PT107207,F006,SUV,Visitor,2025-12-25,11,313,UPI,Paid,Covered,65,0.0,390.0,0.29
PT107208,F003,Bike,Member,2025-10-30,13,162,UPI,Paid,Two-Wheeler,25,0.0,75.0,0.26
PT107209,F004,Car,Member,2025-03-25,16,20,Credit Card,Pending,Covered,50,0.0,45.0,0.2
PT107210,F003,Car,Member,2025-07-23,10,146,Credit Card,Paid,Covered,50,7.5,150.0,0.9
PT107211,F005,Bike,Member,2025-08-15,16,113,Credit Card,Paid,Two-Wheeler,25,0.0,45.0,0.76
PT107212,F006,Bike,Regular,2025-09-09,14,350,UPI,Paid,Two-Wheeler,25,15.0,150.0,0.26
PT107213,F002,EV Car,Regular,2025-11-01,10,62,UPI,Paid,EV Parking,55,5.5,110.0,0.75
PT107214,F008,EV Car,Regular,2025-05-31,15,149,Debit Card,Paid,EV Parking,55,8.25,165.0,0.36
PT107215,F006,Bike,Regular,2025-09-04,15,119,Cash,Paid,Two-Wheeler,25,5.0,50.0,0.56
PT107216,F008,Bike,Visitor,2025-11-02,15,247,Wallet,Paid,Two-Wheeler,25,0.0,112.5,0.36
PT107217,F005,Bike,Member,2025-01-17,16,64,UPI,Paid,Two-Wheeler,25,2.25,45.0,0.48
PT107218,F006,Bike,Regular,2025-10-31,10,133,Debit Card,Paid,Two-Wheeler,25,7.5,75.0,0.94
PT107219,F008,Car,Visitor,2025-01-02,15,80,Debit Card,Paid,Covered,50,0.0,80.0,0.31
PT107220,F007,Car,Member,2025-07-16,18,70,Wallet,Paid,Covered,50,0.0,90.0,0.68
PT107221,F008,Car,Regular,2025-12-07,14,235,UPI,Paid,Covered,50,0.0,180.0,0.63
PT107222,F006,Car,Regular,2025-09-26,13,75,Debit Card,Paid,Covered,50,0.0,95.0,0.32
PT107223,F001,Car,Member,2025-03-02,17,144,UPI,Paid,Covered,50,0.0,135.0,0.91
PT107224,F006,Bike,Member,2025-09-24,10,179,Debit Card,Paid,Two-Wheeler,25,0.0,60.0,0.9
PT107225,F006,SUV,Regular,2025-04-07,12,25,,Paid,Covered,65,2.92,58.5,0.5
PT107226,F008,Bike,Regular,2025-10-10,18,480,Debit Card,Paid,Two-Wheeler,25,0.0,200.0,0.96
PT107227,F003,Car,Regular,2025-09-04,14,66,Cash,Paid,Covered,50,0.0,95.0,0.76
PT107228,F002,Car,Member,2025-02-04,17,222,UPI,Paid,Covered,50,0.0,190.0,0.69
PT107229,F003,Bike,Regular,2025-10-01,11,453,Credit Card,Paid,Two-Wheeler,25,0.0,200.0,0.43
PT107230,F008,Car,Member,2025-03-09,13,148,UPI,Paid,Covered,50,27.0,135.0,0.6
PT107231,F003,Bike,Regular,2025-07-08,17,83,UPI,Paid,Two-Wheeler,25,0.0,50.0,0.65
PT107232,F004,EV Car,Regular,2025-02-10,10,29,UPI,Paid,EV Parking,55,0.0,55.0,0.66
PT107233,F001,Car,Regular,2025-04-06,18,211,UPI,Pending,Covered,50,0.0,200.0,0.99
PT107234,F003,Car,Member,2025-06-20,12,147,Cash,Paid,Open,50,0.0,150.0,0.36
PT107235,F007,Bike,Member,2025-03-08,21,163,UPI,Paid,Two-Wheeler,25,3.75,75.0,0.37
PT107236,F005,EV Car,Member,2025-11-04,17,174,Debit Card,Paid,EV Parking,55,16.5,165.0,0.78
PT107237,F007,SUV,Member,2025-04-29,13,25,Cash,Paid,Open,65,0.0,65.0,0.37
PT107238,F005,SUV,Member,2025-12-07,16,90,Wallet,Paid,Covered,65,6.18,123.5,0.36
PT107239,F006,Car,Regular,2025-06-20,14,217,Debit Card,Paid,Covered,50,0.0,180.0,0.24
PT107240,F004,EV Car,Regular,2025-07-05,18,311,UPI,Paid,EV Parking,55,33.0,330.0,0.68
PT107241,F001,Car,Regular,2025-03-11,14,219,Cash,Paid,Covered,50,8.0,160.0,0.56
PT107242,F007,Car,Regular,2025-09-02,21,480,UPI,Paid,Covered,50,0.0,380.0,0.58
PT107243,F001,SUV,Member,2025-06-08,9,258,Wallet,Paid,Open,65,32.5,325.0,0.62
PT107244,F007,EV Car,Visitor,2025-10-11,15,164,Debit Card,Paid,EV Parking,55,16.5,165.0,0.38
PT107245,F006,Car,Member,2025-04-17,11,119,Debit Card,Paid,Covered,50,0.0,95.0,0.6
PT107246,F005,Car,Regular,2025-02-05,10,59,UPI,Failed,Covered,50,8.0,40.0,0.99
PT107247,F002,Car,Visitor,2025-12-14,13,409,Credit Card,Paid,Covered,50,49.88,332.5,0.38
PT107248,F004,Car,Regular,2025-07-14,12,72,Cash,Paid,Covered,50,0.0,100.0,0.66
PT107249,F007,Car,Member,2025-09-25,7,162,Cash,Paid,Open,50,14.25,142.5,0.59
PT107250,F007,EV Car,Member,2025-03-17,13,309,UPI,Paid,EV Parking,55,15.68,313.5,0.46
PT107251,F006,Bike,Member,2025-10-07,20,247,Wallet,Paid,Two-Wheeler,25,0.0,106.25,0.66
PT107252,F004,SUV,Regular,2025-11-17,13,68,UPI,Paid,Covered,65,0.0,130.0,0.4
PT107253,F005,SUV,Regular,2025-12-14,12,58,Credit Card,Paid,Covered,65,8.78,58.5,0.64
PT107254,F005,Bike,Regular,2025-03-21,20,87,Debit Card,Paid,Two-Wheeler,25,2.12,42.5,0.61
PT107255,F007,SUV,Member,2025-04-08,14,76,UPI,Paid,Open,65,0.0,117.0,0.54
PT107256,F002,Bike,Regular,2025-10-09,12,123,UPI,Pending,Two-Wheeler,25,0.0,75.0,0.45
PT107257,F002,Car,Regular,2025-04-28,16,126,Debit Card,Paid,Covered,50,0.0,142.5,0.42
PT107258,F001,Bike,Member,2025-08-11,11,132,UPI,Failed,Two-Wheeler,25,10.12,67.5,0.4
PT107259,F004,Bike,Member,2025-09-09,11,158,UPI,Paid,Two-Wheeler,25,6.38,63.75,0.67
PT107260,F004,SUV,Regular,2025-03-21,12,117,Debit Card,Pending,Open,65,0.0,130.0,0.73
PT107261,F005,EV Car,Regular,2025-11-10,13,107,Cash,Paid,EV Parking,55,16.5,110.0,0.24
PT107262,F001,Car,Member,2025-06-19,14,58,,Paid,Covered,50,4.5,45.0,0.55
PT107263,F006,SUV,Member,2025-06-06,14,160,UPI,Paid,Covered,65,0.0,195.0,0.76
PT107264,F004,Car,Regular,2025-11-30,16,242,UPI,Paid,Open,50,0.0,237.5,0.66
PT107265,F001,SUV,Member,2025-11-24,16,120,Debit Card,Paid,Covered,65,5.52,110.5,0.57
PT107266,F001,Car,Member,2025-01-02,7,322,Credit Card,Paid,Open,50,0.0,300.0,0.39
PT107267,F007,Car,Regular,2025-07-22,9,222,Debit Card,Failed,Open,50,0.0,200.0,0.74
PT107268,F005,Car,Regular,2025-09-15,11,169,Cash,Paid,Covered,50,6.75,135.0,0.55
PT107269,F001,Bike,Regular,2025-09-08,14,74,Credit Card,Paid,Two-Wheeler,25,7.5,50.0,0.58
PT107270,F008,Car,Regular,2025-05-26,18,160,UPI,Paid,Covered,50,0.0,150.0,0.99
PT107271,F002,EV Car,Regular,2025-11-21,12,20,Wallet,Paid,EV Parking,55,8.25,55.0,0.37
PT107272,F008,Car,Regular,2025-10-02,20,357,Credit Card,Paid,Open,50,42.75,285.0,0.43
PT107273,F002,EV Car,Visitor,2025-01-19,10,107,Credit Card,Paid,EV Parking,55,0.0,110.0,0.91
PT107274,F003,SUV,Member,2025-09-09,19,101,Wallet,Paid,Covered,65,0.0,130.0,0.82
PT107275,F005,Car,Member,2025-10-11,17,89,Wallet,Paid,Covered,50,9.5,95.0,0.74
PT107276,F007,Car,Member,2025-11-27,13,112,Credit Card,Paid,Open,50,10.0,100.0,0.77
PT107277,F006,SUV,Regular,2025-02-19,11,194,UPI,Pending,Covered,65,0.0,221.0,0.63
PT107278,F008,Bike,Regular,2025-11-07,13,306,Wallet,Paid,Two-Wheeler,25,6.0,120.0,0.43
PT107279,F008,Bike,Member,2025-05-17,11,63,Debit Card,Paid,Two-Wheeler,25,2.5,50.0,0.43
PT107280,F003,Car,Regular,2025-08-14,14,243,UPI,Paid,Covered,50,25.0,250.0,0.55
PT107281,F002,Bike,Member,2025-08-09,14,98,Credit Card,Paid,Two-Wheeler,25,5.0,50.0,0.7
PT107282,F007,EV Car,Member,2025-04-23,16,237,UPI,Paid,EV Parking,55,0.0,209.0,0.39
PT107283,F003,Car,Visitor,2025-05-29,14,39,Cash,Paid,Covered,50,0.0,50.0,0.5
PT107284,F005,Car,Regular,2025-02-17,12,236,Credit Card,Paid,Open,50,0.0,170.0,0.78
PT107285,F007,Car,Member,2025-02-27,19,132,Cash,Paid,Covered,50,20.25,135.0,0.69
PT107286,F005,SUV,Member,2025-07-16,8,49,Cash,Paid,Open,65,9.75,65.0,0.5
PT107287,F001,SUV,Member,2025-08-13,17,39,Cash,Paid,Open,65,5.85,58.5,0.86
PT107288,F004,Car,Regular,2025-05-17,13,151,Debit Card,Paid,Open,50,0.0,150.0,0.55
PT107289,F001,Car,Regular,2025-07-14,10,154,Cash,Paid,Covered,50,6.0,120.0,0.91
PT107290,F005,Car,Visitor,2025-07-25,9,54,UPI,Pending,Open,50,0.0,50.0,0.62
PT107291,F008,Bike,Regular,2025-01-18,11,300,UPI,Paid,Two-Wheeler,25,0.0,100.0,0.35
PT107292,F007,Car,Regular,2025-09-25,9,162,Cash,Paid,Covered,50,0.0,150.0,0.75
PT107293,F002,EV Car,Regular,2025-08-03,13,311,Credit Card,Paid,EV Parking,55,29.7,297.0,0.36
PT107294,F006,Bike,Regular,2025-07-25,12,42,UPI,Paid,Two-Wheeler,25,0.0,22.5,0.5
PT107295,F002,Car,Member,2025-05-04,12,139,UPI,Paid,Covered,50,6.75,135.0,0.41
PT107296,F007,SUV,Regular,2025-01-16,10,223,UPI,Paid,Covered,65,46.8,234.0,0.83
PT107297,F001,Bike,Regular,2025-06-14,15,121,Debit Card,Paid,Two-Wheeler,25,3.75,75.0,0.41
PT107298,F006,Bike,Regular,2025-05-28,14,113,Debit Card,Paid,Two-Wheeler,25,0.0,50.0,0.67
PT107299,F007,Car,Member,2025-10-03,21,270,UPI,Paid,Covered,50,37.5,250.0,0.59
PT107300,F005,Car,Member,2025-08-21,10,95,Cash,Paid,Covered,50,4.5,90.0,0.81
PT107301,F008,EV Car,Member,2025-01-25,17,65,UPI,Paid,EV Parking,55,0.0,110.0,0.87
PT107302,F002,Bike,Member,2025-09-25,7,101,Debit Card,Paid,Two-Wheeler,25,2.38,47.5,0.52
PT107303,F005,Car,Visitor,2025-12-31,8,142,Credit Card,Paid,Covered,50,22.5,150.0,0.6
PT107304,F006,Bike,Regular,2025-10-22,15,333,Debit Card,Paid,Two-Wheeler,25,0.0,135.0,0.73
PT107305,F006,EV Car,Regular,2025-03-12,13,35,UPI,Paid,EV Parking,55,0.0,55.0,0.42
PT107306,F002,Car,Regular,2025-07-19,11,162,UPI,Paid,Covered,50,0.0,135.0,0.61
PT107307,F005,Bike,Regular,2025-02-16,6,136,Cash,Paid,Two-Wheeler,25,0.0,67.5,0.46
PT107308,F003,EV Car,Visitor,2025-01-25,15,127,UPI,Paid,EV Parking,55,16.5,165.0,0.35
PT107309,F005,Car,Regular,2025-08-01,13,86,Wallet,Paid,Covered,50,0.0,100.0,0.27
PT107310,F006,SUV,Regular,2025-02-02,10,47,Debit Card,Paid,Covered,65,0.0,65.0,0.99
PT107311,F005,Bike,Regular,2025-08-02,21,199,Credit Card,Paid,Two-Wheeler,25,0.0,100.0,0.28
PT107312,F008,Bike,Visitor,2025-07-30,12,156,Debit Card,Pending,Two-Wheeler,25,0.0,67.5,0.5
PT107313,F007,Car,Visitor,2025-01-29,12,42,UPI,Paid,Open,50,0.0,45.0,0.6
PT107314,F001,Car,Visitor,2025-09-16,14,53,Credit Card,Paid,Covered,50,2.5,50.0,0.18
PT107315,F008,Bike,Member,2025-02-08,11,339,Wallet,Paid,Two-Wheeler,25,0.0,150.0,0.49
PT107316,F003,Car,Member,2025-09-17,11,226,UPI,Paid,Open,50,0.0,190.0,0.72
PT107317,F004,Car,Member,2025-06-14,20,335,Debit Card,Paid,Open,50,45.0,300.0,0.93
PT107318,F007,Car,Regular,2025-04-05,11,120,Credit Card,Paid,Covered,50,20.0,100.0,0.64
PT107319,F001,Car,Regular,2025-08-08,14,121,Debit Card,Failed,Open,50,0.0,150.0,0.53
PT107320,F004,EV Car,Member,2025-09-25,7,202,UPI,Paid,EV Parking,55,0.0,209.0,0.33
PT107321,F002,Bike,Regular,2025-04-28,10,50,Credit Card,Paid,Two-Wheeler,25,0.0,21.25,0.66
PT107322,F004,EV Car,Member,2025-03-07,7,229,Wallet,Paid,EV Parking,55,0.0,220.0,0.37
PT107323,F007,Car,Visitor,2025-07-12,14,354,UPI,Paid,Covered,50,0.0,270.0,0.59
PT107324,F005,Bike,Member,2025-11-16,14,88,Debit Card,Paid,Two-Wheeler,25,6.38,42.5,0.25
PT107325,F007,Car,Regular,2025-02-04,12,77,Credit Card,Paid,Covered,50,10.0,100.0,0.64
PT107326,F008,SUV,Regular,2025-06-24,15,101,Credit Card,Paid,Open,65,0.0,130.0,0.46
PT107327,F004,SUV,Regular,2025-04-22,15,108,Credit Card,Paid,Covered,65,22.1,110.5,0.4
PT107328,F006,Car,Member,2025-11-04,14,136,Credit Card,Paid,Open,50,0.0,150.0,0.6
PT107329,F001,EV Car,Regular,2025-10-17,12,55,UPI,Paid,EV Parking,55,0.0,55.0,0.34
PT107330,F001,Car,Regular,2025-12-06,12,89,Wallet,Paid,Open,50,0.0,100.0,0.68
PT107331,F004,Bike,Visitor,2025-03-21,18,164,Cash,Paid,Two-Wheeler,25,0.0,75.0,0.82
PT107332,F001,EV Car,Visitor,2025-04-21,14,203,UPI,Paid,EV Parking,55,26.4,176.0,0.5
PT107333,F006,SUV,Regular,2025-04-02,11,224,UPI,Paid,Covered,65,0.0,234.0,0.33
PT107334,F007,EV Car,Visitor,2025-07-05,14,87,Debit Card,Paid,EV Parking,55,5.22,104.5,0.39
PT107335,F001,Car,Regular,2025-02-10,11,59,Wallet,Paid,Covered,50,0.0,50.0,0.58
PT107336,F004,Car,Visitor,2025-03-28,10,139,Wallet,Paid,Covered,50,22.5,150.0,0.88
PT107337,F003,Car,Visitor,2025-08-12,12,56,Cash,Paid,Covered,50,2.5,50.0,0.62
PT107338,F003,Bike,Regular,2025-02-20,15,27,UPI,Paid,Two-Wheeler,25,0.0,25.0,0.54
PT107339,F002,SUV,Regular,2025-05-06,14,230,Wallet,Failed,Open,65,0.0,221.0,0.64
PT107340,F008,Car,Member,2025-05-26,10,275,Cash,Paid,Covered,50,37.5,250.0,0.6
PT107341,F001,Bike,Visitor,2025-02-10,19,111,UPI,Paid,Two-Wheeler,25,0.0,42.5,0.87
PT107342,F008,Car,Regular,2025-12-21,14,93,UPI,Paid,Covered,50,0.0,100.0,0.34
PT107343,F007,Car,Member,2025-12-29,17,87,Credit Card,Paid,Covered,50,14.25,95.0,0.76
PT107344,F004,Bike,Member,2025-01-24,12,66,Debit Card,Paid,Two-Wheeler,25,0.0,42.5,0.48
PT107345,F001,Bike,Regular,2025-10-30,20,222,UPI,Paid,Two-Wheeler,25,0.0,95.0,0.72
PT107346,F005,SUV,Regular,2025-10-11,16,50,UPI,Paid,Covered,65,0.0,65.0,0.84
PT107347,F006,Car,Member,2025-02-05,13,131,UPI,Paid,Covered,50,0.0,150.0,0.43
PT107348,F001,SUV,Member,2025-10-04,19,64,Credit Card,Paid,Open,65,0.0,130.0,0.93
PT107349,F001,Car,Regular,2025-07-03,16,130,UPI,Paid,Covered,50,0.0,135.0,0.52
PT107350,F008,Car,Member,2025-11-21,13,87,Debit Card,Paid,Covered,50,0.0,100.0,0.66
PT107351,F008,Bike,Regular,2025-06-03,21,42,UPI,Paid,Two-Wheeler,25,0.0,25.0,0.45
PT107352,F003,SUV,Regular,2025-07-01,12,75,Wallet,Paid,Open,65,0.0,123.5,0.36
PT107353,F006,Car,Regular,2025-10-27,11,74,Cash,Paid,Covered,50,17.0,85.0,0.49
PT107354,F004,Car,Member,2025-06-03,18,42,Wallet,Paid,Covered,50,2.5,50.0,0.78
PT107355,F001,Bike,Member,2025-05-30,15,59,Debit Card,Paid,Two-Wheeler,25,0.0,25.0,0.69
PT107356,F003,Car,Regular,2025-01-02,12,123,UPI,Pending,Open,50,0.0,150.0,0.48
PT107357,F008,SUV,Regular,2025-10-24,11,133,Credit Card,Paid,Open,65,16.58,165.75,0.47
PT107358,F002,SUV,Member,2025-02-23,10,71,UPI,Paid,Open,65,0.0,130.0,0.81
PT107359,F006,Car,Regular,2025-09-03,12,133,Wallet,Paid,Open,50,0.0,150.0,0.43
PT107360,F003,Bike,Visitor,2025-02-15,9,188,UPI,Paid,Two-Wheeler,25,5.0,100.0,0.83
PT107361,F003,SUV,Visitor,2025-03-16,10,152,Credit Card,Paid,Covered,65,0.0,195.0,0.77
PT107362,F007,Car,Regular,2025-05-29,16,246,Debit Card,Paid,Covered,50,25.0,250.0,0.28
PT107363,F003,Bike,Member,2025-01-03,8,251,Wallet,Paid,Two-Wheeler,25,18.75,125.0,0.82
PT107364,F007,Car,Member,2025-01-09,13,232,Debit Card,Paid,Covered,50,18.0,180.0,0.57
PT107365,F001,Bike,Member,2025-01-02,13,302,Debit Card,Paid,Two-Wheeler,25,0.0,142.5,0.53
PT107366,F001,Car,Member,2025-08-26,20,64,Credit Card,Paid,Open,50,0.0,100.0,0.8
PT107367,F008,SUV,Regular,2025-01-28,13,80,Credit Card,Paid,Covered,65,0.0,117.0,0.58
PT107368,F002,Car,Regular,2025-10-17,10,123,UPI,Paid,Open,50,15.0,150.0,0.74
PT107369,F005,Car,Member,2025-06-30,8,83,Cash,Paid,Open,50,15.0,100.0,0.76
PT107370,F005,SUV,Visitor,2025-11-11,16,171,Credit Card,Paid,Covered,65,26.32,175.5,0.58
PT107371,F005,Car,Regular,2025-09-23,10,233,UPI,Paid,Open,50,0.0,190.0,0.84
PT107372,F008,Car,Regular,2025-03-24,19,245,Wallet,Paid,Covered,50,22.5,225.0,0.76
PT107373,F007,Car,Visitor,2025-12-15,14,74,Credit Card,Paid,Open,50,0.0,100.0,0.59
PT107374,F008,Car,Regular,2025-09-10,13,375,Cash,Paid,Covered,50,31.5,315.0,0.58
PT107375,F006,EV Car,Visitor,2025-09-15,15,42,Cash,Paid,EV Parking,55,0.0,55.0,0.15
PT107376,F006,SUV,Member,2025-02-17,10,58,Cash,Paid,Open,65,0.0,61.75,0.71
PT107377,F002,Car,Member,2025-05-14,13,101,UPI,Paid,Open,50,0.0,100.0,0.71
PT107378,F006,SUV,Regular,2025-10-27,7,123,UPI,Pending,Covered,65,37.05,185.25,0.64
PT107379,F005,Bike,Regular,2025-07-18,18,38,Cash,Failed,Two-Wheeler,25,0.0,25.0,0.98
PT107380,F005,EV Car,Member,2025-10-19,13,55,Cash,Paid,EV Parking,55,0.0,55.0,0.54
PT107381,F008,Car,Regular,2025-05-16,16,170,Credit Card,Pending,Covered,50,0.0,142.5,0.74
PT107382,F003,Bike,Member,2025-03-24,19,163,Credit Card,Paid,Two-Wheeler,25,0.0,75.0,0.7
PT107383,F006,Bike,Regular,2025-09-23,15,135,UPI,Paid,Two-Wheeler,25,10.69,71.25,0.39
PT107384,F008,Bike,Regular,2025-12-24,12,186,Wallet,Failed,Two-Wheeler,25,0.0,85.0,0.54
PT107385,F001,Bike,Regular,2025-08-07,15,83,UPI,Paid,Two-Wheeler,25,0.0,42.5,0.47
PT107386,F001,Car,Regular,2025-12-15,12,47,UPI,Paid,Covered,50,4.0,40.0,0.72
PT107387,F003,SUV,Visitor,2025-01-19,14,125,Debit Card,Pending,Covered,65,0.0,195.0,0.69
PT107388,F003,Bike,Member,2025-01-18,13,217,UPI,Paid,Two-Wheeler,25,0.0,90.0,0.53
PT107389,F003,EV Car,Visitor,2025-06-28,10,158,Wallet,Paid,EV Parking,55,0.0,165.0,0.76
PT107390,F008,Car,Member,2025-01-23,16,33,UPI,Paid,Open,50,0.0,50.0,0.53
PT107391,F001,Bike,Regular,2025-11-11,14,170,UPI,Pending,Two-Wheeler,25,0.0,75.0,0.59
PT107392,F005,EV Car,Regular,2025-09-01,10,45,Credit Card,Paid,EV Parking,55,0.0,55.0,0.84
PT107393,F003,Bike,Regular,2025-04-17,18,54,Credit Card,Paid,Two-Wheeler,25,0.0,25.0,0.96
PT107394,F002,SUV,Regular,2025-05-11,18,323,UPI,Paid,Covered,65,39.0,390.0,0.97
PT107395,F007,SUV,Regular,2025-01-10,14,213,Credit Card,Paid,Covered,65,39.0,260.0,0.28
PT107396,F008,Car,Member,2025-07-18,21,179,UPI,Paid,Covered,50,22.5,150.0,0.59
PT107397,F003,Bike,Regular,2025-11-01,19,126,Cash,Paid,Two-Wheeler,25,0.0,63.75,0.71
PT107398,F007,Car,Member,2025-11-08,18,142,UPI,Paid,Covered,50,0.0,150.0,0.88
PT107399,F004,Bike,Member,2025-03-31,9,310,Wallet,Paid,Two-Wheeler,25,28.5,142.5,0.91
PT107400,F003,Car,Member,2025-05-24,12,145,Debit Card,Paid,Open,50,15.0,150.0,0.33
PT107401,F001,SUV,Regular,2025-10-22,13,133,UPI,Paid,Covered,65,0.0,195.0,0.6
PT107402,F006,Bike,Regular,2025-04-19,17,121,UPI,Paid,Two-Wheeler,25,0.0,67.5,0.81
PT107403,F003,Car,Member,2025-12-18,18,104,Credit Card,Paid,Open,50,0.0,100.0,0.94
PT107404,F008,Car,Member,2025-07-23,16,266,UPI,Paid,Open,50,0.0,225.0,0.62
PT107405,F006,EV Car,Regular,2025-02-13,13,251,UPI,Paid,EV Parking,55,0.0,275.0,0.39
PT107406,F004,Car,Visitor,2025-01-08,10,93,UPI,Paid,Covered,50,0.0,100.0,0.67
PT107407,F002,Car,Regular,2025-10-28,7,160,Debit Card,Paid,Covered,50,30.0,150.0,0.37
PT107408,F006,Car,Regular,2025-12-19,15,82,Credit Card,Paid,Covered,50,4.75,95.0,0.58
PT107409,F007,EV Car,Regular,2025-06-02,22,180,UPI,Paid,EV Parking,55,8.25,165.0,0.47
PT107410,F005,EV Car,Regular,2025-01-17,12,111,Credit Card,Paid,EV Parking,55,0.0,110.0,0.3
PT107411,F003,Bike,Visitor,2025-12-05,14,108,Debit Card,Paid,Two-Wheeler,25,5.0,50.0,0.55
PT107412,F004,SUV,Regular,2025-08-25,17,109,UPI,Paid,Covered,65,11.7,117.0,0.65
PT107413,F004,Car,Regular,2025-12-01,10,43,Cash,Paid,Covered,50,0.0,47.5,0.75
PT107414,F006,EV Car,Visitor,2025-02-25,17,133,Credit Card,Paid,EV Parking,55,7.42,148.5,0.73
PT107415,F002,Car,Visitor,2025-02-13,15,111,Wallet,Paid,Open,50,4.5,90.0,0.38
PT107416,F001,Car,Member,2025-11-05,14,111,UPI,Paid,Covered,50,9.0,90.0,0.73
PT107417,F003,Car,Regular,2025-08-29,16,20,Wallet,Paid,Covered,50,0.0,42.5,0.45
PT107418,F004,Bike,Regular,2025-02-08,11,45,Debit Card,Pending,Two-Wheeler,25,3.56,23.75,0.4
PT107419,F002,SUV,Regular,2025-05-10,15,90,Credit Card,Paid,Open,65,0.0,123.5,0.64
PT107420,F005,Car,Regular,2025-04-08,11,75,Credit Card,Paid,Open,50,0.0,90.0,0.46
PT107421,F004,EV Car,Regular,2025-10-08,10,172,UPI,Paid,EV Parking,55,0.0,165.0,0.72
PT107422,F002,Bike,Member,2025-03-21,15,140,Wallet,Paid,Two-Wheeler,25,0.0,75.0,0.76
PT107423,F008,Car,Member,2025-10-15,11,83,Debit Card,Paid,Open,50,0.0,100.0,0.79
PT107424,F001,Bike,Visitor,2025-12-01,16,318,UPI,Paid,Two-Wheeler,25,0.0,150.0,0.48
PT107425,F001,Bike,Regular,2025-08-22,14,325,UPI,Paid,Two-Wheeler,25,15.0,150.0,0.41
PT107426,F004,SUV,Visitor,2025-11-30,15,193,UPI,Paid,Covered,65,0.0,247.0,0.52
PT107427,F007,Bike,Regular,2025-06-18,18,217,Credit Card,Paid,Two-Wheeler,25,20.0,100.0,0.7
PT107428,F004,Bike,Regular,2025-03-20,9,84,Credit Card,Pending,Two-Wheeler,25,0.0,40.0,0.85
PT107429,F006,Car,Regular,2025-03-12,8,128,Credit Card,Paid,Covered,50,7.5,150.0,0.74
PT107430,F003,Bike,Member,2025-09-20,13,24,UPI,Paid,Two-Wheeler,25,3.75,25.0,0.67
PT107431,F002,EV Car,Regular,2025-07-19,16,37,Credit Card,Paid,EV Parking,55,5.22,52.25,0.36
PT107432,F004,Car,Regular,2025-07-30,18,117,Credit Card,Paid,Open,50,5.0,100.0,0.76
PT107433,F003,SUV,Regular,2025-01-18,7,84,UPI,Paid,Covered,65,12.35,123.5,0.61
PT107434,F006,Bike,Member,2025-09-30,17,125,UPI,Paid,Two-Wheeler,25,0.0,63.75,0.95
PT107435,F008,Car,Member,2025-07-29,8,144,UPI,Pending,Covered,50,0.0,150.0,0.68
PT107436,F008,EV Car,Member,2025-04-27,14,217,,Paid,EV Parking,55,0.0,220.0,0.52
PT107437,F003,Bike,Regular,2025-04-14,12,104,Debit Card,Paid,Two-Wheeler,25,0.0,47.5,0.57
PT107438,F004,Car,Visitor,2025-03-18,6,180,Wallet,Paid,Open,50,0.0,135.0,0.5
PT107439,F001,Car,Visitor,2025-11-11,9,169,UPI,Paid,Covered,50,0.0,150.0,0.76
PT107440,F002,Car,Member,2025-01-11,12,357,Cash,Paid,Open,50,40.5,270.0,0.76
PT107441,F002,SUV,Member,2025-02-20,20,218,Credit Card,Paid,Covered,65,35.1,234.0,0.91
PT107442,F008,Bike,Member,2025-01-07,10,294,Credit Card,Paid,Two-Wheeler,25,12.5,125.0,0.75
PT107443,F008,EV Car,Regular,2025-02-06,11,55,UPI,Paid,EV Parking,55,5.5,55.0,0.4
PT107444,F001,Car,Regular,2025-09-18,22,107,Debit Card,Paid,Covered,50,0.0,100.0,0.6
PT107445,F007,Car,Visitor,2025-03-03,13,254,Wallet,Paid,Open,50,0.0,250.0,0.56
PT107446,F004,Car,Member,2025-07-19,11,253,UPI,Paid,Covered,50,11.25,225.0,0.47
PT107447,F008,Bike,Member,2025-11-26,15,59,UPI,Paid,Two-Wheeler,25,1.19,23.75,0.32
PT107448,F008,EV Car,Member,2025-03-31,13,244,Debit Card,Paid,EV Parking,55,0.0,275.0,0.18
PT107449,F008,Bike,Regular,2025-03-20,18,262,Wallet,Paid,Two-Wheeler,25,0.0,125.0,0.59
PT107450,F002,Car,Regular,2025-02-24,6,63,Debit Card,Paid,Covered,50,0.0,100.0,0.72
PT107451,F004,SUV,Regular,2025-08-09,22,177,UPI,Paid,Covered,65,0.0,165.75,0.38
PT107452,F006,SUV,Regular,2025-04-02,8,51,UPI,Paid,Covered,65,0.0,61.75,0.99
PT107453,F004,Car,Regular,2025-03-15,14,117,UPI,Paid,Open,50,0.0,100.0,0.58
PT107454,F003,SUV,Member,2025-02-25,15,101,Cash,Paid,Open,65,5.85,117.0,0.57
PT107455,F001,Car,Member,2025-08-20,14,87,Debit Card,Paid,Open,50,20.0,100.0,0.47
PT107456,F007,Car,Member,2025-06-28,12,222,Credit Card,Paid,Open,50,0.0,200.0,0.73
PT107457,F008,Car,Regular,2025-03-02,18,70,UPI,Paid,Covered,50,10.0,100.0,0.86
PT107458,F008,Bike,Regular,2025-12-26,13,154,Wallet,Paid,Two-Wheeler,25,7.5,75.0,0.5
PT107459,F004,Bike,Regular,2025-04-27,12,112,Debit Card,Paid,Two-Wheeler,25,0.0,40.0,0.52
PT107460,F007,Car,Member,2025-03-19,16,133,Wallet,Paid,Covered,50,7.5,150.0,0.55
PT107461,F008,Car,Regular,2025-08-24,10,131,Credit Card,Paid,Covered,50,0.0,120.0,0.84
PT107462,F007,SUV,Member,2025-02-02,11,71,Cash,Paid,Covered,65,6.18,123.5,0.48
PT107463,F006,EV Car,Member,2025-02-24,11,372,Cash,Paid,EV Parking,55,0.0,327.25,0.81
PT107464,F005,SUV,Regular,2025-08-31,13,148,UPI,Paid,Covered,65,29.25,195.0,0.73
PT107465,F001,Car,Regular,2025-10-01,7,251,Wallet,Paid,Covered,50,40.0,200.0,0.48
PT107466,F007,Car,Regular,2025-03-15,22,65,UPI,Paid,Covered,50,0.0,100.0,0.5
PT107467,F002,Car,Regular,2025-01-21,14,32,Debit Card,Paid,Covered,50,0.0,50.0,0.67
PT107468,F003,Car,Member,2025-12-19,21,259,Wallet,Paid,Covered,50,0.0,237.5,0.43
PT107469,F002,Bike,Member,2025-07-20,17,248,UPI,Paid,Two-Wheeler,25,11.25,112.5,0.75
PT107470,F008,Bike,Member,2025-06-03,9,167,Debit Card,Paid,Two-Wheeler,25,3.56,71.25,0.84
PT107471,F006,SUV,Member,2025-09-11,11,64,Credit Card,Paid,Covered,65,0.0,130.0,0.52
PT107472,F006,Bike,Member,2025-07-26,7,37,Debit Card,Paid,Two-Wheeler,25,2.25,22.5,0.31
PT107473,F002,Car,Regular,2025-05-29,17,225,Cash,Paid,Covered,50,0.0,190.0,0.59
PT107474,F001,Car,Member,2025-07-02,14,305,Credit Card,Paid,Covered,50,0.0,285.0,0.56
PT107475,F002,Bike,Regular,2025-10-29,11,164,Cash,Paid,Two-Wheeler,25,0.0,75.0,0.5
PT107476,F004,Car,Regular,2025-10-24,21,267,UPI,Paid,Covered,50,0.0,212.5,0.48
PT107477,F008,Car,Member,2025-09-18,16,191,UPI,Paid,Covered,50,0.0,190.0,0.32
PT107478,F008,Car,Regular,2025-02-13,15,241,Credit Card,Paid,Open,50,0.0,212.5,0.48
PT107479,F002,Car,Regular,2025-05-24,11,224,Debit Card,Paid,Covered,50,0.0,190.0,0.49
PT107480,F003,Car,Regular,2025-09-01,12,72,UPI,Paid,Covered,50,13.5,90.0,0.72
PT107481,F003,SUV,Member,2025-01-05,15,163,Debit Card,Paid,Covered,65,0.0,165.75,0.48
PT107482,F008,SUV,Visitor,2025-03-03,14,306,UPI,Paid,Covered,65,58.5,390.0,0.52
PT107483,F005,Car,Member,2025-12-12,15,52,Debit Card,Failed,Covered,50,2.25,45.0,0.48
PT107484,F003,Car,Visitor,2025-01-26,18,65,UPI,Paid,Covered,50,9.5,95.0,0.66
PT107485,F002,SUV,Member,2025-11-13,10,54,Debit Card,Paid,Covered,65,0.0,58.5,0.78
PT107486,F003,Car,Regular,2025-11-21,9,145,Debit Card,Paid,Covered,50,15.0,150.0,0.75
PT107487,F008,Car,Regular,2025-07-03,14,199,Wallet,Paid,Covered,50,0.0,180.0,0.56
PT107488,F001,Car,Regular,2025-11-02,14,228,Debit Card,Paid,Open,50,0.0,180.0,0.73
PT107489,F007,Car,Member,2025-02-05,13,210,Debit Card,Paid,Covered,50,0.0,200.0,0.54
PT107490,F003,SUV,Member,2025-01-30,19,137,Wallet,Paid,Covered,65,0.0,195.0,0.76
PT107491,F004,SUV,Regular,2025-03-10,14,139,Debit Card,Pending,Covered,65,29.25,195.0,0.6
PT107492,F001,Car,Visitor,2025-08-20,14,149,UPI,Paid,Open,50,30.0,150.0,0.51
PT107493,F005,Car,Regular,2025-06-25,12,55,Cash,Failed,Covered,50,5.0,50.0,0.68
PT107494,F004,Car,Regular,2025-10-05,12,75,Debit Card,Pending,Covered,50,0.0,90.0,0.5
PT107495,F002,Car,Member,2025-02-02,21,155,Credit Card,Paid,Covered,50,22.5,150.0,0.34
PT107496,F007,EV Car,Regular,2025-03-10,15,114,Debit Card,Paid,EV Parking,55,10.45,104.5,0.63
PT107497,F002,Bike,Member,2025-12-18,17,116,Cash,Paid,Two-Wheeler,25,0.0,42.5,0.63
PT107498,F007,Bike,Member,2025-09-12,13,242,Wallet,Paid,Two-Wheeler,25,0.0,125.0,0.75
PT107499,F007,SUV,Regular,2025-02-19,10,126,Wallet,Paid,Open,65,9.26,185.25,0.69
PT107500,F002,SUV,Regular,2025-01-23,12,89,UPI,Paid,Covered,65,0.0,117.0,0.43
PT107501,F004,SUV,Member,2025-09-11,12,51,Credit Card,Paid,Covered,65,0.0,58.5,0.72
PT107502,F004,Car,Member,2025-06-13,14,232,UPI,Paid,Covered,50,20.0,200.0,0.69
PT107503,F007,Car,Regular,2025-09-30,10,229,UPI,Paid,Open,50,0.0,200.0,0.88
PT107504,F004,Bike,Member,2025-06-30,13,84,Cash,Paid,Two-Wheeler,25,0.0,50.0,0.68
PT107505,F007,Car,Visitor,2025-12-13,9,77,UPI,Paid,Covered,50,0.0,100.0,0.68
PT107506,F008,EV Car,Member,2025-09-07,14,59,Debit Card,Paid,EV Parking,55,5.5,55.0,0.66
PT107507,F007,Bike,Member,2025-08-25,20,91,Debit Card,Paid,Two-Wheeler,25,9.5,47.5,0.7
PT107508,F008,EV Car,Regular,2025-08-20,12,92,Debit Card,Paid,EV Parking,55,11.0,110.0,0.44
PT107509,F001,Car,Regular,2025-05-02,7,232,UPI,Paid,Open,50,10.0,200.0,0.52
PT107510,F006,SUV,Member,2025-08-30,14,123,UPI,Paid,Covered,65,9.75,195.0,0.3
PT107511,F001,Car,Regular,2025-05-14,15,74,Credit Card,Paid,Open,50,4.75,95.0,0.64
PT107512,F002,EV Car,Member,2025-03-12,13,257,UPI,Paid,EV Parking,55,0.0,275.0,0.61
PT107513,F006,Car,Regular,2025-12-12,13,38,Wallet,Paid,Open,50,0.0,42.5,0.56
PT107514,F003,Bike,Regular,2025-11-06,18,20,Cash,Paid,Two-Wheeler,25,1.25,25.0,0.76
PT107515,F002,SUV,Regular,2025-10-06,19,224,Credit Card,Paid,Covered,65,24.7,247.0,0.74
PT107516,F005,Bike,Regular,2025-08-07,15,153,Cash,Paid,Two-Wheeler,25,0.0,75.0,0.59
PT107517,F001,Bike,Regular,2025-07-04,14,190,UPI,Paid,Two-Wheeler,25,15.0,100.0,0.5
PT107518,F004,EV Car,Regular,2025-11-03,8,41,Debit Card,Paid,EV Parking,55,2.61,52.25,0.64
PT107519,F001,Bike,Regular,2025-11-10,12,71,UPI,Paid,Two-Wheeler,25,0.0,42.5,0.49
PT107520,F004,Bike,Regular,2025-08-05,12,249,,Paid,Two-Wheeler,25,0.0,112.5,0.59
PT107521,F006,Car,Regular,2025-10-08,8,204,Credit Card,Paid,Open,50,0.0,190.0,0.6
PT107522,F005,SUV,Member,2025-10-08,17,20,UPI,Paid,Covered,65,0.0,65.0,0.93
PT107523,F006,Bike,Regular,2025-05-05,18,158,UPI,Paid,Two-Wheeler,25,0.0,75.0,0.95
PT107524,F005,Car,Regular,2025-06-28,19,117,UPI,Paid,Open,50,0.0,85.0,0.99
PT107525,F001,Car,Member,2025-11-23,16,21,Debit Card,Paid,Covered,50,0.0,50.0,0.48
PT107526,F004,Bike,Visitor,2025-02-04,16,88,UPI,Paid,Two-Wheeler,25,0.0,50.0,0.48
PT107527,F006,Car,Regular,2025-03-11,13,190,Debit Card,Paid,Open,50,20.0,200.0,0.32
PT107528,F005,Car,Regular,2025-12-26,18,179,Debit Card,Paid,Open,50,13.5,135.0,0.57
PT107529,F007,Bike,Member,2025-06-27,14,106,Debit Card,Paid,Two-Wheeler,25,0.0,50.0,0.45
PT107530,F002,Car,Regular,2025-02-18,7,100,Debit Card,Paid,Open,50,0.0,95.0,0.5
PT107531,F002,Car,Regular,2025-03-09,14,102,UPI,Paid,Covered,50,0.0,100.0,0.41
PT107532,F006,Bike,Member,2025-01-07,13,114,Credit Card,Paid,Two-Wheeler,25,0.0,42.5,0.53
PT107533,F004,Car,Regular,2025-04-04,14,72,Wallet,Paid,Open,50,0.0,100.0,0.34
PT107534,F007,Car,Visitor,2025-03-22,13,197,Credit Card,Paid,Covered,50,0.0,170.0,0.61
PT107535,F006,Car,Regular,2025-09-07,14,98,Credit Card,Paid,Open,50,0.0,100.0,0.59
PT107536,F001,Bike,Regular,2025-02-07,9,59,Debit Card,Paid,Two-Wheeler,25,4.75,23.75,0.67
PT107537,F005,Bike,Regular,2025-12-16,6,124,UPI,Pending,Two-Wheeler,25,0.0,71.25,0.21
PT107538,F008,SUV,Member,2025-02-14,12,281,Debit Card,Paid,Open,65,27.62,276.25,0.35
PT107539,F001,Car,Visitor,2025-12-25,11,93,Wallet,Pending,Covered,50,0.0,100.0,0.56
PT107540,F002,Car,Visitor,2025-05-17,11,104,UPI,Paid,Covered,50,0.0,100.0,0.58
PT107541,F005,Car,Regular,2025-11-07,19,20,Cash,Paid,Covered,50,7.5,50.0,0.86
PT107542,F006,Bike,Member,2025-11-04,17,51,UPI,Paid,Two-Wheeler,25,0.0,23.75,0.48
PT107543,F001,EV Car,,2025-11-01,6,109,Credit Card,Paid,EV Parking,55,5.5,110.0,0.48
PT107544,F003,Car,Member,2025-08-17,6,189,Cash,Paid,Open,50,38.0,190.0,0.85
PT107545,F008,Car,Regular,2025-07-02,16,119,Cash,Paid,Open,50,4.5,90.0,0.51
PT107546,F004,Car,Member,2025-11-22,21,139,Cash,Paid,Covered,50,0.0,150.0,0.44
PT107547,F007,Bike,Regular,2025-07-23,13,83,Wallet,Paid,Two-Wheeler,25,0.0,50.0,0.79
PT107548,F007,Bike,Regular,2025-04-21,13,51,Credit Card,Paid,Two-Wheeler,25,0.0,25.0,0.63
PT107549,F004,Bike,Member,2025-03-09,11,44,Debit Card,Paid,Two-Wheeler,25,0.0,25.0,0.47
PT107550,F003,SUV,Regular,2025-12-23,15,142,UPI,Paid,Covered,65,0.0,195.0,0.72
PT107551,F002,Bike,Member,2025-02-07,13,99,UPI,Paid,Two-Wheeler,25,6.75,45.0,0.47
PT107552,F005,Car,Regular,2025-07-17,10,91,Credit Card,Paid,Covered,50,4.0,80.0,0.57
PT107553,F004,Car,Regular,2025-11-01,13,141,Debit Card,Pending,Covered,50,0.0,142.5,0.31
PT107554,F003,Bike,Member,2025-04-02,12,20,Credit Card,Paid,Two-Wheeler,25,0.0,25.0,0.56
PT107555,F006,Bike,Member,2025-09-21,18,209,Cash,Paid,Two-Wheeler,25,4.5,90.0,0.99
PT107556,F008,Bike,Visitor,2025-08-31,16,38,Debit Card,Paid,Two-Wheeler,25,3.75,25.0,0.62
PT107557,F007,Bike,Regular,2025-04-26,15,113,UPI,Paid,Two-Wheeler,25,0.0,50.0,0.45
PT107558,F008,Bike,Regular,2025-04-05,12,91,Debit Card,Pending,Two-Wheeler,25,0.0,42.5,0.73
PT107559,F003,SUV,Member,2025-08-01,9,32,Credit Card,Paid,Open,65,9.75,65.0,0.99
PT107560,F008,Bike,Regular,2025-09-03,18,168,Credit Card,Paid,Two-Wheeler,25,9.0,60.0,0.87
PT107561,F002,SUV,Member,2025-06-22,12,164,Cash,Pending,Open,65,29.25,195.0,0.71
PT107562,F002,Car,Visitor,2025-10-12,14,94,Credit Card,Paid,Open,50,0.0,90.0,0.64
PT107563,F001,Bike,Visitor,2025-03-20,14,78,Cash,Paid,Two-Wheeler,25,0.0,40.0,0.6
PT107564,F004,EV Car,Regular,2025-10-07,19,114,Debit Card,Paid,EV Parking,55,0.0,104.5,0.72
PT107565,F001,Car,Visitor,2025-05-29,10,43,Credit Card,Paid,Open,50,0.0,40.0,0.87
PT107566,F008,SUV,Member,2025-10-06,16,355,Debit Card,Paid,Covered,65,58.5,390.0,0.72
PT107567,F007,SUV,Member,2025-12-17,13,112,UPI,Paid,Open,65,0.0,130.0,0.4
PT107568,F003,Car,Member,2025-08-14,10,88,UPI,Paid,Open,50,4.75,95.0,0.99
PT107569,F005,Bike,Member,2025-11-19,17,79,UPI,Paid,Two-Wheeler,25,7.5,50.0,0.65
PT107570,F008,Car,Visitor,2025-04-28,17,180,Credit Card,Paid,Open,50,30.0,150.0,0.92
PT107571,F005,EV Car,Member,2025-03-14,7,100,UPI,Paid,EV Parking,55,4.95,99.0,0.37
PT107572,F002,SUV,Visitor,2025-01-06,15,35,Wallet,Paid,Open,65,8.78,58.5,0.6
PT107573,F005,Car,Regular,2025-11-17,10,49,Credit Card,Paid,Covered,50,0.0,47.5,0.8
PT107574,F005,Car,Regular,2025-01-22,15,234,Debit Card,Paid,Covered,50,0.0,200.0,0.54
PT107575,F007,Bike,Member,2025-06-28,15,83,UPI,Paid,Two-Wheeler,25,0.0,50.0,0.64
PT107576,F005,Car,Member,2025-07-15,15,179,UPI,Paid,Covered,50,28.5,142.5,0.42
PT107577,F008,Car,Member,2025-04-19,9,480,UPI,Paid,Covered,50,54.0,360.0,0.57
PT107578,F003,Bike,Regular,2025-07-04,14,330,Debit Card,Paid,Two-Wheeler,25,0.0,150.0,0.44
PT107579,F005,Car,Regular,2025-02-24,9,166,Credit Card,Paid,Open,50,0.0,150.0,0.99
PT107580,F006,Car,Regular,2025-08-17,16,187,Credit Card,Pending,Covered,50,0.0,200.0,0.44
PT107581,F005,SUV,Regular,2025-01-19,8,58,Credit Card,Paid,Open,65,0.0,65.0,0.88
PT107582,F005,EV Car,Regular,2025-12-30,16,111,Debit Card,Paid,EV Parking,55,10.45,104.5,0.63
PT107583,F001,SUV,Member,2025-08-04,18,90,UPI,Paid,Covered,65,0.0,117.0,0.88
PT107584,F003,SUV,Regular,2025-02-17,12,29,Debit Card,Paid,Covered,65,6.5,65.0,0.73
PT107585,F008,Car,Member,2025-06-09,16,118,,Paid,Covered,50,5.0,100.0,0.6
PT107586,F002,Car,Member,2025-09-30,13,192,Debit Card,Paid,Open,50,0.0,200.0,0.55
PT107587,F001,Car,Regular,2025-04-06,17,21,UPI,Paid,Open,50,0.0,42.5,0.84
PT107588,F008,SUV,Visitor,2025-01-30,15,67,UPI,Paid,Covered,65,24.7,123.5,0.42
PT107589,F004,EV Car,Visitor,2025-05-01,12,84,UPI,Paid,EV Parking,55,5.5,110.0,0.79
PT107590,F003,SUV,Member,2025-12-20,10,20,Wallet,Paid,Covered,65,0.0,65.0,0.67
PT107591,F006,SUV,Regular,2025-07-09,19,190,Credit Card,Paid,Covered,65,0.0,260.0,0.51
PT107592,F003,Bike,Member,2025-06-01,17,156,Wallet,Paid,Two-Wheeler,25,10.69,71.25,0.89
PT107593,F004,Car,Visitor,2025-09-12,15,204,Credit Card,Paid,Covered,50,20.0,200.0,0.78
PT107594,F004,Bike,Member,2025-07-10,12,153,UPI,Paid,Two-Wheeler,25,7.5,75.0,0.26
PT107595,F004,Car,Member,2025-05-22,14,75,Credit Card,Paid,Open,50,4.0,80.0,0.31
PT107596,F007,Car,Visitor,2025-09-03,14,156,UPI,Paid,Open,50,22.5,150.0,0.48
PT107597,F002,Bike,Visitor,2025-02-03,8,237,Wallet,Failed,Two-Wheeler,25,0.0,80.0,0.36
PT107598,F005,Bike,Regular,2025-07-06,21,218,Cash,Paid,Two-Wheeler,25,10.0,100.0,0.67
PT107599,F003,Bike,Member,2025-03-27,9,99,Debit Card,Paid,Two-Wheeler,25,0.0,50.0,0.75
PT107600,F008,Bike,Regular,2025-06-10,16,125,Credit Card,Paid,Two-Wheeler,25,3.75,75.0,0.53
PT107601,F007,Car,Regular,2025-12-30,14,73,Credit Card,Paid,Open,50,20.0,100.0,0.47
PT107602,F008,Bike,Regular,2025-04-28,16,188,Wallet,Paid,Two-Wheeler,25,20.0,100.0,0.49
PT107603,F005,Bike,Member,2025-04-21,11,20,UPI,Pending,Two-Wheeler,25,0.0,23.75,0.7
PT107604,F005,Car,Member,2025-02-27,13,181,Debit Card,Paid,Covered,50,10.0,200.0,0.56
PT107605,F006,SUV,Visitor,2025-01-18,14,59,Credit Card,Paid,Covered,65,9.75,65.0,0.67
PT107606,F004,Bike,Regular,2025-12-25,9,111,Wallet,Paid,Two-Wheeler,25,9.5,47.5,0.65
PT107607,F002,Bike,Regular,2025-05-20,18,206,Cash,Pending,Two-Wheeler,25,8.5,85.0,0.67
PT107608,F006,SUV,Regular,2025-07-13,22,134,Wallet,Paid,Covered,65,0.0,156.0,0.52
PT107609,F001,SUV,Regular,2025-05-10,13,161,Credit Card,Paid,Open,65,0.0,175.5,0.51
PT107610,F007,SUV,Visitor,2025-07-31,12,41,UPI,Paid,Covered,65,9.75,65.0,0.7
PT107611,F007,Car,Member,2025-10-11,14,67,Credit Card,Paid,Covered,50,10.0,100.0,0.61
PT107612,F002,Car,Regular,2025-04-30,15,30,Debit Card,Paid,Open,50,5.0,50.0,0.5
PT107613,F005,Car,Member,2025-02-11,18,20,Debit Card,Paid,Open,50,2.25,45.0,0.83
PT107614,F008,Car,Member,2025-01-03,12,118,UPI,Paid,Open,50,0.0,100.0,0.4
PT107615,F007,EV Car,Regular,2025-08-17,16,223,Credit Card,Paid,EV Parking,55,0.0,176.0,0.38
PT107616,F002,Bike,Regular,2025-08-17,11,70,UPI,Paid,Two-Wheeler,25,5.0,50.0,0.29
PT107617,F007,Car,Regular,2025-12-09,15,89,Cash,Paid,Covered,50,0.0,100.0,0.88
PT107618,F007,Car,Member,2025-05-21,13,248,UPI,Paid,Open,50,11.88,237.5,0.51
PT107619,F004,Car,Member,2025-02-26,15,164,Debit Card,Paid,Open,50,15.0,150.0,0.5
PT107620,F001,Bike,Visitor,2025-08-04,12,94,UPI,Paid,Two-Wheeler,25,4.75,47.5,0.58
PT107621,F004,SUV,Member,2025-05-11,12,124,UPI,Paid,Open,65,0.0,185.25,0.53
PT107622,F001,SUV,Regular,2025-04-24,13,103,Wallet,Paid,Covered,65,13.0,130.0,0.56
PT107623,F007,EV Car,Member,2025-07-10,18,141,UPI,Paid,EV Parking,55,0.0,140.25,0.75
PT107624,F006,Car,Visitor,2025-08-31,15,214,UPI,Paid,Covered,50,0.0,200.0,0.67
PT107625,F008,Car,Visitor,2025-10-21,15,102,UPI,Paid,Open,50,0.0,100.0,0.77
PT107626,F005,Car,Member,2025-11-11,16,153,Credit Card,Paid,Covered,50,0.0,142.5,0.61
PT107627,F007,Car,Regular,2025-01-28,16,278,Debit Card,Paid,Open,50,31.88,212.5,0.78
PT107628,F001,EV Car,Member,2025-01-26,12,46,UPI,Paid,EV Parking,55,6.6,44.0,0.69
PT107629,F001,Bike,Member,2025-03-25,11,113,Debit Card,Paid,Two-Wheeler,25,0.0,45.0,0.45
PT107630,F001,SUV,Regular,2025-12-13,14,28,UPI,Paid,Covered,65,5.85,58.5,0.36
PT107631,F007,Bike,Regular,2025-11-17,10,186,Cash,Paid,Two-Wheeler,25,0.0,100.0,0.49
PT107632,F002,Car,Member,2025-11-26,13,135,Cash,Paid,Open,50,15.0,150.0,0.5
PT107633,F006,Car,Regular,2025-07-21,15,35,Wallet,Paid,Open,50,7.12,47.5,0.55
PT107634,F002,Bike,Member,2025-03-02,6,116,Wallet,Paid,Two-Wheeler,25,2.0,40.0,0.57
PT107635,F005,SUV,Member,2025-07-04,9,80,UPI,Paid,Covered,65,0.0,130.0,0.72
PT107636,F007,Car,Regular,2025-09-03,20,98,UPI,Paid,Open,50,0.0,100.0,0.9
PT107637,F001,SUV,Regular,2025-01-01,19,211,Debit Card,Paid,Covered,65,0.0,260.0,0.99
PT107638,F006,SUV,Regular,2025-08-31,13,125,UPI,Paid,Covered,65,27.79,185.25,0.61
PT107639,F006,Car,Regular,2025-02-01,14,144,UPI,Paid,Covered,50,7.12,142.5,0.4
PT107640,F003,SUV,Visitor,2025-08-23,10,105,UPI,Paid,Covered,65,0.0,110.5,0.99
PT107641,F005,Car,Regular,2025-01-17,12,139,Credit Card,Paid,Covered,50,0.0,150.0,0.32
PT107642,F008,Bike,Member,2025-03-30,17,123,Credit Card,Paid,Two-Wheeler,25,10.12,67.5,0.82
PT107643,F008,SUV,Regular,2025-02-21,18,202,UPI,Paid,Covered,65,0.0,234.0,0.52
PT107644,F006,EV Car,Regular,2025-06-13,13,81,UPI,Paid,EV Parking,55,11.0,110.0,0.39
PT107645,F007,Car,Regular,2025-10-30,12,108,Debit Card,Paid,Covered,50,5.0,100.0,0.6
PT107646,F001,Car,Regular,2025-02-01,15,114,UPI,Paid,Covered,50,0.0,100.0,0.41
PT107647,F001,Car,Member,2025-07-17,16,315,Wallet,Paid,Covered,50,0.0,255.0,0.52
PT107648,F006,Car,Member,2025-12-17,21,56,UPI,Failed,Open,50,0.0,50.0,0.37
PT107649,F002,Bike,Regular,2025-07-20,15,36,Debit Card,Paid,Two-Wheeler,25,0.0,23.75,0.63
PT107650,F005,EV Car,Member,2025-04-17,11,170,Credit Card,Paid,EV Parking,55,16.5,165.0,0.38
PT107651,F001,Car,Regular,2025-12-02,8,101,UPI,Paid,Covered,50,10.0,100.0,0.72
PT107652,F006,Car,Regular,2025-12-11,11,133,Credit Card,Paid,Covered,50,0.0,150.0,0.15
PT107653,F001,Car,Regular,2025-10-23,11,38,Credit Card,Paid,Open,50,0.0,47.5,0.49
PT107654,F008,Bike,Regular,2025-01-28,9,150,Cash,Paid,Two-Wheeler,25,0.0,67.5,0.83
PT107655,F006,Car,Member,2025-12-03,13,117,Debit Card,Paid,Covered,50,0.0,100.0,0.57
PT107656,F005,Car,Visitor,2025-10-14,12,126,UPI,Paid,Covered,50,15.0,150.0,0.59
PT107657,F006,SUV,Regular,2025-04-29,19,250,UPI,Paid,Open,65,30.88,308.75,0.62
PT107658,F003,Car,Regular,2025-12-09,13,123,UPI,Paid,Open,50,15.0,150.0,0.71
PT107659,F006,Bike,Member,2025-01-31,18,92,UPI,Pending,Two-Wheeler,25,0.0,50.0,0.84
PT107660,F006,SUV,Member,2025-06-03,12,21,Credit Card,Paid,Open,65,2.6,52.0,0.42
PT107661,F007,Car,Regular,2025-09-17,17,92,Wallet,Pending,Covered,50,0.0,80.0,0.88
PT107662,F008,Bike,Member,2025-04-17,13,73,Credit Card,Paid,Two-Wheeler,25,9.0,45.0,0.64
PT107663,F005,Bike,Member,2025-09-08,7,35,Debit Card,Paid,Two-Wheeler,25,1.12,22.5,0.23
PT107664,F007,Bike,Regular,2025-12-29,13,155,Debit Card,Paid,Two-Wheeler,25,11.25,75.0,0.53
PT107665,F006,Bike,Regular,2025-04-17,11,167,Cash,Paid,Two-Wheeler,25,0.0,75.0,0.69
PT107666,F005,Car,Regular,2025-04-27,12,158,UPI,Paid,Covered,50,0.0,150.0,0.38
PT107667,F003,SUV,Regular,2025-09-02,15,150,Debit Card,Paid,Open,65,19.5,195.0,0.75
PT107668,F005,SUV,Visitor,2025-03-20,14,112,Cash,Paid,Covered,65,0.0,130.0,0.5
PT107669,F001,Car,Member,2025-08-17,18,201,UPI,Paid,Covered,50,10.0,200.0,0.65
PT107670,F007,Car,Regular,2025-01-23,19,52,UPI,Paid,Covered,50,0.0,40.0,0.72
PT107671,F005,Car,Member,2025-07-16,15,63,Wallet,Paid,Open,50,17.0,85.0,0.37
PT107672,F008,Car,Regular,2025-12-27,18,129,Debit Card,Paid,Covered,50,0.0,150.0,0.62
PT107673,F003,Bike,Regular,2025-07-07,10,362,UPI,Paid,Two-Wheeler,25,22.31,148.75,0.66
PT107674,F004,Car,Member,2025-08-05,8,68,Credit Card,Paid,Covered,50,0.0,100.0,0.63
PT107675,F006,Car,Regular,2025-09-04,12,131,UPI,Paid,Covered,50,0.0,135.0,0.61
PT107676,F005,SUV,Regular,2025-06-03,12,172,Credit Card,Paid,Covered,65,0.0,195.0,0.49
PT107677,F006,Car,Member,2025-07-14,15,48,UPI,Paid,Covered,50,0.0,50.0,0.53
PT107678,F002,SUV,Regular,2025-04-26,17,47,UPI,Paid,Covered,65,10.4,52.0,0.74
PT107679,F001,SUV,Visitor,2025-07-15,12,36,Debit Card,Paid,Covered,65,9.75,65.0,0.54
PT107680,F007,Car,Regular,2025-02-24,13,391,Debit Card,Paid,Open,50,70.0,350.0,0.52
PT107681,F001,SUV,Regular,2025-06-24,9,227,Cash,Pending,Open,65,41.6,208.0,0.58
PT107682,F002,SUV,Regular,2025-05-24,13,86,UPI,Paid,Open,65,6.18,123.5,0.63
PT107683,F002,Car,Member,2025-11-10,11,132,Cash,Paid,Covered,50,0.0,150.0,0.55
PT107684,F007,Car,Member,2025-12-29,13,128,UPI,Paid,Open,50,20.25,135.0,0.5
PT107685,F005,Bike,Regular,2025-08-05,11,100,Credit Card,Paid,Two-Wheeler,25,0.0,45.0,0.45
PT107686,F002,EV Car,Regular,2025-09-14,17,61,Wallet,Paid,EV Parking,55,11.0,110.0,0.65
PT107687,F004,Bike,Member,2025-05-07,6,71,Credit Card,Paid,Two-Wheeler,25,0.0,50.0,0.3
PT107688,F006,Car,Member,2025-06-22,12,260,UPI,Paid,Covered,50,11.88,237.5,0.36
PT107689,F006,Bike,Regular,2025-04-04,20,95,UPI,Paid,Two-Wheeler,25,0.0,42.5,0.64
PT107690,F003,Bike,Regular,2025-08-07,15,147,Credit Card,Paid,Two-Wheeler,25,0.0,75.0,0.75
PT107691,F008,Bike,Regular,2025-02-21,16,306,Debit Card,Paid,Two-Wheeler,25,0.0,142.5,0.5
PT107692,F002,SUV,Visitor,2025-01-19,18,146,Wallet,Paid,Covered,65,0.0,175.5,0.59
PT107693,F002,Bike,Visitor,2025-12-24,12,202,Debit Card,Paid,Two-Wheeler,25,0.0,85.0,0.74
PT107694,F004,SUV,Regular,2025-08-25,8,111,Cash,Paid,Open,65,0.0,130.0,0.91
PT107695,F001,SUV,Regular,2025-06-20,13,164,Debit Card,Paid,Covered,65,0.0,195.0,0.55
PT107696,F001,Bike,Regular,2025-10-02,15,62,Cash,Paid,Two-Wheeler,25,2.5,50.0,0.52
PT107697,F006,Car,Member,2025-10-22,12,140,UPI,Paid,Covered,50,0.0,127.5,0.26
PT107698,F006,SUV,Regular,2025-12-30,13,192,Wallet,Paid,Covered,65,23.4,234.0,0.56
PT107699,F005,EV Car,Regular,2025-06-09,17,50,UPI,Paid,EV Parking,55,0.0,52.25,0.84
PT107700,F007,Car,Regular,2025-08-28,7,20,Wallet,Paid,Covered,50,2.5,50.0,0.59
PT107701,F008,Bike,Regular,2025-03-06,12,111,UPI,Paid,Two-Wheeler,25,0.0,50.0,0.44
PT107702,F004,Car,Regular,2025-08-05,13,93,Debit Card,Paid,Covered,50,0.0,100.0,0.61
PT107703,F007,SUV,Regular,2025-02-16,12,63,Debit Card,Paid,Covered,65,5.52,110.5,0.64
PT107704,F007,SUV,Regular,2025-03-15,13,225,Wallet,Paid,Open,65,13.0,260.0,0.38
PT107705,F003,Car,Member,2025-06-13,13,269,Debit Card,Paid,Open,50,0.0,250.0,0.56
PT107706,F007,SUV,Regular,2025-07-17,19,75,UPI,Paid,Open,65,0.0,130.0,0.65
PT107707,F003,Car,Visitor,2025-11-24,14,117,Credit Card,Paid,Covered,50,0.0,90.0,0.51
PT107708,F007,SUV,Regular,2025-05-28,13,92,UPI,Paid,Covered,65,0.0,130.0,0.15
PT107709,F004,Bike,Member,2025-03-27,11,125,UPI,Paid,Two-Wheeler,25,0.0,75.0,0.6
PT107710,F003,Car,Regular,2025-01-09,7,157,UPI,Paid,Covered,50,6.0,120.0,0.33
PT107711,F001,Car,Visitor,2025-09-10,12,51,UPI,Paid,Covered,50,0.0,45.0,0.63
PT107712,F003,Car,Member,2025-08-20,7,231,Credit Card,Paid,Open,50,20.0,200.0,0.62
PT107713,F003,Bike,Member,2025-09-04,17,198,Wallet,Paid,Two-Wheeler,25,0.0,95.0,0.99
PT107714,F004,Bike,Member,2025-01-01,11,92,Wallet,Paid,Two-Wheeler,25,0.0,47.5,0.17
PT107715,F004,Car,Regular,2025-09-24,19,118,UPI,Paid,Covered,50,0.0,100.0,0.8
PT107716,F003,Car,Regular,2025-04-15,18,150,UPI,Paid,Covered,50,0.0,150.0,0.68
PT107717,F008,Car,Member,2025-08-22,15,115,UPI,Paid,Covered,50,0.0,90.0,0.52
PT107718,F002,SUV,Regular,2025-09-14,18,270,UPI,Paid,Covered,65,27.62,276.25,0.65
PT107719,F008,SUV,Member,2025-03-22,18,48,UPI,Failed,Covered,65,6.5,65.0,0.5
PT107720,F004,Car,Regular,2025-05-03,16,186,UPI,Paid,Covered,50,0.0,160.0,0.81
PT107721,F008,Bike,Regular,2025-06-21,14,107,Credit Card,Paid,Two-Wheeler,25,0.0,50.0,0.54
PT107722,F008,Car,Regular,2025-11-03,20,89,Credit Card,Paid,Covered,50,14.25,95.0,0.61
PT107723,F005,EV Car,Member,2025-09-30,17,115,Credit Card,Paid,EV Parking,55,0.0,110.0,0.73
PT107724,F005,EV Car,Regular,2025-12-25,9,169,UPI,Paid,EV Parking,55,0.0,148.5,0.73
PT107725,F001,Bike,Regular,2025-09-04,13,76,Debit Card,Paid,Two-Wheeler,25,7.5,50.0,0.68
PT107726,F007,EV Car,Regular,2025-12-29,14,57,Cash,Paid,EV Parking,55,0.0,55.0,0.52
PT107727,F003,SUV,Regular,2025-07-13,14,298,UPI,Paid,Covered,65,0.0,325.0,0.54
PT107728,F002,SUV,Regular,2025-04-22,12,36,UPI,Pending,Covered,65,0.0,65.0,0.55
PT107729,F001,Bike,Member,2025-01-23,14,126,UPI,Paid,Two-Wheeler,25,3.75,75.0,0.5
PT107730,F003,Car,Member,2025-11-11,9,60,UPI,Paid,Covered,50,0.0,47.5,0.97
PT107731,F008,Car,Member,2025-07-21,15,230,Credit Card,Paid,Open,50,10.0,200.0,0.52
PT107732,F004,Car,Regular,2025-04-16,14,323,UPI,Paid,Covered,50,0.0,300.0,0.65
PT107733,F005,Bike,Regular,2025-04-04,16,102,Credit Card,Paid,Two-Wheeler,25,0.0,50.0,0.58
PT107734,F006,Car,Regular,2025-01-25,15,100,UPI,Paid,Open,50,0.0,100.0,0.72
PT107735,F002,Car,Regular,2025-05-25,9,88,Debit Card,Paid,Covered,50,10.0,100.0,0.79
PT107736,F008,Bike,Visitor,2025-01-19,12,140,UPI,Paid,Two-Wheeler,25,0.0,75.0,0.54
PT107737,F006,Car,Regular,2025-07-29,16,40,Credit Card,Paid,Covered,50,4.25,42.5,0.52
PT107738,F005,Bike,Member,2025-03-23,12,51,UPI,Pending,Two-Wheeler,25,0.0,22.5,0.59
PT107739,F008,EV Car,Regular,2025-02-15,14,258,UPI,Paid,EV Parking,55,0.0,233.75,0.37
PT107740,F007,SUV,Member,2025-02-04,20,42,Cash,Paid,Covered,65,0.0,55.25,0.79
PT107741,F007,Bike,Regular,2025-07-21,8,128,Debit Card,Paid,Two-Wheeler,25,0.0,75.0,0.57
PT107742,F006,Bike,Member,2025-01-23,10,128,UPI,Paid,Two-Wheeler,25,0.0,75.0,0.76
PT107743,F004,Bike,Visitor,2025-12-31,13,215,Debit Card,Paid,Two-Wheeler,25,9.0,90.0,0.47
PT107744,F008,Car,Regular,2025-10-27,16,154,Credit Card,Failed,Covered,50,19.12,127.5,0.57
PT107745,F003,SUV,Member,2025-09-22,12,116,Credit Card,Failed,Covered,65,11.7,117.0,0.6
PT107746,F008,Car,Regular,2025-12-12,9,155,UPI,Paid,Open,50,7.12,142.5,0.61
PT107747,F004,Car,Member,2025-12-15,12,203,Cash,Paid,Open,50,0.0,190.0,0.47
PT107748,F008,SUV,Visitor,2025-07-06,15,101,UPI,Pending,Open,65,6.5,130.0,0.77
PT107749,F006,Car,Regular,2025-10-25,17,20,UPI,Paid,Covered,50,0.0,50.0,0.7
PT107750,F004,Car,Regular,2025-07-09,21,119,UPI,Paid,Covered,50,10.0,100.0,0.56
PT107751,F005,Car,Member,2025-08-28,16,458,Debit Card,Paid,Open,50,60.0,400.0,0.58
PT107752,F002,Car,Regular,2025-12-15,14,126,Wallet,Paid,Open,50,0.0,150.0,0.19
PT107753,F004,Car,Visitor,2025-05-07,12,227,Cash,Paid,Open,50,30.0,200.0,0.44
PT107754,F008,Car,Regular,2025-10-18,19,30,Debit Card,Pending,Open,50,5.0,50.0,0.72
PT107755,F005,Bike,Regular,2025-04-21,14,131,Wallet,Paid,Two-Wheeler,25,0.0,75.0,0.64
PT107756,F002,SUV,Member,2025-02-12,15,235,Debit Card,Paid,Covered,65,31.2,208.0,0.69
PT107757,F007,Car,Visitor,2025-10-28,13,190,Debit Card,Paid,Covered,50,0.0,180.0,0.4
PT107758,F003,SUV,Regular,2025-05-14,11,107,Wallet,Paid,Open,65,0.0,130.0,0.28
PT107759,F006,Car,Visitor,2025-01-13,14,84,UPI,Paid,Open,50,0.0,90.0,0.8
PT107760,F008,Car,Regular,2025-01-11,17,117,Debit Card,Paid,Open,50,5.0,100.0,0.99
PT107761,F008,Car,Member,2025-04-12,13,145,Debit Card,Paid,Open,50,0.0,127.5,0.32
PT107762,F007,Bike,Regular,2025-07-16,15,66,Wallet,Paid,Two-Wheeler,25,6.75,45.0,0.24
PT107763,F003,Car,Member,2025-02-24,7,46,Cash,Pending,Covered,50,0.0,50.0,0.43
PT107764,F007,Bike,Regular,2025-07-02,19,182,Cash,Paid,Two-Wheeler,25,0.0,90.0,0.78
PT107765,F001,SUV,Regular,2025-01-19,20,176,Wallet,Paid,Covered,65,8.29,165.75,0.92
PT107766,F007,Bike,Member,2025-12-29,13,231,Credit Card,Paid,Two-Wheeler,25,0.0,100.0,0.45
PT107767,F005,Bike,Visitor,2025-09-19,14,202,UPI,Paid,Two-Wheeler,25,10.0,100.0,0.46
PT107768,F002,EV Car,Visitor,2025-01-09,10,175,UPI,Paid,EV Parking,55,0.0,156.75,0.75
PT107769,F008,Car,Visitor,2025-05-28,10,69,Credit Card,Paid,Covered,50,20.0,100.0,0.67
PT107770,F007,Car,Regular,2025-01-25,14,196,Credit Card,Paid,Covered,50,10.0,200.0,0.23
PT107771,F008,SUV,Regular,2025-11-02,15,114,Credit Card,Paid,Covered,65,0.0,130.0,0.54
PT107772,F004,Bike,Regular,2025-03-13,12,51,UPI,Paid,Two-Wheeler,25,0.0,23.75,0.39
PT107773,F003,Car,Member,2025-11-18,12,220,Wallet,Paid,Open,50,0.0,200.0,0.8
PT107774,F007,Car,Visitor,2025-02-26,14,105,UPI,Paid,Covered,50,20.0,100.0,0.25
PT107775,F002,Bike,Visitor,2025-01-22,19,20,Cash,Paid,Two-Wheeler,25,1.06,21.25,0.83
PT107776,F005,Car,Regular,2025-11-08,10,96,Wallet,Paid,Open,50,0.0,100.0,0.81
PT107777,F001,Car,Visitor,2025-02-05,14,69,Credit Card,Paid,Covered,50,0.0,80.0,0.45
PT107778,F008,EV Car,Regular,2025-06-28,8,94,Credit Card,Paid,EV Parking,55,16.5,110.0,0.75
PT107779,F003,SUV,Regular,2025-03-09,13,77,Debit Card,Paid,Covered,65,0.0,110.5,0.78
PT107780,F006,Bike,Visitor,2025-01-01,13,78,Debit Card,Paid,Two-Wheeler,25,5.0,50.0,0.46
PT107781,F002,Bike,Regular,2025-02-17,10,157,UPI,Paid,Two-Wheeler,25,6.75,67.5,0.9
PT107782,F006,SUV,Regular,2025-06-01,10,101,UPI,Pending,Covered,65,0.0,130.0,0.87
PT107783,F002,Car,Regular,2025-07-16,13,48,UPI,Paid,Covered,50,0.0,50.0,0.76
PT107784,F002,Car,Regular,2025-02-27,9,171,UPI,Paid,Covered,50,0.0,150.0,0.57
PT107785,F005,Bike,Regular,2025-02-17,12,169,UPI,Paid,Two-Wheeler,25,0.0,75.0,0.47
PT107786,F005,SUV,Regular,2025-12-21,8,214,UPI,Failed,Covered,65,52.0,260.0,0.64
PT107787,F005,Car,Regular,2025-08-22,12,81,Debit Card,Paid,Covered,50,4.75,95.0,0.59
PT107788,F007,EV Car,Member,2025-07-07,14,229,Wallet,Paid,EV Parking,55,22.0,220.0,0.39
PT107789,F004,Bike,Regular,2025-04-24,16,126,Debit Card,Paid,Two-Wheeler,25,0.0,67.5,0.63
PT107790,F002,Car,Visitor,2025-03-31,17,213,Wallet,Paid,Covered,50,0.0,200.0,0.79
PT107791,F003,Car,Member,2025-06-18,12,279,Debit Card,Paid,Covered,50,25.0,250.0,0.41
PT107792,F006,Car,Member,2025-12-29,19,64,Debit Card,Paid,Covered,50,0.0,90.0,0.59
PT107793,F005,SUV,Member,2025-12-27,11,81,UPI,Paid,Open,65,0.0,130.0,0.61
PT107794,F007,EV Car,Visitor,2025-06-26,8,104,UPI,Paid,EV Parking,55,0.0,104.5,0.99
PT107795,F005,Car,Regular,2025-07-11,19,146,Cash,Paid,Open,50,7.12,142.5,0.72
PT107796,F006,EV Car,Visitor,2025-05-13,14,61,Wallet,Paid,EV Parking,55,11.0,110.0,0.59
PT107797,F006,SUV,Regular,2025-06-21,12,154,Credit Card,Paid,Covered,65,0.0,185.25,0.33
PT107798,F008,Bike,Regular,2025-01-18,18,144,UPI,Paid,Two-Wheeler,25,11.25,75.0,0.47
PT107799,F002,Bike,Regular,2025-09-08,16,63,Debit Card,Paid,Two-Wheeler,25,0.0,50.0,0.34
PT107800,F005,Bike,Member,2025-04-22,17,95,UPI,Paid,Two-Wheeler,25,0.0,50.0,0.86
PT107801,F006,Bike,Regular,2025-02-09,12,206,UPI,Paid,Two-Wheeler,25,0.0,95.0,0.22
PT107802,F004,Car,Regular,2025-04-12,18,300,Cash,Paid,Open,50,20.0,200.0,0.89
PT107803,F004,Bike,Member,2025-06-23,15,140,Credit Card,Paid,Two-Wheeler,25,0.0,67.5,0.32
PT107804,F005,Car,Regular,2025-11-10,16,150,Debit Card,Failed,Open,50,0.0,150.0,0.45
PT107805,F007,SUV,Member,2025-12-07,12,101,Wallet,Paid,Covered,65,0.0,130.0,0.74
PT107806,F006,SUV,Member,2025-10-29,11,79,Credit Card,Paid,Open,65,6.18,123.5,0.46
PT107807,F008,Car,Member,2025-07-15,13,232,Credit Card,Paid,Covered,50,20.0,200.0,0.34
PT107808,F002,Car,Regular,2025-03-13,14,229,UPI,Paid,Covered,50,0.0,190.0,0.35
PT107809,F002,Bike,Member,2025-07-01,15,148,UPI,Pending,Two-Wheeler,25,9.0,60.0,0.74
PT107810,F007,Bike,Member,2025-08-29,14,94,Debit Card,Paid,Two-Wheeler,25,0.0,50.0,0.64
PT107811,F008,Car,Member,2025-10-16,15,175,Credit Card,Paid,Covered,50,0.0,127.5,0.59
PT107812,F002,Bike,Regular,2025-11-19,15,43,UPI,Paid,Two-Wheeler,25,1.25,25.0,0.6
PT107813,F008,Car,Regular,2025-04-23,15,354,UPI,Paid,Covered,50,30.0,300.0,0.63
PT107814,F001,Car,Visitor,2025-12-06,11,179,Credit Card,Failed,Covered,50,0.0,150.0,0.54
PT107815,F005,Car,Regular,2025-06-12,13,57,Credit Card,Paid,Covered,50,2.38,47.5,0.34
PT107816,F002,Car,Member,2025-02-08,16,49,Debit Card,Paid,Covered,50,0.0,45.0,0.39
PT107817,F004,SUV,Member,2025-08-23,18,111,Credit Card,Paid,Covered,65,6.5,130.0,0.67
PT107818,F006,EV Car,Member,2025-03-12,14,68,UPI,Paid,EV Parking,55,5.5,110.0,0.26
PT107819,F008,Bike,Visitor,2025-08-07,21,109,Credit Card,Paid,Two-Wheeler,25,10.0,50.0,0.38
PT107820,F008,Bike,Regular,2025-01-05,10,67,Wallet,Paid,Two-Wheeler,25,0.0,50.0,0.63
PT107821,F003,Car,Member,2025-08-29,11,184,UPI,Paid,Covered,50,10.0,200.0,0.79
PT107822,F007,Bike,Member,2025-06-14,13,354,Debit Card,Paid,Two-Wheeler,25,7.5,150.0,0.45
PT107823,F003,Car,Regular,2025-01-01,14,118,Credit Card,Paid,Open,50,0.0,100.0,0.48
PT107824,F002,Bike,Member,2025-07-03,13,33,Debit Card,Paid,Two-Wheeler,25,0.0,25.0,0.5
PT107825,F003,EV Car,Regular,2025-01-08,13,115,UPI,Paid,EV Parking,55,22.0,110.0,0.24
PT107826,F003,Car,Regular,2025-04-18,13,30,Wallet,Paid,Covered,50,0.0,47.5,0.76
PT107827,F001,SUV,Regular,2025-07-04,12,209,Debit Card,Paid,Covered,65,26.0,260.0,0.71
PT107828,F008,Car,Regular,2025-10-11,9,294,Cash,Paid,Open,50,0.0,250.0,0.72
PT107829,F004,Car,Member,2025-06-03,20,151,UPI,Paid,Covered,50,15.0,150.0,0.58
PT107830,F007,Car,Regular,2025-02-03,17,64,Debit Card,Paid,Covered,50,0.0,100.0,0.75
PT107831,F004,Car,Regular,2025-12-18,17,48,Debit Card,Paid,Covered,50,8.5,42.5,0.77
PT107832,F001,Car,Regular,2025-01-22,12,177,UPI,Paid,Open,50,7.12,142.5,0.57
PT107833,F001,Car,Regular,2025-05-28,13,204,UPI,Paid,Covered,50,0.0,200.0,0.63
PT107834,F003,Car,Regular,2025-05-31,19,208,Debit Card,Paid,Covered,50,9.5,190.0,0.91
PT107835,F005,Car,Member,2025-03-08,21,49,UPI,Paid,Covered,50,2.5,50.0,0.79
PT107836,F008,Bike,Regular,2025-03-19,20,44,Debit Card,Paid,Two-Wheeler,25,0.0,25.0,0.55
PT107837,F006,EV Car,Member,2025-08-20,15,151,UPI,Paid,EV Parking,55,0.0,165.0,0.49
PT107838,F008,Car,Regular,2025-02-08,11,95,UPI,Paid,Covered,50,9.5,95.0,0.34
PT107839,F006,Car,Member,2025-06-14,14,74,Debit Card,Paid,Covered,50,10.0,100.0,0.46
PT107840,F003,Car,Regular,2025-04-09,14,33,UPI,Paid,Open,50,0.0,47.5,0.44
PT107841,F006,SUV,Member,2025-05-09,19,147,Wallet,Paid,Open,65,27.79,185.25,0.87
PT107842,F001,Bike,Member,2025-01-19,12,267,Cash,Paid,Two-Wheeler,25,0.0,100.0,0.74
PT107843,F004,Bike,Regular,2025-09-28,11,20,Debit Card,Paid,Two-Wheeler,25,0.0,21.25,0.39
PT107844,F006,Car,Regular,2025-01-01,11,238,Cash,Paid,Open,50,10.0,200.0,0.53
PT107845,F008,Bike,Visitor,2025-10-14,11,123,Cash,Paid,Two-Wheeler,25,0.0,67.5,0.32
PT107846,F007,Car,Regular,2025-06-29,15,126,UPI,Paid,Covered,50,0.0,150.0,0.51
PT107847,F003,EV Car,Regular,2025-09-13,17,94,Cash,Pending,EV Parking,55,0.0,88.0,0.88
PT107848,F005,SUV,Regular,2025-06-23,12,101,UPI,Paid,Open,65,0.0,130.0,0.61
PT107849,F003,Car,Member,2025-12-08,10,77,UPI,Paid,Covered,50,0.0,100.0,0.87
PT107850,F002,Bike,Member,2025-02-19,12,157,Credit Card,Paid,Two-Wheeler,25,7.5,75.0,0.33
PT107851,F003,Car,Member,2025-01-20,14,117,Debit Card,Paid,Open,50,0.0,100.0,0.73
PT107852,F001,Car,Member,2025-04-15,15,276,UPI,Paid,Open,50,25.0,250.0,0.52
PT107853,F004,SUV,Member,2025-07-09,14,41,UPI,Paid,Covered,65,3.09,61.75,0.25
PT107854,F004,Bike,Visitor,2025-08-27,11,20,Credit Card,Paid,Two-Wheeler,25,0.0,21.25,0.75
PT107855,F007,Car,Regular,2025-02-12,19,87,UPI,Paid,Covered,50,0.0,100.0,0.99
PT107856,F006,Car,Visitor,2025-01-05,13,57,Debit Card,Paid,Open,50,4.5,45.0,0.7
PT107857,F001,SUV,Visitor,2025-09-05,13,84,Debit Card,Paid,Open,65,0.0,130.0,0.18
PT107858,F002,Bike,Regular,2025-03-07,20,168,UPI,Paid,Two-Wheeler,25,0.0,71.25,0.79
PT107859,F001,Bike,Member,2025-09-08,18,103,UPI,Paid,Two-Wheeler,25,4.75,47.5,0.89
PT107860,F003,Car,Regular,2025-05-08,17,291,Debit Card,Paid,Covered,50,23.75,237.5,0.69
PT107861,F001,Car,Visitor,2025-07-04,10,82,Credit Card,Paid,Open,50,5.0,100.0,0.66
PT107862,F001,EV Car,Regular,2025-07-07,17,70,UPI,Failed,EV Parking,55,0.0,110.0,0.94
PT107863,F007,Bike,Regular,2025-07-02,13,166,UPI,Paid,Two-Wheeler,25,0.0,75.0,0.69
PT107864,F002,Car,Member,2025-03-12,11,80,UPI,Paid,Covered,50,0.0,100.0,0.34
PT107865,F003,Bike,Regular,2025-03-07,22,47,UPI,Paid,Two-Wheeler,25,2.5,25.0,0.64
PT107866,F005,SUV,Regular,2025-11-25,10,66,Credit Card,Paid,Open,65,0.0,130.0,0.99
PT107867,F007,Car,Regular,2025-09-07,19,65,Debit Card,Failed,Covered,50,0.0,95.0,0.71
PT107868,F005,Car,Visitor,2025-06-04,6,187,Credit Card,Paid,Covered,50,0.0,200.0,0.4
PT107869,F007,Bike,Member,2025-03-20,13,119,Cash,Paid,Two-Wheeler,25,2.5,50.0,0.4
PT107870,F004,Bike,Visitor,2025-01-19,7,235,UPI,Paid,Two-Wheeler,25,4.75,95.0,0.52
PT107871,F008,SUV,Member,2025-09-26,19,83,Credit Card,Paid,Covered,65,0.0,130.0,0.76
PT107872,F007,SUV,Visitor,2025-02-14,9,125,Credit Card,Paid,Covered,65,0.0,195.0,0.78
PT107873,F006,Car,Regular,2025-09-19,15,232,Debit Card,Pending,Covered,50,0.0,200.0,0.65
PT107874,F001,Car,Regular,2025-08-10,15,58,Debit Card,Paid,Covered,50,0.0,50.0,0.57
PT107875,F004,EV Car,Member,2025-05-09,16,156,Debit Card,Paid,EV Parking,55,0.0,165.0,0.72
PT107876,F002,Bike,Regular,2025-04-16,16,79,Debit Card,Paid,Two-Wheeler,25,0.0,50.0,0.72
PT107877,F005,Bike,Visitor,2025-09-08,7,197,UPI,Paid,Two-Wheeler,25,4.75,95.0,0.48
PT107878,F008,Bike,Member,2025-05-01,13,82,Debit Card,Paid,Two-Wheeler,25,5.0,50.0,0.62
PT107879,F008,Bike,Member,2025-08-18,12,148,Debit Card,Paid,Two-Wheeler,25,14.25,71.25,0.59
PT107880,F007,Car,Member,2025-10-08,21,20,Wallet,Paid,Open,50,6.38,42.5,0.75
PT107881,F001,SUV,Member,2025-08-15,16,41,Debit Card,Paid,Open,65,0.0,65.0,0.24
PT107882,F002,SUV,Member,2025-10-02,15,56,Debit Card,Paid,Covered,65,0.0,65.0,0.58
PT107883,F006,Bike,Regular,2025-05-18,13,176,Credit Card,Paid,Two-Wheeler,25,0.0,75.0,0.24
PT107884,F002,Bike,Member,2025-06-22,18,93,Cash,Paid,Two-Wheeler,25,5.0,50.0,0.83
PT107885,F001,Car,Regular,2025-11-23,6,20,Wallet,Paid,Open,50,0.0,47.5,0.88
PT107886,F006,Car,Visitor,2025-09-28,11,203,Debit Card,Failed,Covered,50,0.0,200.0,0.43
PT107887,F002,Car,Regular,2025-08-03,15,165,Credit Card,Paid,Covered,50,0.0,127.5,0.36
PT107888,F006,Car,Member,2025-08-16,14,304,UPI,Paid,Open,50,0.0,300.0,0.68
PT107889,F007,EV Car,Regular,2025-04-17,14,39,Debit Card,Paid,EV Parking,55,4.95,49.5,0.81
PT107890,F007,SUV,Regular,2025-06-08,13,126,Debit Card,Paid,Covered,65,9.26,185.25,0.41
PT107891,F001,Bike,Member,2025-05-16,10,139,Debit Card,Paid,Two-Wheeler,25,0.0,75.0,0.77
PT107892,F001,Bike,Member,2025-09-08,10,79,UPI,Paid,Two-Wheeler,25,7.5,50.0,0.99
PT107893,F006,Car,Visitor,2025-01-30,12,38,Debit Card,Paid,Covered,50,0.0,50.0,0.29
PT107894,F003,EV Car,Regular,2025-04-08,13,43,UPI,Paid,EV Parking,55,0.0,55.0,0.16
PT107895,F004,Car,Member,2025-04-07,17,158,Debit Card,Paid,Covered,50,0.0,127.5,0.82
PT107896,F008,Car,Regular,2025-09-14,13,163,UPI,Paid,Covered,50,7.5,150.0,0.41
PT107897,F002,Bike,Member,2025-09-29,18,88,Debit Card,Paid,Two-Wheeler,25,2.38,47.5,0.84
PT107898,F002,SUV,Visitor,2025-01-11,9,281,UPI,Paid,Covered,65,0.0,292.5,0.92
PT107899,F003,SUV,Visitor,2025-12-08,11,77,UPI,Paid,Covered,65,26.0,130.0,0.53
PT107900,F003,Car,Member,2025-06-17,8,81,Debit Card,Paid,Covered,50,0.0,100.0,0.99
PT107901,F003,SUV,Regular,2025-07-30,14,210,UPI,Paid,Covered,65,0.0,260.0,0.5
PT107902,F005,Car,Regular,2025-06-21,9,122,Debit Card,Paid,Covered,50,7.5,150.0,0.92
PT107903,F005,Car,Regular,2025-11-22,17,118,Wallet,Paid,Covered,50,15.0,100.0,0.78
PT107904,F006,SUV,Member,2025-04-30,7,64,Wallet,Paid,Covered,65,6.5,130.0,0.52
PT107905,F005,SUV,Regular,2025-07-04,13,180,UPI,Paid,Open,65,39.0,195.0,0.59
PT107906,F007,Bike,Member,2025-02-08,13,92,Cash,Paid,Two-Wheeler,25,0.0,50.0,0.38
PT107907,F007,Bike,Regular,2025-09-14,11,325,UPI,Paid,Two-Wheeler,25,7.5,150.0,0.26
PT107908,F001,SUV,Regular,2025-10-06,14,231,Wallet,Paid,Covered,65,26.0,260.0,0.69
PT107909,F008,SUV,Regular,2025-08-18,13,95,Debit Card,Paid,Covered,65,0.0,130.0,0.66
PT107910,F006,SUV,Regular,2025-04-25,10,178,UPI,Pending,Open,65,0.0,165.75,0.94
PT107911,F008,Bike,Regular,2025-10-31,17,453,UPI,Paid,Two-Wheeler,25,40.0,200.0,0.72
PT107912,F002,EV Car,Regular,2025-04-01,15,66,UPI,Paid,EV Parking,55,0.0,99.0,0.55
PT107913,F004,EV Car,Regular,2025-11-05,6,228,Debit Card,Paid,EV Parking,55,0.0,220.0,0.51
PT107914,F001,Car,Member,2025-03-02,14,134,UPI,Paid,Covered,50,21.38,142.5,0.48
PT107915,F002,SUV,Member,2025-04-13,11,421,Debit Card,Paid,Covered,65,70.2,468.0,0.23
PT107916,F002,Bike,Member,2025-08-03,19,147,Credit Card,Paid,Two-Wheeler,25,14.25,71.25,0.99
PT107917,F006,Car,Member,2025-04-12,16,118,Wallet,Paid,Open,50,13.5,90.0,0.59
PT107918,F003,Bike,Regular,2025-05-23,15,103,,Paid,Two-Wheeler,25,0.0,50.0,0.65
PT107919,F003,Car,Regular,2025-03-31,8,387,Credit Card,Paid,Open,50,52.5,350.0,0.79
PT107920,F008,Bike,Member,2025-04-28,19,159,Debit Card,Paid,Two-Wheeler,25,0.0,75.0,0.71
PT107921,F001,SUV,Regular,2025-05-19,10,202,Cash,Paid,Open,65,12.35,247.0,0.79
PT107922,F003,Car,Regular,2025-10-30,13,109,Cash,Pending,Covered,50,0.0,80.0,0.58
PT107923,F002,Bike,Regular,2025-08-28,15,142,UPI,Paid,Two-Wheeler,25,7.5,75.0,0.63
PT107924,F003,EV Car,Member,2025-05-16,14,133,UPI,Paid,EV Parking,55,7.01,140.25,0.53
PT107925,F005,Bike,Member,2025-01-05,18,48,UPI,Paid,Two-Wheeler,25,2.12,21.25,0.72
PT107926,F003,Car,Regular,2025-07-28,17,364,Credit Card,Paid,Open,50,0.0,315.0,0.76
PT107927,F002,Bike,Visitor,2025-03-28,9,146,UPI,Paid,Two-Wheeler,25,0.0,75.0,0.9
PT107928,F008,Bike,Member,2025-12-13,15,38,Credit Card,Paid,Two-Wheeler,25,0.0,25.0,0.39
PT107929,F006,Bike,Regular,2025-11-15,8,408,Debit Card,Paid,Two-Wheeler,25,0.0,175.0,0.95
PT107930,F001,SUV,Visitor,2025-10-04,16,56,Credit Card,Paid,Covered,65,3.25,65.0,0.76
PT107931,F004,Bike,Regular,2025-05-01,16,60,Debit Card,Pending,Two-Wheeler,25,0.0,21.25,0.39
PT107932,F003,SUV,Regular,2025-09-02,12,58,UPI,Paid,Open,65,3.25,65.0,0.62
PT107933,F007,Bike,Regular,2025-12-24,16,63,Cash,Paid,Two-Wheeler,25,0.0,50.0,0.45
PT107934,F007,Car,Regular,2025-03-31,15,89,Wallet,Paid,Open,50,0.0,90.0,0.26
PT107935,F008,Bike,Regular,2025-05-20,14,232,Credit Card,Paid,Two-Wheeler,25,5.0,100.0,0.59
PT107936,F002,SUV,Visitor,2025-04-22,13,81,Cash,Paid,Covered,65,0.0,130.0,0.61
PT107937,F004,Bike,Regular,2025-08-28,9,161,UPI,Paid,Two-Wheeler,25,0.0,75.0,0.82
PT107938,F004,Car,Regular,2025-09-29,14,215,Debit Card,Paid,Covered,50,0.0,200.0,0.69
PT107939,F005,Car,Visitor,2025-05-23,10,146,UPI,Paid,Covered,50,0.0,135.0,0.79
PT107940,F004,Car,Regular,2025-07-26,15,335,UPI,Paid,Open,50,12.75,255.0,0.49
PT107941,F007,Car,Regular,2025-04-29,14,179,UPI,Paid,Covered,50,0.0,150.0,0.61
PT107942,F006,Bike,Regular,2025-03-25,12,41,Credit Card,Paid,Two-Wheeler,25,0.0,25.0,0.59
PT107943,F002,Car,Regular,2025-09-08,11,184,UPI,Paid,Open,50,9.5,190.0,0.61
PT107944,F002,SUV,Regular,2025-10-05,13,120,Debit Card,Paid,Covered,65,0.0,130.0,0.42
PT107945,F003,Car,Member,2025-06-12,14,46,UPI,Paid,Open,50,2.5,50.0,0.53
PT107946,F003,Car,Regular,2025-05-22,17,95,Cash,Paid,Covered,50,0.0,100.0,0.77
PT107947,F003,Bike,Regular,2025-12-16,12,20,Debit Card,Failed,Two-Wheeler,25,3.56,23.75,0.6
PT107948,F007,Car,Regular,2025-01-31,13,107,UPI,Paid,Covered,50,0.0,100.0,0.6
PT107949,F007,SUV,Regular,2025-11-22,12,164,UPI,Paid,Open,65,0.0,156.0,0.46
PT107950,F008,Car,Member,2025-04-01,13,175,Cash,Paid,Covered,50,22.5,150.0,0.35
PT107951,F007,Bike,Regular,2025-05-08,14,63,UPI,Paid,Two-Wheeler,25,2.12,42.5,0.45
PT107952,F007,SUV,Regular,2025-09-24,14,24,Credit Card,Paid,Covered,65,2.76,55.25,0.44
PT107953,F007,Bike,Visitor,2025-02-05,12,139,Debit Card,Paid,Two-Wheeler,25,11.25,75.0,0.43
PT107954,F007,Car,Member,2025-12-02,14,98,UPI,Paid,Covered,50,0.0,100.0,0.57
PT107955,F006,Bike,Regular,2025-10-07,15,201,UPI,Paid,Two-Wheeler,25,8.5,85.0,0.37
PT107956,F007,SUV,Regular,2025-08-01,14,145,Credit Card,Paid,Covered,65,9.26,185.25,0.49
PT107957,F008,EV Car,Regular,2025-08-21,13,147,UPI,Paid,EV Parking,55,0.0,165.0,0.43
PT107958,F004,SUV,Regular,2025-08-16,8,211,UPI,Paid,Covered,65,0.0,260.0,0.6
PT107959,F004,Car,Member,2025-10-25,14,27,UPI,Paid,Covered,50,0.0,50.0,0.68
PT107960,F005,EV Car,Regular,2025-08-25,16,149,UPI,Paid,EV Parking,55,24.75,165.0,0.7
PT107961,F006,Car,Regular,2025-01-21,11,20,UPI,Paid,Open,50,0.0,47.5,0.42
PT107962,F003,Car,Regular,2025-04-06,16,208,Wallet,Paid,Open,50,0.0,200.0,0.62
PT107963,F001,SUV,Regular,2025-02-20,14,319,Credit Card,Paid,Covered,65,19.5,390.0,0.64
PT107964,F007,Car,Regular,2025-12-03,11,105,Debit Card,Paid,Covered,50,10.0,100.0,0.58
PT107965,F005,Car,Visitor,2025-11-07,10,131,UPI,Paid,Covered,50,0.0,135.0,0.47
PT107966,F001,Car,Regular,2025-03-03,11,106,UPI,Paid,Covered,50,9.5,95.0,0.49
PT107967,F008,Bike,Regular,2025-12-09,16,47,Cash,Paid,Two-Wheeler,25,0.0,21.25,0.67
PT107968,F004,SUV,Visitor,2025-06-02,11,41,Debit Card,Paid,Covered,65,6.5,65.0,0.31
PT107969,F005,Bike,Visitor,2025-08-12,15,123,UPI,Paid,Two-Wheeler,25,0.0,63.75,0.57
PT107970,F008,Car,Regular,2025-05-22,14,104,UPI,Paid,Covered,50,0.0,100.0,0.46
PT107971,F005,Bike,Regular,2025-02-10,14,66,Credit Card,Paid,Two-Wheeler,25,2.5,50.0,0.55
PT107972,F002,EV Car,Regular,2025-06-15,18,111,Cash,Paid,EV Parking,55,0.0,110.0,0.52
PT107973,F008,SUV,Member,2025-07-09,18,130,UPI,Paid,Covered,65,0.0,195.0,0.64
PT107974,F004,Car,Member,2025-10-24,14,356,Credit Card,Paid,Open,50,0.0,300.0,0.48
PT107975,F004,EV Car,Regular,2025-02-14,8,165,Debit Card,Paid,EV Parking,55,16.5,165.0,0.82
PT107976,F006,SUV,Regular,2025-07-27,10,284,Wallet,Paid,Open,65,46.31,308.75,0.99
PT107977,F005,Car,Member,2025-04-06,20,84,Cash,Paid,Covered,50,10.0,100.0,0.93
PT107978,F007,Car,Visitor,2025-10-02,9,57,UPI,Paid,Covered,50,10.0,50.0,0.71
PT107979,F004,Car,Regular,2025-10-20,17,81,Debit Card,Failed,Open,50,14.25,95.0,0.83
PT107980,F005,SUV,Regular,2025-08-23,14,275,Debit Card,Paid,Open,65,0.0,292.5,0.46
PT107981,F006,Car,Regular,2025-12-07,9,241,Debit Card,Paid,Covered,50,0.0,212.5,0.67
PT107982,F007,Bike,Member,2025-07-26,19,66,Cash,Paid,Two-Wheeler,25,7.5,50.0,0.73
PT107983,F008,Car,Visitor,2025-01-26,19,36,Wallet,Paid,Covered,50,7.12,47.5,0.7
PT107984,F006,EV Car,Member,2025-12-16,15,384,UPI,Paid,EV Parking,55,77.0,385.0,0.3
PT107985,F002,Car,Regular,2025-12-26,13,126,UPI,Paid,Covered,50,15.0,150.0,0.81
PT107986,F007,EV Car,Regular,2025-07-26,14,104,Debit Card,Paid,EV Parking,55,0.0,104.5,0.37
PT107987,F005,EV Car,Regular,2025-05-21,15,347,UPI,Paid,EV Parking,55,42.08,280.5,0.33
PT107988,F004,Car,Regular,2025-12-13,15,33,UPI,Paid,Covered,50,7.12,47.5,0.47
PT107989,F004,Bike,Member,2025-03-28,16,72,UPI,Paid,Two-Wheeler,25,2.12,42.5,0.29
PT107990,F005,Car,Member,2025-04-08,8,216,Cash,Paid,Covered,50,28.5,190.0,0.92
PT107991,F005,EV Car,Regular,2025-01-23,9,134,UPI,Paid,EV Parking,55,7.42,148.5,0.77
PT107992,F005,Bike,Regular,2025-09-07,12,105,Debit Card,Paid,Two-Wheeler,25,7.5,50.0,0.69
PT107993,F003,Car,Regular,2025-12-30,12,142,UPI,Paid,Open,50,0.0,150.0,0.74
PT107994,F007,Car,Member,2025-09-07,15,85,UPI,Paid,Open,50,13.5,90.0,0.4
PT107995,F004,Car,Member,2025-05-28,10,81,UPI,Paid,Covered,50,0.0,95.0,0.59
PT107996,F007,EV Car,Regular,2025-02-23,14,200,UPI,Paid,EV Parking,55,0.0,220.0,0.55
PT107997,F006,Bike,Regular,2025-11-11,10,136,Cash,Paid,Two-Wheeler,25,0.0,71.25,0.94
PT107998,F004,SUV,Member,2025-02-08,12,88,Cash,Paid,Covered,65,0.0,130.0,0.61
PT107999,F003,Car,Regular,2025-11-30,19,97,Debit Card,Paid,Covered,50,0.0,85.0,0.66
PT108000,F005,Car,Member,2025-08-06,18,129,UPI,Paid,Covered,50,25.5,127.5,0.84
PT108001,F002,EV Car,Regular,2025-12-13,20,20,Credit Card,Paid,EV Parking,55,2.48,49.5,0.79
PT108002,F005,Car,Member,2025-08-25,14,220,UPI,Paid,Open,50,30.0,200.0,0.43
PT108003,F008,EV Car,Visitor,2025-11-21,14,21,UPI,Paid,EV Parking,55,0.0,55.0,0.47
PT108004,F005,Car,Member,2025-11-20,17,49,Credit Card,Paid,Covered,50,0.0,42.5,0.99
PT108005,F003,Car,Regular,2025-12-09,8,29,Debit Card,Paid,Open,50,5.0,50.0,0.69
PT108006,F007,Bike,Visitor,2025-10-04,21,136,UPI,Paid,Two-Wheeler,25,6.38,63.75,0.61
PT108007,F004,EV Car,Member,2025-08-13,13,92,UPI,Paid,EV Parking,55,0.0,93.5,0.74
PT108008,F005,EV Car,Regular,2025-05-24,15,241,Wallet,Paid,EV Parking,55,23.38,233.75,0.33
PT108009,F004,Car,Member,2025-10-15,16,83,Credit Card,Paid,Covered,50,10.0,100.0,0.46
PT108010,F001,Car,Member,2025-07-30,15,20,Wallet,Paid,Covered,50,2.38,47.5,0.47
PT108011,F006,Bike,Regular,2025-06-03,18,71,Wallet,Paid,Two-Wheeler,25,8.5,42.5,0.88
PT108012,F007,Bike,Visitor,2025-09-16,12,303,Credit Card,Paid,Two-Wheeler,25,15.0,150.0,0.42
PT108013,F004,SUV,Regular,2025-08-15,14,55,UPI,Paid,Covered,65,3.09,61.75,0.39
PT108014,F002,Car,Regular,2025-03-23,13,73,Debit Card,Failed,Open,50,0.0,100.0,0.47
PT108015,F006,EV Car,Regular,2025-03-29,15,213,UPI,Paid,EV Parking,55,0.0,220.0,0.52
PT108016,F008,Bike,Regular,2025-11-05,13,179,UPI,Paid,Two-Wheeler,25,0.0,67.5,0.62
PT108017,F008,SUV,Regular,2025-01-04,18,133,Debit Card,Paid,Covered,65,19.5,195.0,0.88
PT108018,F002,Bike,Member,2025-06-22,14,149,Credit Card,Paid,Two-Wheeler,25,7.5,75.0,0.55
PT108019,F005,Car,Regular,2025-02-01,14,394,UPI,Paid,Open,50,0.0,350.0,0.55
PT108020,F006,EV Car,Regular,2025-08-22,14,158,Debit Card,Paid,EV Parking,55,8.25,165.0,0.53
PT108021,F004,Bike,Visitor,2025-08-14,15,216,Debit Card,Paid,Two-Wheeler,25,0.0,90.0,0.39
PT108022,F006,SUV,Member,2025-12-05,14,249,UPI,Paid,Open,65,0.0,325.0,0.36
PT108023,F005,EV Car,Regular,2025-07-25,19,191,UPI,Paid,EV Parking,55,28.05,187.0,0.75
PT108024,F003,Bike,Member,2025-04-12,9,32,UPI,Paid,Two-Wheeler,25,0.0,25.0,0.72
PT108025,F007,Bike,Member,2025-02-27,6,66,UPI,Paid,Two-Wheeler,25,0.0,45.0,0.69
PT108026,F002,Car,Regular,2025-09-26,14,286,Debit Card,Paid,Covered,50,0.0,250.0,0.46
PT108027,F005,Car,Regular,2025-05-30,16,20,Debit Card,Paid,Open,50,0.0,45.0,0.85
PT108028,F003,Car,Regular,2025-09-09,15,102,Debit Card,Paid,Open,50,10.0,100.0,0.28
PT108029,F006,Car,Member,2025-02-13,20,85,UPI,Paid,Covered,50,20.0,100.0,0.39
PT108030,F006,Car,Visitor,2025-01-30,10,135,UPI,Paid,Open,50,6.75,135.0,0.68
PT108031,F005,Car,Member,2025-01-12,15,223,UPI,Paid,Open,50,10.0,200.0,0.46
PT108032,F004,Car,Regular,2025-01-14,17,114,UPI,Paid,Covered,50,0.0,95.0,0.83
PT108033,F006,Bike,Regular,2025-10-19,19,72,UPI,Paid,Two-Wheeler,25,2.25,45.0,0.85
PT108034,F004,Car,Regular,2025-02-14,14,98,UPI,Paid,Covered,50,0.0,95.0,0.39
PT108035,F004,Car,Visitor,2025-07-19,12,234,UPI,Pending,Open,50,0.0,200.0,0.53
PT108036,F007,Bike,Regular,2025-01-24,20,245,Debit Card,Paid,Two-Wheeler,25,17.81,118.75,0.63
PT108037,F004,Bike,Member,2025-09-08,17,24,Debit Card,Pending,Two-Wheeler,25,0.0,23.75,0.94
PT108038,F001,Bike,Regular,2025-04-29,13,58,Credit Card,Paid,Two-Wheeler,25,0.0,25.0,0.31
PT108039,F007,Bike,Regular,2025-03-19,15,119,UPI,Pending,Two-Wheeler,25,0.0,50.0,0.83
PT108040,F003,SUV,Member,2025-08-30,11,83,Cash,Paid,Covered,65,13.0,130.0,0.59
PT108041,F003,Bike,Visitor,2025-07-22,15,125,Wallet,Paid,Two-Wheeler,25,0.0,75.0,0.8
PT108042,F006,Bike,Member,2025-08-25,14,318,UPI,Paid,Two-Wheeler,25,0.0,150.0,0.56
PT108043,F006,EV Car,Regular,2025-10-21,7,95,Debit Card,Paid,EV Parking,55,9.9,99.0,0.37
PT108044,F004,SUV,Regular,2025-12-14,18,308,Cash,Paid,Covered,65,0.0,390.0,0.99
PT108045,F007,Bike,Regular,2025-03-28,14,20,Credit Card,Paid,Two-Wheeler,25,3.75,25.0,0.76
PT108046,F007,Bike,Regular,2025-07-29,13,42,UPI,Paid,Two-Wheeler,25,0.0,25.0,0.58
PT108047,F001,Car,Regular,2025-10-03,12,253,Credit Card,Paid,Covered,50,25.0,250.0,0.65
PT108048,F004,Bike,Member,2025-04-07,10,189,Credit Card,Failed,Two-Wheeler,25,20.0,100.0,0.96
PT108049,F001,EV Car,Regular,2025-01-02,12,235,UPI,Paid,EV Parking,55,0.0,220.0,0.28
PT108050,F008,Bike,Member,2025-08-17,15,27,Wallet,Paid,Two-Wheeler,25,1.12,22.5,0.38
PT108051,F004,EV Car,Visitor,2025-08-31,9,180,Debit Card,Paid,EV Parking,55,0.0,165.0,0.87
PT108052,F002,Car,Member,2025-09-15,12,114,UPI,Paid,Covered,50,10.0,100.0,0.52
PT108053,F002,EV Car,Member,2025-02-11,21,27,Credit Card,Paid,EV Parking,55,8.25,55.0,0.45
PT108054,F005,Bike,Regular,2025-08-01,11,83,Debit Card,Paid,Two-Wheeler,25,5.0,50.0,0.64
PT108055,F004,Car,Regular,2025-10-23,20,112,UPI,Paid,Open,50,14.25,95.0,0.84
PT108056,F007,Bike,Regular,2025-01-03,9,283,UPI,Paid,Two-Wheeler,25,6.25,125.0,0.99
PT108057,F006,Car,Member,2025-01-16,17,138,Wallet,Paid,Covered,50,7.12,142.5,0.99
PT108058,F003,Car,Member,2025-10-06,13,191,Credit Card,Paid,Covered,50,0.0,200.0,0.64
PT108059,F005,SUV,Member,2025-04-12,10,106,UPI,Paid,Covered,65,13.0,130.0,0.78
PT108060,F006,Car,Regular,2025-03-18,16,97,UPI,Pending,Covered,50,13.5,90.0,0.52
PT108061,F002,SUV,Regular,2025-07-21,6,431,Credit Card,Paid,Covered,65,26.0,520.0,0.69
PT108062,F004,Car,Regular,2025-02-24,12,58,Credit Card,Paid,Covered,50,0.0,50.0,0.69
PT108063,F005,Car,Regular,2025-07-28,14,20,UPI,Paid,Covered,50,0.0,50.0,0.72
PT108064,F004,EV Car,Regular,2025-11-25,11,244,Debit Card,Paid,EV Parking,55,26.12,261.25,0.4
PT108065,F002,Car,Visitor,2025-12-20,12,50,UPI,Paid,Covered,50,7.12,47.5,0.4
PT108066,F005,Bike,Member,2025-03-22,9,131,UPI,Paid,Two-Wheeler,25,0.0,75.0,0.82
PT108067,F002,Bike,Regular,2025-09-01,18,161,Credit Card,Paid,Two-Wheeler,25,0.0,71.25,0.8
PT108068,F001,Bike,Regular,2025-08-23,13,97,UPI,Paid,Two-Wheeler,25,0.0,50.0,0.65
PT108069,F002,EV Car,Member,2025-04-24,10,76,Cash,Paid,EV Parking,55,0.0,88.0,0.87
PT108070,F007,Bike,Regular,2025-03-08,10,167,UPI,Paid,Two-Wheeler,25,15.0,75.0,0.79
PT108071,F007,Car,Regular,2025-10-24,11,53,Debit Card,Paid,Open,50,0.0,42.5,0.24
PT108072,F004,SUV,Member,2025-02-09,11,44,UPI,Paid,Open,65,0.0,58.5,0.25
PT108073,F003,Car,Regular,2025-08-09,14,217,UPI,Paid,Covered,50,0.0,160.0,0.41
PT108074,F002,Bike,Regular,2025-04-13,19,104,Debit Card,Paid,Two-Wheeler,25,0.0,50.0,0.74
PT108075,F006,EV Car,Member,2025-10-22,10,122,Credit Card,Paid,EV Parking,55,33.0,165.0,0.99
PT108076,F007,Bike,Regular,2025-02-22,13,294,Debit Card,Paid,Two-Wheeler,25,0.0,118.75,0.49
PT108077,F008,SUV,Regular,2025-10-23,15,114,Credit Card,Paid,Covered,65,0.0,130.0,0.64
PT108078,F003,Bike,Member,2025-02-21,10,97,Credit Card,Paid,Two-Wheeler,25,0.0,45.0,0.92
PT108079,F001,SUV,Member,2025-02-06,10,86,Debit Card,Paid,Covered,65,26.0,130.0,0.76
PT108080,F005,EV Car,Regular,2025-03-08,10,188,Credit Card,Pending,EV Parking,55,44.0,220.0,0.78
PT108081,F005,Car,Regular,2025-06-11,18,46,Credit Card,Paid,Covered,50,0.0,50.0,0.71
PT108082,F007,Car,Visitor,2025-07-25,16,198,Debit Card,Paid,Covered,50,10.0,200.0,0.45
PT108083,F003,Bike,Member,2025-12-07,12,176,Wallet,Paid,Two-Wheeler,25,0.0,75.0,0.29
PT108084,F007,SUV,Member,2025-11-18,19,319,UPI,Paid,Open,65,19.5,390.0,0.94
PT108085,F005,Car,Member,2025-02-21,20,95,Credit Card,Pending,Covered,50,0.0,100.0,0.99
PT108086,F008,Car,Regular,2025-07-28,13,69,UPI,Paid,Open,50,8.5,85.0,0.33
PT108087,F002,Car,Regular,2025-01-02,14,94,UPI,Paid,Covered,50,15.0,100.0,0.35
PT108088,F003,EV Car,Regular,2025-05-09,12,149,UPI,Paid,EV Parking,55,0.0,140.25,0.72
PT108089,F004,Bike,Regular,2025-06-27,11,239,Cash,Paid,Two-Wheeler,25,0.0,90.0,0.41
PT108090,F002,Car,Regular,2025-06-13,16,66,Credit Card,Paid,Covered,50,0.0,95.0,0.35
PT108091,F002,Car,Visitor,2025-12-19,15,48,Debit Card,Paid,Open,50,0.0,40.0,0.49
PT108092,F002,Car,Member,2025-01-22,12,138,UPI,Paid,Covered,50,0.0,150.0,0.48
PT108093,F004,Car,Member,2025-08-15,6,106,Credit Card,Paid,Covered,50,0.0,100.0,0.61
PT108094,F008,Car,Member,2025-03-23,16,223,Wallet,Paid,Covered,50,36.0,180.0,0.6
PT108095,F001,EV Car,Member,2025-06-13,13,63,UPI,Paid,EV Parking,55,0.0,110.0,0.15
PT108096,F008,EV Car,Visitor,2025-01-03,8,180,UPI,Paid,EV Parking,55,24.75,165.0,0.63
PT108097,F008,Car,Member,2025-06-21,9,49,Credit Card,Paid,Covered,50,0.0,50.0,0.93
PT108098,F008,Car,Regular,2025-04-28,15,357,Debit Card,Paid,Open,50,0.0,285.0,0.41
PT108099,F006,Car,Member,2025-05-24,14,20,Credit Card,Paid,Covered,50,0.0,42.5,0.6
PT108100,F007,Bike,Member,2025-09-09,11,86,Credit Card,Paid,Two-Wheeler,25,6.75,45.0,0.55
PT108101,F005,Car,Member,2025-09-23,9,379,Debit Card,Paid,Open,50,0.0,350.0,0.58
PT108102,F007,Car,Member,2025-06-19,18,296,UPI,Failed,Covered,50,0.0,225.0,0.66
PT108103,F003,Car,Regular,2025-08-01,9,178,Debit Card,Pending,Covered,50,13.5,135.0,0.72
PT108104,F008,SUV,Visitor,2025-10-08,8,59,UPI,Paid,Covered,65,6.18,61.75,0.66
PT108105,F001,SUV,Regular,2025-08-15,15,164,UPI,Paid,Covered,65,9.26,185.25,0.59
PT108106,F003,Bike,Regular,2025-09-19,11,130,Debit Card,Pending,Two-Wheeler,25,0.0,67.5,0.57
PT108107,F007,Car,Member,2025-09-12,15,51,Cash,Paid,Covered,50,0.0,47.5,0.43
PT108108,F005,EV Car,Regular,2025-01-08,13,121,Debit Card,Paid,EV Parking,55,16.5,165.0,0.56
PT108109,F004,EV Car,Member,2025-02-10,11,112,Debit Card,Paid,EV Parking,55,5.5,110.0,0.26
PT108110,F007,Car,Visitor,2025-09-14,8,81,UPI,Paid,Open,50,5.0,100.0,0.7
PT108111,F002,Car,Regular,2025-05-11,8,97,UPI,Paid,Open,50,0.0,100.0,0.72
PT108112,F007,Bike,Member,2025-02-21,14,168,UPI,Paid,Two-Wheeler,25,0.0,67.5,0.71
PT108113,F002,Car,Regular,2025-04-12,16,233,Cash,Paid,Covered,50,30.0,200.0,0.55
PT108114,F004,Bike,Visitor,2025-08-07,15,34,Cash,Paid,Two-Wheeler,25,2.38,23.75,0.63
PT108115,F007,Bike,Member,2025-09-01,14,63,Wallet,Paid,Two-Wheeler,25,0.0,45.0,0.32
PT108116,F001,Bike,Member,2025-11-29,11,88,UPI,Paid,Two-Wheeler,25,7.5,50.0,0.48
PT108117,F001,Car,Member,2025-10-30,18,45,Credit Card,Paid,Covered,50,2.25,45.0,0.62
PT108118,F003,Bike,Regular,2025-12-05,15,258,Debit Card,Paid,Two-Wheeler,25,0.0,125.0,0.58
PT108119,F004,EV Car,Member,2025-10-02,15,106,Debit Card,Paid,EV Parking,55,0.0,99.0,0.44
PT108120,F008,Car,Regular,2025-03-11,11,103,Debit Card,Paid,Open,50,10.0,100.0,0.59
PT108121,F001,Bike,Visitor,2025-02-16,11,110,Debit Card,Paid,Two-Wheeler,25,0.0,45.0,0.42
PT108122,F007,Car,Visitor,2025-04-27,19,198,UPI,Paid,Covered,50,9.0,180.0,0.8
PT108123,F004,Car,Member,2025-03-19,13,289,UPI,Paid,Open,50,25.0,250.0,0.38
PT108124,F005,Bike,Regular,2025-01-05,14,78,UPI,Paid,Two-Wheeler,25,0.0,45.0,0.45
PT108125,F002,Car,Member,2025-09-11,9,220,UPI,Paid,Covered,50,30.0,200.0,0.72
PT108126,F007,Car,Regular,2025-11-16,13,126,UPI,Paid,Covered,50,0.0,135.0,0.6
PT108127,F002,Car,Regular,2025-04-17,18,151,UPI,Paid,Covered,50,0.0,150.0,0.77
PT108128,F002,Bike,Regular,2025-09-01,19,185,UPI,Paid,Two-Wheeler,25,4.0,80.0,0.76
PT108129,F008,SUV,Visitor,2025-06-22,16,73,Debit Card,Paid,Open,65,6.18,123.5,0.39
PT108130,F004,Car,Regular,2025-02-05,14,32,Cash,Paid,Covered,50,0.0,45.0,0.49
PT108131,F004,Bike,Member,2025-06-22,19,129,Cash,Paid,Two-Wheeler,25,3.56,71.25,0.73
PT108132,F003,Car,Regular,2025-06-29,18,81,UPI,Paid,Open,50,14.25,95.0,0.79
PT108133,F002,Bike,Member,2025-09-24,17,93,UPI,Paid,Two-Wheeler,25,5.0,50.0,0.51
PT108134,F003,Car,Regular,2025-09-12,18,321,UPI,Paid,Covered,50,30.0,300.0,0.68
PT108135,F008,Bike,Member,2025-11-16,13,121,Wallet,Paid,Two-Wheeler,25,0.0,75.0,0.69
PT108136,F002,EV Car,Visitor,2025-11-17,14,233,Credit Card,Paid,EV Parking,55,0.0,187.0,0.21
PT108137,F003,EV Car,Regular,2025-03-14,13,36,UPI,Paid,EV Parking,55,2.75,55.0,0.4
PT108138,F003,Car,Regular,2025-02-26,16,248,Cash,Paid,Covered,50,0.0,250.0,0.6
PT108139,F005,SUV,Regular,2025-03-07,14,131,UPI,Paid,Covered,65,17.55,175.5,0.6
PT108140,F003,Car,Regular,2025-05-12,8,20,Cash,Paid,Open,50,0.0,45.0,0.78
PT108141,F004,EV Car,Regular,2025-09-17,9,66,UPI,Paid,EV Parking,55,0.0,110.0,0.82
PT108142,F003,Car,Member,2025-05-04,10,143,UPI,Paid,Open,50,0.0,150.0,0.79
PT108143,F002,Car,Regular,2025-04-02,15,191,Credit Card,Paid,Covered,50,0.0,200.0,0.59
PT108144,F003,Car,Regular,2025-10-01,9,92,Cash,Paid,Open,50,0.0,100.0,0.85
PT108145,F001,Car,Regular,2025-05-21,14,117,Cash,Paid,Open,50,4.0,80.0,0.52
PT108146,F006,SUV,Member,2025-08-20,17,54,Credit Card,Paid,Covered,65,3.25,65.0,0.75
PT108147,F002,EV Car,Member,2025-03-11,20,267,UPI,Paid,EV Parking,55,0.0,233.75,0.88
PT108148,F001,Bike,Visitor,2025-06-24,13,47,UPI,Paid,Two-Wheeler,25,0.0,22.5,0.69
PT108149,F008,SUV,Member,2025-12-25,14,93,Wallet,Failed,Open,65,13.0,130.0,0.56
PT108150,F002,SUV,Regular,2025-03-27,17,109,Credit Card,Paid,Open,65,0.0,130.0,0.62
PT108151,F004,Car,Member,2025-09-10,19,260,Debit Card,Paid,Open,50,0.0,250.0,0.68
PT108152,F006,Car,Member,2025-01-30,13,327,Credit Card,Paid,Covered,50,0.0,300.0,0.55
PT108153,F006,Car,Member,2025-06-04,12,201,Credit Card,Paid,Open,50,10.0,200.0,0.66
PT108154,F004,Car,Regular,2025-07-19,13,110,Credit Card,Failed,Open,50,12.75,85.0,0.33
PT108155,F006,Car,Visitor,2025-12-29,11,162,Debit Card,Pending,Open,50,7.12,142.5,0.54
PT108156,F004,Car,Member,2025-06-05,18,116,Cash,Pending,Open,50,20.0,100.0,0.68
PT108157,F001,Car,Member,2025-09-02,12,139,Credit Card,Paid,Covered,50,21.38,142.5,0.52
PT108158,F008,Car,Regular,2025-01-20,13,145,Credit Card,Paid,Covered,50,0.0,150.0,0.43
PT108159,F005,EV Car,Regular,2025-07-22,12,182,UPI,Paid,EV Parking,55,0.0,198.0,0.5
PT108160,F002,Car,Visitor,2025-11-30,9,35,UPI,Paid,Covered,50,0.0,47.5,0.63
PT108161,F004,Bike,Regular,2025-06-01,14,54,Wallet,Paid,Two-Wheeler,25,0.0,20.0,0.79
PT108162,F002,Bike,Regular,2025-03-18,14,157,UPI,Paid,Two-Wheeler,25,3.75,75.0,0.55
PT108163,F008,Bike,Regular,2025-11-24,12,82,Cash,Paid,Two-Wheeler,25,0.0,50.0,0.49
PT108164,F001,Car,Regular,2025-06-21,7,136,Debit Card,Paid,Covered,50,0.0,150.0,0.46
PT108165,F005,Car,Regular,2025-11-25,19,222,Debit Card,Paid,Covered,50,0.0,170.0,0.99
PT108166,F008,Car,Member,2025-09-07,12,125,Wallet,Paid,Covered,50,7.5,150.0,0.57
PT108167,F001,Car,Member,2025-07-05,14,108,Debit Card,Paid,Open,50,5.0,100.0,0.73
PT108168,F006,Car,Visitor,2025-12-28,10,76,Cash,Paid,Open,50,18.0,90.0,0.77
PT108169,F002,Bike,Regular,2025-05-08,11,66,UPI,Paid,Two-Wheeler,25,0.0,45.0,0.5
PT108170,F007,Bike,Member,2025-12-29,13,176,Debit Card,Paid,Two-Wheeler,25,0.0,63.75,0.38
PT108171,F005,Bike,Regular,2025-01-11,14,145,Debit Card,Paid,Two-Wheeler,25,12.75,63.75,0.55
PT108172,F006,Bike,Regular,2025-12-02,18,20,UPI,Paid,Two-Wheeler,25,1.25,25.0,0.87
PT108173,F008,Car,Regular,2025-08-30,12,198,Debit Card,Paid,Covered,50,10.0,200.0,0.3
PT108174,F005,SUV,Member,2025-06-30,18,166,Debit Card,Paid,Open,65,0.0,195.0,0.81
PT108175,F006,Car,Regular,2025-09-22,13,480,Cash,Paid,Open,50,0.0,340.0,0.57
PT108176,F001,SUV,Member,2025-07-14,13,158,UPI,Paid,Open,65,26.32,175.5,0.3
PT108177,F004,SUV,Regular,2025-09-03,13,119,Debit Card,Paid,Open,65,6.5,130.0,0.53
PT108178,F002,Car,Member,2025-04-10,18,159,UPI,Paid,Covered,50,7.5,150.0,0.87
PT108179,F003,Car,Regular,2025-02-21,11,163,Debit Card,Paid,Open,50,0.0,150.0,0.42
PT108180,F003,Bike,Member,2025-03-16,18,131,Credit Card,Paid,Two-Wheeler,25,0.0,71.25,0.96
PT108181,F001,Car,Member,2025-05-13,8,236,Credit Card,Paid,Open,50,0.0,200.0,0.92
PT108182,F008,Car,Member,2025-09-13,20,246,UPI,Paid,Covered,50,25.0,250.0,0.47
PT108183,F002,Car,Member,2025-07-28,14,88,UPI,Paid,Covered,50,0.0,100.0,0.54
PT108184,F008,Car,Regular,2025-05-23,22,196,UPI,Paid,Open,50,0.0,200.0,0.46
PT108185,F002,Bike,Member,2025-03-09,14,72,UPI,Paid,Two-Wheeler,25,0.0,50.0,0.79
PT108186,F001,SUV,Visitor,2025-02-23,9,47,Credit Card,Pending,Covered,65,8.29,55.25,0.64
PT108187,F002,Car,Regular,2025-09-24,8,79,Cash,Paid,Covered,50,0.0,100.0,0.77
PT108188,F004,EV Car,Regular,2025-08-30,10,42,UPI,Paid,EV Parking,55,0.0,52.25,0.67
PT108189,F008,EV Car,Member,2025-02-16,13,280,UPI,Paid,EV Parking,55,13.75,275.0,0.56
PT108190,F001,EV Car,Regular,2025-04-25,16,63,Credit Card,Paid,EV Parking,55,11.0,110.0,0.4
PT108191,F004,SUV,Member,2025-07-15,6,82,Debit Card,Paid,Covered,65,6.5,130.0,0.43
PT108192,F002,Car,Regular,2025-10-21,11,34,UPI,Paid,Covered,50,6.75,45.0,0.86
PT108193,F001,Car,Member,2025-05-10,14,97,UPI,Paid,Covered,50,0.0,95.0,0.41
PT108194,F002,Bike,Regular,2025-02-14,12,135,UPI,Paid,Two-Wheeler,25,11.25,75.0,0.83
PT108195,F008,Bike,Regular,2025-06-04,12,53,UPI,Paid,Two-Wheeler,25,3.75,25.0,0.46
PT108196,F001,SUV,Visitor,2025-11-13,12,126,UPI,Paid,Covered,65,0.0,175.5,0.39
PT108197,F002,EV Car,Member,2025-03-23,20,91,UPI,Paid,EV Parking,55,4.68,93.5,0.49
PT108198,F008,Bike,Member,2025-09-24,8,162,Debit Card,Paid,Two-Wheeler,25,0.0,71.25,0.99
PT108199,F004,Car,Regular,2025-06-06,19,124,Credit Card,Paid,Open,50,0.0,142.5,0.86
PT108200,F007,Car,Visitor,2025-01-25,12,75,UPI,Paid,Covered,50,0.0,100.0,0.47
PT108201,F004,Car,Regular,2025-11-30,11,98,Debit Card,Paid,Open,50,0.0,100.0,0.38
PT108202,F002,Bike,Member,2025-07-01,18,112,Credit Card,Paid,Two-Wheeler,25,9.0,45.0,0.89
PT108203,F001,Bike,Regular,2025-06-23,12,92,Wallet,Pending,Two-Wheeler,25,0.0,47.5,0.89
PT108204,F003,SUV,Visitor,2025-10-24,21,137,UPI,Paid,Open,65,9.75,195.0,0.49
PT108205,F004,Bike,Member,2025-02-10,14,73,Debit Card,Failed,Two-Wheeler,25,0.0,47.5,0.51
PT108206,F004,EV Car,Member,2025-12-23,13,67,Debit Card,Paid,EV Parking,55,0.0,110.0,0.62
PT108207,F008,Bike,Regular,2025-10-15,21,71,UPI,Paid,Two-Wheeler,25,0.0,47.5,0.39
PT108208,F006,SUV,Visitor,2025-02-18,11,111,Wallet,Paid,Covered,65,0.0,117.0,0.72
PT108209,F003,Car,Regular,2025-09-19,19,89,Credit Card,Paid,Covered,50,5.0,100.0,0.99
PT108210,F002,SUV,Visitor,2025-09-01,14,95,Debit Card,Paid,Covered,65,22.1,110.5,0.61
PT108211,F007,Bike,Member,2025-02-26,16,39,UPI,Paid,Two-Wheeler,25,0.0,25.0,0.52
PT108212,F001,Car,Regular,2025-01-06,14,183,UPI,Paid,Covered,50,40.0,200.0,0.51
PT108213,F006,Car,Regular,2025-02-16,15,136,Credit Card,Paid,Open,50,7.12,142.5,0.42
PT108214,F002,EV Car,Regular,2025-03-04,10,85,UPI,Paid,EV Parking,55,4.95,99.0,0.78
PT108215,F005,Car,Regular,2025-03-08,10,162,Credit Card,Paid,Open,50,0.0,150.0,0.7
PT108216,F007,Bike,Visitor,2025-07-02,13,52,UPI,Paid,Two-Wheeler,25,0.0,25.0,0.42
PT108217,F004,Car,Regular,2025-06-11,12,330,Debit Card,Pending,Covered,50,38.25,255.0,0.61
PT108218,F005,Bike,,2025-10-24,16,204,Credit Card,Paid,Two-Wheeler,25,5.0,100.0,0.42
PT108219,F004,SUV,Regular,2025-04-15,16,99,UPI,Paid,Covered,65,0.0,104.0,0.45
PT108220,F004,Car,Regular,2025-09-20,14,92,Debit Card,Paid,Covered,50,9.0,90.0,0.65
PT108221,F005,Bike,Member,2025-02-26,13,150,Credit Card,Paid,Two-Wheeler,25,0.0,75.0,0.47
PT108222,F007,EV Car,Regular,2025-01-16,15,73,UPI,Paid,EV Parking,55,9.9,99.0,0.42
PT108223,F008,SUV,Member,2025-02-28,15,202,UPI,Paid,Open,65,0.0,260.0,0.4
PT108224,F005,SUV,Member,2025-06-15,17,155,UPI,Paid,Open,65,29.25,195.0,0.79
PT108225,F002,Bike,Regular,2025-09-07,17,73,UPI,Paid,Two-Wheeler,25,0.0,50.0,0.68
PT108226,F006,Car,Regular,2025-02-03,8,99,Wallet,Failed,Covered,50,0.0,100.0,0.65
PT108227,F006,Car,Member,2025-02-15,12,48,Credit Card,Paid,Covered,50,2.5,50.0,0.44
PT108228,F005,SUV,Regular,2025-10-26,13,60,UPI,Paid,Covered,65,0.0,65.0,0.75
PT108229,F002,Car,Regular,2025-02-16,17,167,UPI,Failed,Covered,50,22.5,150.0,0.79
PT108230,F008,Car,Member,2025-09-09,14,186,UPI,Paid,Open,50,10.0,200.0,0.44
PT108231,F006,Car,Member,2025-06-15,13,75,Credit Card,Paid,Covered,50,0.0,100.0,0.38
PT108232,F002,Bike,Regular,2025-11-13,14,198,UPI,Paid,Two-Wheeler,25,0.0,100.0,0.66
PT108233,F008,SUV,Regular,2025-05-12,9,480,Credit Card,Paid,Covered,65,78.0,520.0,0.8
PT108234,F002,Car,Visitor,2025-03-11,14,137,UPI,Paid,Open,50,6.0,120.0,0.57
PT108235,F004,Bike,Regular,2025-03-01,14,173,Cash,Paid,Two-Wheeler,25,11.25,75.0,0.63
PT108236,F006,EV Car,Member,2025-07-24,16,155,UPI,Paid,EV Parking,55,0.0,156.75,0.44
PT108237,F008,Car,Member,2025-08-26,15,160,Credit Card,Paid,Covered,50,22.5,150.0,0.57
PT108238,F006,Bike,Member,2025-12-10,20,69,Debit Card,Paid,Two-Wheeler,25,0.0,45.0,0.61
PT108239,F004,EV Car,Regular,2025-12-14,8,60,Credit Card,Paid,EV Parking,55,2.2,44.0,0.97
PT108240,F005,EV Car,Regular,2025-11-29,16,109,Debit Card,Paid,EV Parking,55,0.0,110.0,0.42
PT108241,F004,Car,Regular,2025-04-16,16,480,Debit Card,Paid,Covered,50,0.0,400.0,0.58
PT108242,F006,Car,Member,2025-07-03,11,158,UPI,Paid,Covered,50,30.0,150.0,0.25
PT108243,F006,Car,Member,2025-12-04,15,98,Credit Card,Paid,Covered,50,18.0,90.0,0.68
PT108244,F007,SUV,Member,2025-01-07,15,92,Wallet,Paid,Covered,65,0.0,130.0,0.38
PT108245,F008,SUV,Member,2025-01-31,12,88,Debit Card,Paid,Covered,65,18.52,123.5,0.49
PT108246,F005,Bike,Regular,2025-08-04,16,315,Wallet,Paid,Two-Wheeler,25,0.0,135.0,0.68
PT108247,F004,Car,Visitor,2025-12-07,19,338,UPI,Paid,Open,50,0.0,300.0,0.91
PT108248,F008,Car,Regular,2025-10-31,12,22,Credit Card,Paid,Open,50,0.0,50.0,0.52
PT108249,F001,Bike,Regular,2025-10-25,21,165,Wallet,Paid,Two-Wheeler,25,0.0,75.0,0.35
PT108250,F008,Bike,Member,2025-12-12,11,64,UPI,Paid,Two-Wheeler,25,0.0,50.0,0.42
PT108251,F001,SUV,Member,2025-10-13,9,93,Wallet,Paid,Covered,65,0.0,110.5,0.88
PT108252,F005,Bike,Member,2025-05-06,8,47,UPI,Paid,Two-Wheeler,25,0.0,25.0,0.66
PT108253,F004,Car,Member,2025-02-20,11,109,Wallet,Paid,Covered,50,8.5,85.0,0.68
PT108254,F004,Car,Regular,2025-07-09,12,20,Credit Card,Paid,Covered,50,4.25,42.5,0.45
PT108255,F002,Car,Member,2025-02-20,16,79,UPI,Paid,Covered,50,4.0,80.0,0.7
PT108256,F006,Car,Visitor,2025-12-31,8,99,Cash,Paid,Open,50,0.0,85.0,0.65
PT108257,F003,Car,Visitor,2025-08-20,14,64,UPI,Paid,Covered,50,9.0,90.0,0.42
PT108258,F007,Car,Member,2025-06-27,14,48,UPI,Paid,Covered,50,0.0,47.5,0.79
PT108259,F008,Car,Regular,2025-06-07,11,144,UPI,Paid,Covered,50,15.0,150.0,0.37
PT108260,F005,Car,Regular,2025-05-27,7,130,Debit Card,Paid,Open,50,7.5,150.0,0.51
PT108261,F003,SUV,Member,2025-11-02,11,51,Wallet,Paid,Covered,65,0.0,61.75,0.48
PT108262,F008,Car,Visitor,2025-09-08,11,121,UPI,Paid,Covered,50,0.0,150.0,0.3
PT108263,F003,Bike,Member,2025-12-05,15,132,Credit Card,Paid,Two-Wheeler,25,7.5,75.0,0.46
PT108264,F005,SUV,Regular,2025-12-08,11,159,UPI,Paid,Covered,65,27.79,185.25,0.63
PT108265,F004,Bike,Member,2025-05-12,12,190,Debit Card,Paid,Two-Wheeler,25,5.0,100.0,0.35
PT108266,F005,EV Car,Regular,2025-08-25,7,480,UPI,Paid,EV Parking,55,88.0,440.0,0.42
PT108267,F008,Car,Regular,2025-01-12,15,210,UPI,Paid,Open,50,30.0,200.0,0.47
PT108268,F003,SUV,Visitor,2025-05-23,13,264,UPI,Paid,Open,65,0.0,325.0,0.52
PT108269,F006,EV Car,Member,2025-04-28,12,106,Credit Card,Paid,EV Parking,55,10.45,104.5,0.2
PT108270,F007,SUV,Member,2025-03-02,15,302,Cash,Paid,Open,65,0.0,370.5,0.42
PT108271,F007,Car,Regular,2025-06-30,15,115,Credit Card,Failed,Covered,50,0.0,100.0,0.57
PT108272,F006,Car,Member,2025-11-09,12,236,UPI,Paid,Covered,50,0.0,200.0,0.72
PT108273,F006,Car,Regular,2025-09-22,15,82,Credit Card,Failed,Open,50,20.0,100.0,0.77
PT108274,F004,Bike,Regular,2025-01-29,12,89,Debit Card,Paid,Two-Wheeler,25,4.75,47.5,0.58
PT108275,F008,SUV,Visitor,2025-09-20,11,50,UPI,Paid,Covered,65,0.0,65.0,0.47
PT108276,F001,Car,Regular,2025-07-19,16,107,UPI,Paid,Covered,50,0.0,100.0,0.56
PT108277,F005,Bike,Visitor,2025-04-15,16,43,UPI,Paid,Two-Wheeler,25,0.0,22.5,0.47
PT108278,F007,Bike,Regular,2025-03-20,18,51,Debit Card,Paid,Two-Wheeler,25,2.5,25.0,0.85
PT108279,F006,Bike,Visitor,2025-05-24,14,72,Credit Card,Paid,Two-Wheeler,25,7.5,50.0,0.33
PT108280,F005,SUV,Member,2025-07-18,11,206,Credit Card,Paid,Covered,65,0.0,260.0,0.49
PT108281,F007,SUV,Regular,2025-04-16,17,455,UPI,Paid,Open,65,0.0,520.0,0.94
PT108282,F006,Car,Visitor,2025-12-05,10,76,UPI,Paid,Covered,50,4.25,85.0,0.88
PT108283,F008,Bike,Regular,2025-03-30,19,149,Wallet,Pending,Two-Wheeler,25,0.0,75.0,0.77
PT108284,F007,Car,Visitor,2025-11-28,12,62,UPI,Paid,Open,50,0.0,100.0,0.52
PT108285,F004,Bike,Member,2025-09-23,6,182,Wallet,Paid,Two-Wheeler,25,0.0,100.0,0.4
PT108286,F001,EV Car,Visitor,2025-09-08,10,61,Credit Card,Paid,EV Parking,55,0.0,110.0,0.76
PT108287,F001,SUV,Regular,2025-06-01,13,148,UPI,Paid,Open,65,0.0,195.0,0.15
PT108288,F006,Car,Member,2025-11-02,8,218,Credit Card,Paid,Covered,50,30.0,200.0,0.72
PT108289,F007,Car,Member,2025-07-15,13,65,Wallet,Paid,Open,50,0.0,100.0,0.49
PT108290,F004,Car,Member,2025-05-06,11,180,UPI,Paid,Covered,50,0.0,150.0,0.47
PT108291,F002,Bike,Visitor,2025-02-12,6,129,Cash,Paid,Two-Wheeler,25,6.75,67.5,0.44
PT108292,F005,Car,Regular,2025-06-22,12,105,UPI,Paid,Covered,50,13.5,90.0,0.39
PT108293,F005,Bike,Visitor,2025-02-23,11,115,Credit Card,Paid,Two-Wheeler,25,0.0,45.0,0.3
PT108294,F003,Car,Regular,2025-09-10,13,233,Cash,Paid,Covered,50,0.0,190.0,0.54
PT108295,F004,Car,Visitor,2025-10-26,16,114,Wallet,Paid,Covered,50,4.5,90.0,0.66
PT108296,F007,Car,Regular,2025-07-15,14,334,Credit Card,Paid,Covered,50,0.0,300.0,0.36
PT108297,F008,EV Car,Member,2025-10-20,16,61,Debit Card,Paid,EV Parking,55,4.68,93.5,0.28
PT108298,F008,SUV,Member,2025-08-05,12,141,UPI,Paid,Open,65,0.0,175.5,0.66
PT108299,F003,Car,Visitor,2025-06-18,6,140,UPI,Paid,Covered,50,0.0,142.5,0.41
PT108300,F006,Car,Member,2025-08-10,19,228,,Paid,Open,50,0.0,190.0,0.41
PT108301,F007,Bike,Member,2025-05-08,12,82,UPI,Paid,Two-Wheeler,25,5.0,50.0,0.29
PT108302,F003,Car,Member,2025-12-15,14,120,UPI,Paid,Covered,50,0.0,90.0,0.45
PT108303,F001,Bike,Member,2025-01-16,13,187,UPI,Paid,Two-Wheeler,25,0.0,100.0,0.66
PT108304,F005,SUV,Visitor,2025-02-06,14,194,Wallet,Paid,Covered,65,0.0,234.0,0.52
PT108305,F007,Bike,Regular,2025-10-23,18,26,Debit Card,Paid,Two-Wheeler,25,2.5,25.0,0.69
PT108306,F003,Bike,Regular,2025-11-16,18,93,Credit Card,Failed,Two-Wheeler,25,0.0,50.0,0.67
PT108307,F001,Bike,Visitor,2025-08-13,21,237,Wallet,Paid,Two-Wheeler,25,5.0,100.0,0.34
PT108308,F004,EV Car,Regular,2025-04-24,14,43,UPI,Paid,EV Parking,55,2.34,46.75,0.64
PT108309,F003,EV Car,Regular,2025-01-22,19,222,Credit Card,Paid,EV Parking,55,0.0,220.0,0.74
PT108310,F006,Bike,Member,2025-10-26,13,373,Debit Card,Paid,Two-Wheeler,25,35.0,175.0,0.8
PT108311,F006,Car,Visitor,2025-03-03,7,139,UPI,Paid,Covered,50,20.25,135.0,0.74
PT108312,F006,Bike,Member,2025-07-01,10,245,Debit Card,Paid,Two-Wheeler,25,0.0,125.0,0.99
PT108313,F007,Car,Regular,2025-10-12,12,117,UPI,Paid,Covered,50,0.0,100.0,0.51
PT108314,F008,Bike,Regular,2025-01-16,16,62,UPI,Paid,Two-Wheeler,25,0.0,47.5,0.66
PT108315,F008,Bike,Member,2025-10-04,8,220,UPI,Paid,Two-Wheeler,25,0.0,85.0,0.72
PT108316,F005,Car,Regular,2025-05-17,12,102,Wallet,Paid,Covered,50,0.0,95.0,0.67
PT108317,F003,Car,Member,2025-10-10,21,45,Debit Card,Paid,Open,50,7.5,50.0,0.51
PT108318,F004,Bike,Member,2025-05-07,16,257,Debit Card,Paid,Two-Wheeler,25,15.94,106.25,0.59
PT108319,F003,SUV,Regular,2025-03-27,14,43,Credit Card,Paid,Covered,65,0.0,65.0,0.26
PT108320,F005,Bike,Visitor,2025-07-26,8,143,UPI,Paid,Two-Wheeler,25,0.0,75.0,0.98
PT108321,F001,Bike,Regular,2025-12-29,6,203,Debit Card,Pending,Two-Wheeler,25,0.0,90.0,0.29
PT108322,F005,Car,Regular,2025-05-31,9,100,UPI,Paid,Covered,50,0.0,95.0,0.72
PT108323,F006,Bike,Member,2025-02-20,12,68,UPI,Paid,Two-Wheeler,25,0.0,50.0,0.53
PT108324,F007,Bike,Member,2025-08-19,14,105,Debit Card,Paid,Two-Wheeler,25,6.38,42.5,0.36
PT108325,F001,Bike,Regular,2025-03-21,10,62,UPI,Paid,Two-Wheeler,25,7.5,50.0,0.45
PT108326,F007,Car,Visitor,2025-05-11,8,149,UPI,Paid,Open,50,0.0,127.5,0.83
PT108327,F006,Bike,Visitor,2025-05-16,9,135,Cash,Paid,Two-Wheeler,25,3.75,75.0,0.87
PT108328,F002,Car,Member,2025-12-12,13,224,Debit Card,Paid,Covered,50,10.0,200.0,0.59
PT108329,F005,Car,Regular,2025-06-19,16,139,Debit Card,Paid,Covered,50,12.75,127.5,0.3
PT108330,F005,EV Car,Regular,2025-06-12,17,57,UPI,Paid,EV Parking,55,0.0,55.0,0.91
PT108331,F004,Car,Regular,2025-07-18,12,147,UPI,Paid,Covered,50,0.0,120.0,0.49
PT108332,F003,Car,Regular,2025-08-15,15,29,Debit Card,Paid,Open,50,2.5,50.0,0.57
PT108333,F001,Bike,Regular,2025-02-17,13,180,Debit Card,Paid,Two-Wheeler,25,0.0,67.5,0.38
PT108334,F008,SUV,Member,2025-11-06,21,143,Credit Card,Paid,Open,65,7.8,156.0,0.53
PT108335,F007,Car,Visitor,2025-09-10,13,63,Wallet,Paid,Open,50,0.0,95.0,0.24
PT108336,F001,SUV,Member,2025-04-13,13,241,Wallet,Paid,Covered,65,16.25,325.0,0.43
PT108337,F004,SUV,Regular,2025-02-05,14,260,UPI,Paid,Covered,65,32.5,325.0,0.25
PT108338,F004,Car,Visitor,2025-01-06,7,332,Cash,Paid,Covered,50,0.0,270.0,0.5
PT108339,F007,Car,Regular,2025-07-18,13,20,Credit Card,Paid,Covered,50,0.0,50.0,0.51
PT108340,F008,Car,Member,2025-01-12,17,57,Credit Card,Paid,Covered,50,4.75,47.5,0.92
PT108341,F003,SUV,Member,2025-04-13,15,305,UPI,Paid,Covered,65,0.0,390.0,0.57
PT108342,F007,Car,Regular,2025-07-06,20,141,Credit Card,Paid,Open,50,6.38,127.5,0.57
PT108343,F007,Car,Member,2025-11-17,12,110,Wallet,Paid,Covered,50,4.75,95.0,0.88
PT108344,F006,Bike,Regular,2025-06-27,10,170,Debit Card,Paid,Two-Wheeler,25,0.0,75.0,0.78
PT108345,F008,Bike,Member,2025-06-20,16,288,,Paid,Two-Wheeler,25,11.25,112.5,0.45
PT108346,F003,Bike,Regular,2025-06-26,7,185,UPI,Paid,Two-Wheeler,25,0.0,80.0,0.41
PT108347,F005,Bike,Member,2025-03-30,10,236,UPI,Paid,Two-Wheeler,25,4.5,90.0,0.85
PT108348,F006,Car,Regular,2025-07-23,14,58,UPI,Paid,Covered,50,0.0,47.5,0.51
PT108349,F002,Bike,Regular,2025-12-13,16,310,UPI,Paid,Two-Wheeler,25,0.0,127.5,0.76
PT108350,F008,Bike,Regular,2025-12-09,14,351,Credit Card,Paid,Two-Wheeler,25,0.0,150.0,0.43
PT108351,F003,EV Car,Member,2025-07-30,22,49,UPI,Paid,EV Parking,55,7.01,46.75,0.58
PT108352,F004,Car,Regular,2025-08-01,15,119,Credit Card,Paid,Covered,50,15.0,100.0,0.48
PT108353,F006,SUV,Regular,2025-01-21,16,259,Credit Card,Failed,Covered,65,30.88,308.75,0.31
PT108354,F003,Bike,Member,2025-03-29,22,46,UPI,Paid,Two-Wheeler,25,0.0,25.0,0.55
PT108355,F001,Car,Regular,2025-01-13,14,37,UPI,Paid,Open,50,0.0,50.0,0.52
PT108356,F007,SUV,Visitor,2025-04-30,16,194,Cash,Paid,Open,65,26.0,260.0,0.52
PT108357,F002,Car,Member,2025-06-27,12,42,UPI,Paid,Covered,50,2.38,47.5,0.57
PT108358,F005,EV Car,Regular,2025-05-09,14,480,UPI,Paid,EV Parking,55,0.0,418.0,0.64
PT108359,F007,SUV,Regular,2025-02-20,19,163,Cash,Paid,Open,65,29.25,195.0,0.62
PT108360,F001,Car,Member,2025-02-11,18,187,Wallet,Paid,Open,50,0.0,160.0,0.69
PT108361,F001,Car,Member,2025-11-14,12,90,Debit Card,Paid,Covered,50,0.0,80.0,0.39
PT108362,F002,Car,Visitor,2025-04-05,12,116,UPI,Paid,Covered,50,15.0,100.0,0.62
PT108363,F005,Car,Regular,2025-08-30,17,101,UPI,Paid,Covered,50,0.0,95.0,0.79
PT108364,F004,Car,Visitor,2025-12-22,12,58,Wallet,Paid,Covered,50,0.0,50.0,0.58
PT108365,F006,Car,Regular,2025-03-02,18,29,Cash,Paid,Covered,50,2.5,50.0,0.88
PT108366,F008,Bike,Member,2025-12-15,16,178,Credit Card,Paid,Two-Wheeler,25,13.5,67.5,0.69
PT108367,F005,Car,Member,2025-08-16,10,226,UPI,Paid,Covered,50,0.0,200.0,0.77
PT108368,F008,SUV,Regular,2025-10-04,16,52,UPI,Failed,Covered,65,6.18,61.75,0.63
PT108369,F003,SUV,Regular,2025-01-18,17,90,UPI,Paid,Covered,65,0.0,117.0,0.91
PT108370,F001,Bike,Member,2025-09-01,10,45,Credit Card,Paid,Two-Wheeler,25,0.0,25.0,0.83
PT108371,F003,SUV,Regular,2025-11-07,13,239,UPI,Paid,Covered,65,0.0,260.0,0.43
PT108372,F004,Car,Regular,2025-11-20,18,140,Wallet,Paid,Open,50,0.0,150.0,0.91
PT108373,F003,Car,Regular,2025-02-16,10,164,UPI,Paid,Covered,50,0.0,135.0,0.83
PT108374,F005,Bike,Member,2025-11-06,13,142,Debit Card,Paid,Two-Wheeler,25,0.0,71.25,0.56
PT108375,F003,Bike,Member,2025-01-18,15,107,UPI,Paid,Two-Wheeler,25,2.5,50.0,0.34
PT108376,F004,Bike,Visitor,2025-07-20,9,100,Credit Card,Paid,Two-Wheeler,25,2.25,45.0,0.58
PT108377,F004,SUV,Visitor,2025-09-10,11,156,UPI,Pending,Covered,65,19.5,195.0,0.38
PT108378,F004,EV Car,Member,2025-07-11,13,137,Debit Card,Paid,EV Parking,55,14.02,140.25,0.55
PT108379,F005,Bike,Regular,2025-02-18,12,51,Credit Card,Paid,Two-Wheeler,25,0.0,22.5,0.73
PT108380,F004,SUV,Member,2025-04-04,12,97,UPI,Pending,Covered,65,0.0,130.0,0.46
PT108381,F001,Car,Member,2025-08-25,7,153,Cash,Paid,Covered,50,0.0,142.5,0.62
PT108382,F007,Car,Member,2025-08-10,19,108,Credit Card,Paid,Open,50,5.0,100.0,0.99
PT108383,F004,SUV,Member,2025-06-16,18,82,Wallet,Paid,Open,65,0.0,130.0,0.87
PT108384,F003,Bike,Visitor,2025-09-11,13,91,Wallet,Pending,Two-Wheeler,25,0.0,50.0,0.21
PT108385,F006,Bike,Regular,2025-02-26,10,112,Wallet,Paid,Two-Wheeler,25,0.0,45.0,0.84
PT108386,F003,Car,Member,2025-01-06,8,351,UPI,Paid,Open,50,0.0,300.0,0.87
PT108387,F006,Bike,Regular,2025-08-26,9,83,UPI,Paid,Two-Wheeler,25,9.5,47.5,0.7
PT108388,F003,Car,Regular,2025-08-09,14,108,Wallet,Pending,Covered,50,5.0,100.0,0.69
PT108389,F005,Bike,Member,2025-08-12,16,239,Credit Card,Paid,Two-Wheeler,25,0.0,100.0,0.42
PT108390,F003,Car,Regular,2025-03-19,10,23,UPI,Paid,Covered,50,2.5,50.0,0.85
PT108391,F005,Car,Regular,2025-01-20,9,34,Debit Card,Paid,Covered,50,2.5,50.0,0.67
PT108392,F005,Car,Regular,2025-11-02,15,172,UPI,Pending,Covered,50,0.0,150.0,0.38
PT108393,F004,Car,Regular,2025-09-22,14,59,Debit Card,Paid,Covered,50,0.0,47.5,0.75
PT108394,F001,SUV,Member,2025-07-23,12,325,Cash,Paid,Covered,65,39.0,390.0,0.51
PT108395,F006,Car,Member,2025-05-22,16,161,Debit Card,Paid,Covered,50,0.0,135.0,0.44
PT108396,F004,Car,Regular,2025-10-31,13,55,UPI,Paid,Open,50,0.0,45.0,0.42
PT108397,F004,Bike,Visitor,2025-03-21,13,216,UPI,Paid,Two-Wheeler,25,0.0,80.0,0.53
PT108398,F007,Bike,Member,2025-07-29,6,76,UPI,Failed,Two-Wheeler,25,5.0,50.0,0.48
PT108399,F005,Car,Member,2025-09-13,12,214,Credit Card,Paid,Open,50,40.0,200.0,0.36
PT108400,F005,Car,Visitor,2025-11-08,6,480,UPI,Paid,Open,50,40.0,400.0,0.43
PT108401,F006,EV Car,Regular,2025-02-09,19,63,Credit Card,Paid,EV Parking,55,0.0,99.0,0.68
PT108402,F003,Bike,Member,2025-12-19,12,464,Credit Card,Paid,Two-Wheeler,25,0.0,200.0,0.49
PT108403,F003,Car,Member,2025-07-21,10,246,Credit Card,Paid,Covered,50,12.5,250.0,0.93
PT108404,F008,Bike,Regular,2025-03-27,9,60,Cash,Paid,Two-Wheeler,25,2.5,25.0,0.72
PT108405,F004,Car,Regular,2025-02-12,7,312,Credit Card,Paid,Covered,50,45.0,300.0,0.67
PT108406,F008,Car,Regular,2025-08-24,18,166,UPI,Paid,Open,50,15.0,150.0,0.55
PT108407,F002,Bike,Member,2025-03-11,10,396,Debit Card,Paid,Two-Wheeler,25,0.0,175.0,0.8
PT108408,F002,SUV,Visitor,2025-12-22,15,169,Debit Card,Pending,Covered,65,19.5,195.0,0.27
PT108409,F008,Car,Visitor,2025-05-11,15,163,UPI,Paid,Covered,50,22.5,150.0,0.62
PT108410,F003,SUV,Visitor,2025-05-12,12,144,Debit Card,Paid,Covered,65,7.8,156.0,0.22
PT108411,F002,Car,Visitor,2025-09-05,17,285,UPI,Paid,Covered,50,12.5,250.0,0.76
PT108412,F007,Car,Regular,2025-06-04,11,33,UPI,Paid,Covered,50,0.0,50.0,0.77
PT108413,F003,Car,Member,2025-08-18,8,105,Wallet,Paid,Covered,50,4.25,85.0,0.96
PT108414,F005,Car,Member,2025-03-30,8,39,Wallet,Paid,Covered,50,0.0,45.0,0.82
PT108415,F004,EV Car,Member,2025-08-17,12,400,Credit Card,Paid,EV Parking,55,0.0,385.0,0.56
PT108416,F001,Bike,Member,2025-01-27,13,215,Debit Card,Paid,Two-Wheeler,25,10.0,100.0,0.19
PT108417,F004,Car,Regular,2025-12-27,15,56,Cash,Paid,Open,50,7.5,50.0,0.68
PT108418,F008,EV Car,Visitor,2025-12-22,16,113,Wallet,Paid,EV Parking,55,16.5,110.0,0.6
PT108419,F003,SUV,Regular,2025-08-26,10,257,Credit Card,Paid,Covered,65,0.0,325.0,0.59
PT108420,F008,SUV,Regular,2025-06-24,15,194,Credit Card,Paid,Open,65,0.0,260.0,0.44
PT108421,F007,EV Car,Regular,2025-11-12,10,144,UPI,Paid,EV Parking,55,0.0,156.75,0.79
PT108422,F003,Car,Member,2025-10-19,22,28,UPI,Paid,Covered,50,5.0,50.0,0.63
PT108423,F004,SUV,Visitor,2025-03-02,20,275,Credit Card,Paid,Covered,65,16.25,325.0,0.84
PT108424,F007,Bike,Regular,2025-06-19,9,319,Debit Card,Paid,Two-Wheeler,25,30.0,150.0,0.43
PT108425,F007,SUV,Member,2025-09-20,15,140,Cash,Paid,Open,65,0.0,195.0,0.4
PT108426,F007,SUV,Visitor,2025-11-02,19,131,Cash,Paid,Covered,65,7.8,156.0,0.89
PT108427,F006,Car,Regular,2025-04-26,8,78,UPI,Paid,Covered,50,10.0,100.0,0.79
PT108428,F003,SUV,Regular,2025-06-24,9,88,Credit Card,Paid,Covered,65,0.0,117.0,0.64
PT108429,F002,Car,Regular,2025-08-09,12,155,UPI,Paid,Covered,50,28.5,142.5,0.54
PT108430,F002,Car,Regular,2025-05-08,9,40,UPI,Paid,Covered,50,2.5,50.0,0.84
PT108431,F003,Car,Member,2025-01-05,18,37,Wallet,Paid,Covered,50,0.0,45.0,0.78
PT108432,F003,EV Car,Visitor,2025-11-22,18,190,Credit Card,Paid,EV Parking,55,0.0,220.0,0.76
PT108433,F006,Car,Visitor,2025-07-05,20,129,Debit Card,Paid,Covered,50,19.12,127.5,0.59
PT108434,F002,Bike,Regular,2025-06-21,11,256,UPI,Paid,Two-Wheeler,25,5.62,112.5,0.37
PT108435,F003,Car,Regular,2025-07-18,7,47,UPI,Paid,Covered,50,4.5,45.0,0.73
PT108436,F003,EV Car,Visitor,2025-08-19,13,117,Debit Card,Paid,EV Parking,55,11.0,110.0,0.41
PT108437,F008,Car,Regular,2025-10-15,18,265,UPI,Paid,Covered,50,0.0,250.0,0.88
PT108438,F006,SUV,Visitor,2025-12-01,15,186,UPI,Paid,Covered,65,23.4,234.0,0.48
PT108439,F006,SUV,Regular,2025-04-25,22,76,UPI,Paid,Covered,65,19.5,130.0,0.42
PT108440,F004,Bike,Regular,2025-11-29,19,125,Debit Card,Pending,Two-Wheeler,25,0.0,75.0,0.84
PT108441,F006,Car,Regular,2025-11-26,13,102,Wallet,Paid,Open,50,9.5,95.0,0.62
PT108442,F001,SUV,Regular,2025-11-09,7,65,Cash,Paid,Covered,65,0.0,130.0,0.15
PT108443,F002,EV Car,Member,2025-01-11,6,217,Wallet,Paid,EV Parking,55,0.0,198.0,0.53
PT108444,F004,SUV,Regular,2025-04-14,15,85,Cash,Paid,Open,65,0.0,130.0,0.35
PT108445,F001,Car,Regular,2025-06-24,19,357,Cash,Paid,Covered,50,45.0,300.0,0.77
PT108446,F003,SUV,Regular,2025-04-30,13,36,Credit Card,Paid,Open,65,0.0,58.5,0.52
PT108447,F008,Car,Member,2025-08-25,18,76,Credit Card,Paid,Covered,50,0.0,100.0,0.57
PT108448,F008,Bike,Regular,2025-08-24,14,190,UPI,Paid,Two-Wheeler,25,4.5,90.0,0.55
PT108449,F003,SUV,Regular,2025-11-01,9,466,Cash,Paid,Covered,65,0.0,494.0,0.65
PT108450,F004,Car,Visitor,2025-02-07,17,119,UPI,Paid,Covered,50,9.0,90.0,0.99
PT108451,F006,SUV,Visitor,2025-09-29,14,156,UPI,Paid,Covered,65,29.25,195.0,0.72
PT108452,F007,Bike,Visitor,2025-12-10,8,48,Wallet,Paid,Two-Wheeler,25,0.0,23.75,0.7
PT108453,F008,SUV,Member,2025-09-08,17,143,UPI,Paid,Covered,65,0.0,195.0,0.81
PT108454,F007,Car,Regular,2025-11-30,16,69,Wallet,Paid,Open,50,20.0,100.0,0.5
PT108455,F003,Bike,Member,2025-01-27,13,160,Debit Card,Paid,Two-Wheeler,25,0.0,63.75,0.52
PT108456,F007,SUV,Member,2025-11-26,6,167,UPI,Paid,Open,65,0.0,195.0,0.41
PT108457,F005,Car,Member,2025-05-03,12,180,Debit Card,Paid,Covered,50,28.5,142.5,0.63
PT108458,F004,Car,Visitor,2025-06-05,13,219,Cash,Paid,Covered,50,30.0,200.0,0.33
PT108459,F001,EV Car,Member,2025-08-05,10,154,UPI,Paid,EV Parking,55,7.01,140.25,0.99
PT108460,F004,Car,Member,2025-07-13,10,110,Debit Card,Paid,Open,50,4.75,95.0,0.99
PT108461,F002,EV Car,Member,2025-10-28,10,112,Cash,Paid,EV Parking,55,14.02,93.5,0.93
PT108462,F006,Car,Regular,2025-06-10,12,171,UPI,Paid,Open,50,7.5,150.0,0.53
PT108463,F006,Car,Visitor,2025-05-08,17,30,UPI,Paid,Covered,50,2.25,45.0,0.79
PT108464,F004,SUV,Regular,2025-11-12,16,83,UPI,Paid,Covered,65,13.0,130.0,0.42
PT108465,F003,Bike,Regular,2025-06-27,6,65,UPI,Paid,Two-Wheeler,25,2.38,47.5,0.54
PT108466,F003,Bike,Member,2025-05-06,6,85,UPI,Paid,Two-Wheeler,25,0.0,50.0,0.5
PT108467,F005,Bike,Member,2025-06-23,8,94,Debit Card,Paid,Two-Wheeler,25,0.0,50.0,0.83
PT108468,F005,SUV,Member,2025-02-04,13,81,UPI,Pending,Open,65,0.0,123.5,0.32
PT108469,F006,Car,Regular,2025-08-27,18,255,Cash,Paid,Covered,50,0.0,250.0,0.82
PT108470,F005,Bike,Regular,2025-02-10,10,95,UPI,Pending,Two-Wheeler,25,0.0,50.0,0.89
PT108471,F008,Car,Member,2025-07-05,13,272,Credit Card,Pending,Open,50,0.0,250.0,0.61
PT108472,F008,Bike,Regular,2025-07-02,7,178,Debit Card,Paid,Two-Wheeler,25,7.5,75.0,0.65
PT108473,F001,Car,Visitor,2025-09-18,7,137,Cash,Paid,Covered,50,0.0,127.5,0.57
PT108474,F005,Car,Member,2025-02-03,6,123,Credit Card,Paid,Covered,50,0.0,150.0,0.58
PT108475,F001,Bike,Member,2025-07-06,16,119,UPI,Paid,Two-Wheeler,25,0.0,50.0,0.41
PT108476,F005,Car,Regular,2025-11-03,7,46,Cash,Paid,Covered,50,0.0,40.0,0.45
PT108477,F006,Car,Member,2025-05-17,11,135,UPI,Pending,Covered,50,13.5,135.0,0.27
PT108478,F006,Bike,Regular,2025-07-21,15,189,UPI,Paid,Two-Wheeler,25,0.0,100.0,0.62
PT108479,F001,Bike,Regular,2025-05-23,15,145,Credit Card,Paid,Two-Wheeler,25,0.0,75.0,0.48
PT108480,F004,SUV,Visitor,2025-04-19,8,181,Debit Card,Paid,Open,65,26.0,260.0,0.59
PT108481,F006,Bike,Regular,2025-06-06,11,31,UPI,Paid,Two-Wheeler,25,0.0,20.0,0.65
PT108482,F004,Car,Member,2025-09-12,15,69,Credit Card,Paid,Covered,50,0.0,100.0,0.52
PT108483,F003,Bike,Member,2025-06-30,13,304,Credit Card,Paid,Two-Wheeler,25,15.0,150.0,0.64
PT108484,F008,Car,Member,2025-12-07,13,108,Wallet,Paid,Open,50,4.5,90.0,0.7
PT108485,F001,SUV,Member,2025-08-07,11,70,UPI,Paid,Covered,65,13.0,130.0,0.56
PT108486,F007,EV Car,Regular,2025-01-28,7,123,UPI,Paid,EV Parking,55,16.5,165.0,0.34
PT108487,F006,Bike,Regular,2025-05-31,12,89,Credit Card,Paid,Two-Wheeler,25,6.75,45.0,0.6
PT108488,F002,Bike,Member,2025-12-25,15,200,UPI,Paid,Two-Wheeler,25,0.0,95.0,0.8
PT108489,F003,Car,Regular,2025-04-10,16,125,Debit Card,Paid,Covered,50,15.0,150.0,0.65
PT108490,F004,Bike,Member,2025-01-03,14,154,Debit Card,Paid,Two-Wheeler,25,7.5,75.0,0.6
PT108491,F006,SUV,Member,2025-02-02,13,109,Debit Card,Paid,Open,65,0.0,110.5,0.39
PT108492,F001,Car,Visitor,2025-07-18,14,81,Cash,Paid,Covered,50,13.5,90.0,0.48
PT108493,F007,Car,Member,2025-03-10,15,62,Wallet,Paid,Open,50,0.0,100.0,0.62
PT108494,F005,Bike,Member,2025-03-31,16,275,Credit Card,Pending,Two-Wheeler,25,15.0,100.0,0.56
PT108495,F007,SUV,Member,2025-01-17,9,155,Wallet,Paid,Covered,65,9.26,185.25,0.94
PT108496,F002,Car,Regular,2025-12-03,17,166,UPI,Paid,Covered,50,0.0,150.0,0.94
PT108497,F004,EV Car,Visitor,2025-11-19,8,58,Debit Card,Paid,EV Parking,55,0.0,55.0,0.64
PT108498,F003,Car,Member,2025-11-19,18,259,Credit Card,Paid,Covered,50,37.5,250.0,0.58
PT108499,F007,Car,Regular,2025-02-03,13,155,Cash,Paid,Open,50,7.5,150.0,0.46
PT108500,F001,SUV,Member,2025-09-21,14,251,Credit Card,Paid,Open,65,0.0,325.0,0.52
PT108501,F002,Car,Regular,2025-10-28,12,207,Debit Card,Paid,Covered,50,0.0,200.0,0.65
PT108502,F001,Bike,Regular,2025-03-01,13,211,Wallet,Paid,Two-Wheeler,25,9.5,95.0,0.49
PT108503,F006,Car,Regular,2025-07-03,17,135,Debit Card,Paid,Open,50,0.0,150.0,0.99
PT108504,F005,Car,Regular,2025-11-22,12,36,Debit Card,Pending,Open,50,2.38,47.5,0.56
PT108505,F003,Car,Visitor,2025-12-23,14,75,UPI,Paid,Open,50,5.0,100.0,0.68
PT108506,F001,EV Car,Regular,2025-12-31,15,80,UPI,Paid,EV Parking,55,0.0,110.0,0.55
PT108507,F004,Bike,Regular,2025-07-18,10,118,Wallet,Pending,Two-Wheeler,25,2.5,50.0,0.66
PT108508,F006,SUV,Regular,2025-08-29,16,83,Debit Card,Failed,Covered,65,0.0,123.5,0.39
PT108509,F006,Car,Regular,2025-08-20,22,91,Credit Card,Paid,Covered,50,15.0,100.0,0.53
PT108510,F003,Bike,Member,2025-07-30,10,124,UPI,Paid,Two-Wheeler,25,10.12,67.5,0.93
PT108511,F006,Bike,Member,2025-02-21,16,124,UPI,Paid,Two-Wheeler,25,0.0,67.5,0.33
PT108512,F004,EV Car,Member,2025-04-29,10,52,UPI,Paid,EV Parking,55,0.0,52.25,0.69
PT108513,F001,SUV,Regular,2025-11-26,20,83,Credit Card,Paid,Open,65,0.0,130.0,0.53
PT108514,F003,SUV,Regular,2025-08-03,13,168,UPI,Paid,Covered,65,37.05,185.25,0.66
PT108515,F008,Car,Member,2025-11-18,21,182,UPI,Paid,Open,50,0.0,190.0,0.3
PT108516,F006,Bike,Regular,2025-05-29,8,72,Credit Card,Pending,Two-Wheeler,25,2.38,47.5,0.91
PT108517,F006,Bike,Visitor,2025-06-25,17,89,Credit Card,Paid,Two-Wheeler,25,7.5,50.0,0.69
PT108518,F004,EV Car,Member,2025-09-26,13,51,UPI,Paid,EV Parking,55,0.0,55.0,0.38
PT108519,F005,Car,Member,2025-11-16,12,166,Credit Card,Paid,Covered,50,6.38,127.5,0.7
PT108520,F005,Car,Visitor,2025-01-05,16,350,Wallet,Paid,Open,50,0.0,300.0,0.48
PT108521,F007,Car,Regular,2025-04-26,15,58,Credit Card,Paid,Covered,50,2.5,50.0,0.87
PT108522,F006,Car,Member,2025-07-22,19,441,Cash,Paid,Open,50,0.0,320.0,0.76
PT108523,F008,Car,Regular,2025-02-06,11,78,Wallet,Paid,Covered,50,19.0,95.0,0.43
PT108524,F001,SUV,Regular,2025-02-23,19,20,UPI,Paid,Covered,65,0.0,65.0,0.74
PT108525,F003,Bike,Regular,2025-10-15,15,144,UPI,Paid,Two-Wheeler,25,0.0,75.0,0.34
PT108526,F006,SUV,Regular,2025-10-11,13,261,Credit Card,Paid,Covered,65,30.88,308.75,0.53
PT108527,F002,SUV,Regular,2025-03-27,8,212,Credit Card,Paid,Open,65,23.4,234.0,0.8
PT108528,F003,Car,Regular,2025-02-14,16,39,Credit Card,Paid,Covered,50,2.5,50.0,0.59
PT108529,F007,Bike,Member,2025-10-11,18,72,UPI,Paid,Two-Wheeler,25,5.0,50.0,0.88
PT108530,F005,Car,Regular,2025-11-17,17,143,Debit Card,Paid,Open,50,0.0,150.0,0.87
PT108531,F008,EV Car,Visitor,2025-03-11,16,230,UPI,Failed,EV Parking,55,11.0,220.0,0.6
PT108532,F006,Car,Regular,2025-02-11,20,20,Wallet,Paid,Covered,50,0.0,50.0,0.63
PT108533,F004,Car,Regular,2025-09-29,17,371,UPI,Paid,Covered,50,0.0,350.0,0.88
PT108534,F002,Car,Member,2025-05-21,19,54,Wallet,Paid,Covered,50,7.5,50.0,0.78
PT108535,F006,Bike,Member,2025-02-28,16,133,UPI,Paid,Two-Wheeler,25,7.5,75.0,0.59
PT108536,F008,Car,Visitor,2025-08-28,17,20,UPI,Paid,Covered,50,0.0,47.5,0.85
PT108537,F007,Car,Member,2025-02-16,12,154,UPI,Paid,Covered,50,0.0,142.5,0.6
PT108538,F001,SUV,Member,2025-06-16,15,217,Wallet,Pending,Open,65,39.0,260.0,0.7
PT108539,F002,SUV,Regular,2025-04-20,11,26,UPI,Paid,Covered,65,0.0,55.25,0.48
PT108540,F007,Car,Regular,2025-05-06,8,133,Debit Card,Paid,Open,50,0.0,127.5,0.67
PT108541,F006,Bike,Regular,2025-10-26,14,131,Cash,Paid,Two-Wheeler,25,0.0,75.0,0.33
PT108542,F001,SUV,Member,2025-04-19,16,58,Debit Card,Paid,Covered,65,0.0,65.0,0.62
PT108543,F002,Car,Member,2025-06-14,8,42,UPI,Paid,Open,50,0.0,50.0,0.6
PT108544,F001,SUV,Regular,2025-09-16,10,189,Wallet,Paid,Open,65,52.0,260.0,0.67
PT108545,F001,Car,Regular,2025-03-17,9,106,Cash,Paid,Open,50,0.0,100.0,0.97
PT108546,F002,Bike,Regular,2025-01-07,15,44,Credit Card,Paid,Two-Wheeler,25,0.0,23.75,0.61
PT108547,F002,Bike,Regular,2025-07-05,8,147,Credit Card,Paid,Two-Wheeler,25,7.5,75.0,0.85
PT108548,F001,Bike,Regular,2025-10-03,9,162,Wallet,Paid,Two-Wheeler,25,3.75,75.0,0.62
PT108549,F007,SUV,Member,2025-03-20,11,236,Wallet,Paid,Covered,65,26.0,260.0,0.72
PT108550,F008,Car,Regular,2025-03-06,11,38,Credit Card,Paid,Covered,50,2.38,47.5,0.43
PT108551,F005,Car,Member,2025-04-25,14,78,Cash,Paid,Open,50,4.25,85.0,0.47
PT108552,F002,Bike,Member,2025-07-21,7,27,UPI,Paid,Two-Wheeler,25,1.06,21.25,0.37
PT108553,F006,SUV,Regular,2025-05-22,15,179,UPI,Paid,Covered,65,17.55,175.5,0.36
PT108554,F003,Car,Member,2025-04-08,13,111,UPI,Paid,Covered,50,10.0,100.0,0.67
PT108555,F004,SUV,Regular,2025-11-01,10,126,UPI,Paid,Open,65,15.6,156.0,0.92
PT108556,F001,Car,Member,2025-08-05,15,269,Debit Card,Paid,Covered,50,0.0,250.0,0.75
PT108557,F001,Car,Regular,2025-03-15,12,121,Credit Card,Paid,Covered,50,7.5,150.0,0.54
PT108558,F004,SUV,Member,2025-10-20,17,126,UPI,Paid,Open,65,19.5,195.0,0.72
PT108559,F005,Car,Visitor,2025-05-14,21,235,UPI,Paid,Open,50,0.0,160.0,0.21
PT108560,F004,Bike,Regular,2025-09-19,16,156,UPI,Paid,Two-Wheeler,25,11.25,75.0,0.53
PT108561,F002,Car,Regular,2025-10-11,16,358,Wallet,Paid,Covered,50,0.0,285.0,0.43
PT108562,F004,Car,Visitor,2025-04-12,12,49,Cash,Paid,Open,50,0.0,50.0,0.42
PT108563,F001,Bike,Regular,2025-07-25,14,345,UPI,Paid,Two-Wheeler,25,22.5,150.0,0.5
PT108564,F004,Bike,Regular,2025-05-21,8,107,Wallet,Paid,Two-Wheeler,25,0.0,47.5,0.82
PT108565,F003,Car,Regular,2025-01-13,16,177,UPI,Paid,Open,50,0.0,150.0,0.42
PT108566,F006,Bike,Regular,2025-09-06,15,88,Debit Card,Paid,Two-Wheeler,25,0.0,50.0,0.46
PT108567,F002,Car,,2025-05-03,11,111,Wallet,Paid,Covered,50,14.25,95.0,0.56
PT108568,F004,Bike,Member,2025-01-10,14,138,UPI,Paid,Two-Wheeler,25,0.0,75.0,0.59
PT108569,F001,EV Car,Visitor,2025-03-21,15,195,Debit Card,Failed,EV Parking,55,11.0,220.0,0.58
PT108570,F007,SUV,Regular,2025-06-16,12,40,UPI,Paid,Open,65,5.85,58.5,0.45
PT108571,F006,Car,Regular,2025-04-09,16,114,UPI,Paid,Covered,50,5.0,100.0,0.94
PT108572,F002,Car,Member,2025-07-26,17,116,Credit Card,Paid,Covered,50,15.0,100.0,0.5
PT108573,F001,EV Car,Visitor,2025-05-31,11,169,Wallet,Paid,EV Parking,55,16.5,165.0,0.47
PT108574,F005,Bike,Member,2025-02-06,12,31,Credit Card,Paid,Two-Wheeler,25,0.0,22.5,0.28
PT108575,F003,Bike,Regular,2025-09-21,13,410,Wallet,Paid,Two-Wheeler,25,35.0,175.0,0.53
PT108576,F008,SUV,Regular,2025-12-08,11,302,Wallet,Paid,Covered,65,0.0,390.0,0.56
PT108577,F005,Car,Regular,2025-01-05,16,265,UPI,Paid,Covered,50,0.0,212.5,0.58
PT108578,F008,Bike,Regular,2025-08-14,14,49,UPI,Paid,Two-Wheeler,25,0.0,25.0,0.58
PT108579,F003,EV Car,Member,2025-01-27,13,80,Debit Card,Paid,EV Parking,55,5.5,110.0,0.58
PT108580,F004,Bike,Regular,2025-05-04,6,64,Credit Card,Paid,Two-Wheeler,25,0.0,50.0,0.15
PT108581,F002,Car,Member,2025-10-26,12,85,UPI,Paid,Open,50,4.5,90.0,0.59
PT108582,F004,Car,Regular,2025-02-04,17,254,Wallet,Paid,Covered,50,0.0,250.0,0.96
PT108583,F003,Car,Regular,2025-08-25,16,171,Debit Card,Paid,Open,50,0.0,127.5,0.38
PT108584,F003,SUV,Member,2025-11-07,8,75,Credit Card,Paid,Covered,65,0.0,123.5,0.54
PT108585,F003,Car,Regular,2025-11-13,17,195,Credit Card,Paid,Open,50,20.0,200.0,0.99
PT108586,F008,Car,Regular,2025-10-30,10,253,UPI,Paid,Covered,50,0.0,237.5,0.99
PT108587,F006,EV Car,Member,2025-04-12,21,47,Credit Card,Paid,EV Parking,55,0.0,55.0,0.38
PT108588,F001,Car,Visitor,2025-03-18,18,74,Wallet,Paid,Covered,50,0.0,95.0,0.78
PT108589,F002,Car,Regular,2025-11-08,19,240,Cash,Paid,Covered,50,0.0,180.0,0.89
PT108590,F004,Car,Member,2025-03-23,16,261,UPI,Paid,Open,50,12.5,250.0,0.62
PT108591,F004,Car,Member,2025-05-26,16,95,Credit Card,Paid,Open,50,0.0,100.0,0.56
PT108592,F005,Bike,Regular,2025-07-12,11,48,Debit Card,Paid,Two-Wheeler,25,0.0,25.0,0.57
PT108593,F008,EV Car,Regular,2025-08-12,14,207,UPI,Paid,EV Parking,55,33.0,220.0,0.79
PT108594,F003,SUV,Member,2025-02-22,15,385,UPI,Paid,Open,65,0.0,455.0,0.38
PT108595,F007,Bike,Member,2025-12-11,12,63,Credit Card,Paid,Two-Wheeler,25,0.0,50.0,0.49
PT108596,F003,Car,Regular,2025-03-26,13,98,Credit Card,Paid,Covered,50,10.0,100.0,0.62
PT108597,F003,Bike,Regular,2025-05-09,20,134,UPI,Paid,Two-Wheeler,25,3.75,75.0,0.88
PT108598,F007,Car,Member,2025-07-30,13,65,UPI,Paid,Open,50,5.0,100.0,0.52
PT108599,F004,Car,Regular,2025-12-18,12,180,UPI,Paid,Covered,50,0.0,127.5,0.59
PT108600,F005,EV Car,Visitor,2025-09-21,9,235,UPI,Paid,EV Parking,55,0.0,220.0,0.95
PT108601,F001,Car,Visitor,2025-07-02,12,167,Credit Card,Paid,Open,50,0.0,150.0,0.58
PT108602,F007,Car,Visitor,2025-09-29,15,169,UPI,Paid,Covered,50,0.0,150.0,0.33
PT108603,F008,Bike,Regular,2025-08-15,10,106,UPI,Pending,Two-Wheeler,25,0.0,50.0,0.73
PT108604,F006,Bike,Member,2025-11-18,14,122,Cash,Paid,Two-Wheeler,25,13.5,67.5,0.48
PT108605,F002,Car,Member,2025-01-12,16,61,UPI,Paid,Open,50,5.0,100.0,0.7
PT108606,F008,Car,Regular,2025-04-03,16,208,Credit Card,Paid,Covered,50,0.0,170.0,0.55
PT108607,F007,Car,Regular,2025-11-26,21,229,Wallet,Paid,Covered,50,0.0,190.0,0.77
PT108608,F001,Bike,Visitor,2025-07-09,13,213,Debit Card,Paid,Two-Wheeler,25,9.5,95.0,0.42
PT108609,F004,Car,Member,2025-03-27,7,108,Debit Card,Paid,Covered,50,0.0,80.0,0.51
PT108610,F006,Bike,Regular,2025-12-20,18,153,Credit Card,Paid,Two-Wheeler,25,0.0,63.75,0.67
PT108611,F006,Bike,Regular,2025-10-04,8,380,UPI,Paid,Two-Wheeler,25,0.0,175.0,0.95
PT108612,F006,SUV,Regular,2025-10-20,18,83,Debit Card,Paid,Covered,65,12.35,123.5,0.54
PT108613,F003,Car,Regular,2025-09-18,21,20,Debit Card,Paid,Covered,50,2.25,45.0,0.34
PT108614,F002,Car,Member,2025-07-17,19,61,UPI,Paid,Covered,50,0.0,100.0,0.94
PT108615,F004,Bike,Visitor,2025-11-19,20,165,Credit Card,Failed,Two-Wheeler,25,0.0,71.25,0.93
PT108616,F004,SUV,Regular,2025-01-10,7,122,Wallet,Paid,Covered,65,9.75,195.0,0.6
PT108617,F006,Car,Regular,2025-03-29,6,197,UPI,Paid,Covered,50,10.0,200.0,0.67
PT108618,F004,Bike,Member,2025-12-06,11,64,Credit Card,Failed,Two-Wheeler,25,2.0,40.0,0.49
PT108619,F002,Car,Regular,2025-11-14,17,283,Credit Card,Pending,Open,50,0.0,225.0,0.83
PT108620,F002,Car,Member,2025-02-06,8,192,Cash,Paid,Open,50,18.0,180.0,0.86
PT108621,F005,Bike,Member,2025-08-11,16,309,Cash,Paid,Two-Wheeler,25,22.5,150.0,0.52
PT108622,F007,Car,Member,2025-06-24,6,394,Debit Card,Paid,Covered,50,17.5,350.0,0.65
PT108623,F007,SUV,Member,2025-07-28,16,272,UPI,Paid,Covered,65,0.0,276.25,0.38
PT108624,F005,Bike,Regular,2025-02-18,11,90,UPI,Paid,Two-Wheeler,25,2.38,47.5,0.45
PT108625,F001,Bike,Regular,2025-01-24,13,259,UPI,Pending,Two-Wheeler,25,0.0,125.0,0.23
PT108626,F007,Car,Visitor,2025-12-04,21,139,Debit Card,Paid,Open,50,0.0,150.0,0.73
PT108627,F002,Bike,Member,2025-04-16,14,255,Debit Card,Paid,Two-Wheeler,25,0.0,112.5,0.55
PT108628,F002,Car,Member,2025-11-07,8,81,Wallet,Paid,Covered,50,15.0,100.0,0.6
PT108629,F007,SUV,Visitor,2025-09-20,18,54,Credit Card,Paid,Open,65,0.0,65.0,0.58
PT108630,F002,EV Car,Member,2025-07-25,12,34,Debit Card,Paid,EV Parking,55,8.25,55.0,0.66
PT108631,F005,Car,Member,2025-06-18,14,30,Credit Card,Paid,Covered,50,0.0,45.0,0.52
PT108632,F006,Car,Member,2025-06-07,16,173,UPI,Paid,Covered,50,0.0,142.5,0.51
PT108633,F006,Car,Regular,2025-08-29,16,114,Credit Card,Paid,Covered,50,0.0,100.0,0.65
PT108634,F004,Bike,Regular,2025-05-03,13,178,Credit Card,Paid,Two-Wheeler,25,3.75,75.0,0.39
PT108635,F008,Bike,Member,2025-01-20,16,157,Wallet,Paid,Two-Wheeler,25,0.0,71.25,0.72
PT108636,F008,SUV,Regular,2025-02-25,9,78,UPI,Paid,Covered,65,0.0,123.5,0.73
PT108637,F006,SUV,Regular,2025-10-07,14,178,Wallet,Paid,Covered,65,0.0,195.0,0.25
PT108638,F003,Bike,Visitor,2025-04-18,7,62,Credit Card,Paid,Two-Wheeler,25,0.0,50.0,0.53
PT108639,F005,Bike,Member,2025-05-20,13,25,UPI,Paid,Two-Wheeler,25,0.0,25.0,0.7
PT108640,F002,Bike,Regular,2025-04-01,12,168,UPI,Paid,Two-Wheeler,25,0.0,75.0,0.34
PT108641,F007,Bike,Member,2025-09-28,21,256,UPI,Paid,Two-Wheeler,25,0.0,125.0,0.51
PT108642,F006,Bike,Regular,2025-11-25,13,105,Credit Card,Paid,Two-Wheeler,25,10.0,50.0,0.41
PT108643,F005,Bike,Member,2025-07-29,19,36,UPI,Paid,Two-Wheeler,25,0.0,21.25,0.98
PT108644,F006,Bike,Regular,2025-06-25,13,109,Credit Card,Paid,Two-Wheeler,25,0.0,50.0,0.54
PT108645,F001,Bike,Regular,2025-03-02,14,222,Wallet,Paid,Two-Wheeler,25,0.0,100.0,0.5
PT108646,F002,Bike,Regular,2025-10-11,12,89,Debit Card,Paid,Two-Wheeler,25,0.0,50.0,0.44
PT108647,F001,SUV,Regular,2025-01-03,15,188,Debit Card,Paid,Covered,65,13.0,260.0,0.76
PT108648,F002,Bike,Regular,2025-09-29,16,75,UPI,Paid,Two-Wheeler,25,0.0,40.0,0.25
PT108649,F005,Bike,Regular,2025-06-13,17,236,Credit Card,Paid,Two-Wheeler,25,0.0,100.0,0.72
PT108650,F004,Bike,Member,2025-01-09,15,232,UPI,Paid,Two-Wheeler,25,4.75,95.0,0.61
PT108651,F006,Bike,Regular,2025-01-12,12,84,Cash,Paid,Two-Wheeler,25,0.0,50.0,0.57
PT108652,F006,Car,Member,2025-03-15,12,66,UPI,Paid,Open,50,13.5,90.0,0.27
PT108653,F003,Car,Regular,2025-08-26,12,57,Credit Card,Paid,Covered,50,8.5,42.5,0.62
PT108654,F007,Bike,Regular,2025-10-27,7,114,Credit Card,Paid,Two-Wheeler,25,0.0,50.0,0.37
PT108655,F001,Bike,Regular,2025-04-18,20,81,Credit Card,Paid,Two-Wheeler,25,0.0,50.0,0.91
PT108656,F006,EV Car,Regular,2025-01-13,10,131,Cash,Paid,EV Parking,55,0.0,165.0,0.9
PT108657,F005,Car,Member,2025-08-22,10,118,UPI,Paid,Covered,50,0.0,100.0,0.58
PT108658,F004,Car,Regular,2025-09-02,14,119,UPI,Paid,Open,50,0.0,100.0,0.49
PT108659,F007,Car,Regular,2025-11-17,7,189,Debit Card,Paid,Covered,50,9.5,190.0,0.4
PT108660,F005,Car,Visitor,2025-04-02,17,189,Credit Card,Paid,Covered,50,0.0,200.0,0.7
PT108661,F001,SUV,Member,2025-12-26,18,217,UPI,Paid,Covered,65,0.0,260.0,0.76
PT108662,F003,Car,Regular,2025-07-17,13,70,UPI,Paid,Open,50,0.0,85.0,0.27
PT108663,F006,Bike,Regular,2025-04-26,21,265,Debit Card,Paid,Two-Wheeler,25,25.0,125.0,0.33
PT108664,F005,Bike,Visitor,2025-05-11,12,72,Wallet,Paid,Two-Wheeler,25,7.12,47.5,0.55
PT108665,F007,Bike,Regular,2025-12-31,11,108,Debit Card,Paid,Two-Wheeler,25,0.0,50.0,0.37
PT108666,F002,SUV,Regular,2025-06-02,21,272,Cash,Paid,Covered,65,15.44,308.75,0.67
PT108667,F004,Bike,Regular,2025-05-01,11,178,Credit Card,Paid,Two-Wheeler,25,0.0,75.0,0.45
PT108668,F007,Car,Member,2025-04-18,13,100,UPI,Paid,Open,50,5.0,100.0,0.43
PT108669,F005,SUV,Regular,2025-01-16,15,295,UPI,Paid,Open,65,16.25,325.0,0.57
PT108670,F004,SUV,Visitor,2025-10-26,12,90,Debit Card,Paid,Covered,65,18.52,123.5,0.47
PT108671,F006,Car,Member,2025-02-25,13,21,Credit Card,Paid,Open,50,0.0,47.5,0.48
PT108672,F002,Car,Regular,2025-04-13,16,47,Debit Card,Paid,Covered,50,0.0,50.0,0.71
PT108673,F003,Car,Visitor,2025-07-27,16,82,Debit Card,Paid,Open,50,18.0,90.0,0.28
PT108674,F007,Car,Member,2025-05-31,17,137,Wallet,Pending,Covered,50,0.0,135.0,0.77
PT108675,F003,EV Car,Regular,2025-09-19,14,20,Credit Card,Pending,EV Parking,55,0.0,55.0,0.59
PT108676,F002,Bike,Visitor,2025-02-12,11,185,Credit Card,Paid,Two-Wheeler,25,10.0,100.0,0.47
PT108677,F004,Car,Visitor,2025-10-27,12,101,UPI,Paid,Covered,50,9.5,95.0,0.35
PT108678,F006,SUV,Regular,2025-04-28,19,104,Credit Card,Paid,Covered,65,5.52,110.5,0.75
PT108679,F005,Bike,Member,2025-12-02,16,52,Cash,Paid,Two-Wheeler,25,2.5,25.0,0.51
PT108680,F002,Car,Member,2025-10-06,8,197,UPI,Paid,Open,50,8.0,160.0,0.75
PT108681,F001,EV Car,Regular,2025-05-24,16,203,Wallet,Paid,EV Parking,55,0.0,176.0,0.46
PT108682,F004,SUV,Member,2025-08-16,12,83,Wallet,Paid,Covered,65,6.5,130.0,0.35
PT108683,F003,SUV,Member,2025-07-23,7,176,Credit Card,Paid,Covered,65,18.52,185.25,0.37
PT108684,F007,Bike,Regular,2025-08-17,13,206,UPI,Paid,Two-Wheeler,25,15.0,100.0,0.31
PT108685,F002,SUV,Regular,2025-09-22,18,229,UPI,Paid,Covered,65,0.0,260.0,0.8
PT108686,F003,Car,Regular,2025-05-17,13,37,UPI,Paid,Open,50,0.0,45.0,0.42
PT108687,F004,Bike,Member,2025-08-28,21,109,UPI,Paid,Two-Wheeler,25,4.5,45.0,0.52
PT108688,F003,EV Car,Member,2025-07-05,10,164,Credit Card,Paid,EV Parking,55,0.0,165.0,0.99
PT108689,F002,Car,Regular,2025-11-11,12,198,UPI,Paid,Covered,50,0.0,200.0,0.52
PT108690,F004,SUV,Regular,2025-05-31,6,292,Debit Card,Paid,Covered,65,32.5,325.0,0.73
PT108691,F001,Bike,Regular,2025-11-21,8,31,UPI,Paid,Two-Wheeler,25,0.0,23.75,0.63
PT108692,F002,Car,Visitor,2025-10-18,12,92,UPI,Paid,Covered,50,0.0,100.0,0.64
PT108693,F005,SUV,Visitor,2025-12-19,14,65,Credit Card,Failed,Covered,65,0.0,123.5,0.43
PT108694,F008,Car,Regular,2025-04-20,11,94,Wallet,Paid,Covered,50,0.0,95.0,0.32
PT108695,F006,Bike,Member,2025-02-09,10,80,Debit Card,Paid,Two-Wheeler,25,5.0,50.0,0.64
PT108696,F002,Car,Regular,2025-05-22,13,154,Credit Card,Paid,Open,50,0.0,150.0,0.47
PT108697,F004,EV Car,Regular,2025-12-06,10,81,Debit Card,Paid,EV Parking,55,0.0,99.0,0.96
PT108698,F007,Car,Member,2025-01-13,15,155,Debit Card,Paid,Covered,50,0.0,150.0,0.65
PT108699,F006,Car,Regular,2025-02-22,20,43,Cash,Paid,Covered,50,0.0,50.0,0.83
PT108700,F002,Car,Member,2025-03-21,17,130,UPI,Paid,Open,50,0.0,142.5,0.83
PT108701,F001,EV Car,Regular,2025-08-21,11,158,Cash,Paid,EV Parking,55,0.0,165.0,0.36
PT108702,F007,SUV,Member,2025-12-17,20,92,UPI,Paid,Open,65,0.0,130.0,0.84
PT108703,F001,SUV,Regular,2025-02-08,16,115,Wallet,Paid,Covered,65,0.0,130.0,0.34
PT108704,F005,Bike,Visitor,2025-08-15,10,92,UPI,Paid,Two-Wheeler,25,0.0,42.5,0.94
PT108705,F007,Bike,Member,2025-12-06,14,121,Wallet,Paid,Two-Wheeler,25,0.0,75.0,0.52
PT108706,F003,Car,Regular,2025-05-01,20,164,Wallet,Failed,Open,50,0.0,150.0,0.81
PT108707,F008,Bike,Member,2025-03-06,9,301,UPI,Paid,Two-Wheeler,25,0.0,150.0,0.83
PT108708,F007,Car,Visitor,2025-10-23,11,100,Wallet,Paid,Open,50,0.0,100.0,0.31
PT108709,F006,EV Car,Regular,2025-07-24,12,141,UPI,Paid,EV Parking,55,0.0,156.75,0.65
PT108710,F007,SUV,Visitor,2025-05-15,9,67,UPI,Paid,Covered,65,0.0,130.0,0.6
PT108711,F004,Car,Visitor,2025-02-14,12,312,Credit Card,Paid,Open,50,30.0,300.0,0.51
PT108712,F008,Car,Regular,2025-10-05,15,215,Wallet,Paid,Open,50,0.0,190.0,0.52
PT108713,F004,SUV,Member,2025-05-15,13,213,Credit Card,Paid,Covered,65,20.8,208.0,0.5
PT108714,F003,Car,Member,2025-02-21,13,241,Credit Card,Paid,Covered,50,22.5,225.0,0.39
PT108715,F007,Car,Regular,2025-08-17,13,218,Debit Card,Paid,Covered,50,0.0,190.0,0.38
PT108716,F001,Car,Regular,2025-12-22,16,34,Wallet,Paid,Open,50,0.0,50.0,0.4
PT108717,F001,Bike,Regular,2025-03-09,22,62,Debit Card,Paid,Two-Wheeler,25,0.0,40.0,0.4
PT108718,F002,SUV,Member,2025-07-17,14,354,UPI,Paid,Covered,65,0.0,390.0,0.41
PT108719,F005,Car,Member,2025-03-08,16,144,UPI,Paid,Open,50,0.0,150.0,0.5
PT108720,F006,Car,Regular,2025-01-03,12,68,UPI,Paid,Covered,50,0.0,100.0,0.42
PT108721,F008,Bike,Member,2025-02-27,18,88,Debit Card,Paid,Two-Wheeler,25,4.5,45.0,0.77
PT108722,F005,SUV,Regular,2025-09-13,13,167,UPI,Paid,Open,65,0.0,195.0,0.59
PT108723,F007,Car,Regular,2025-12-22,19,194,UPI,Paid,Covered,50,20.0,200.0,0.72
PT108724,F005,Car,Regular,2025-09-22,16,170,Cash,Paid,Covered,50,14.25,142.5,0.29
PT108725,F002,EV Car,Member,2025-01-16,15,166,UPI,Paid,EV Parking,55,0.0,165.0,0.6
PT108726,F005,EV Car,Visitor,2025-09-25,12,127,Credit Card,Paid,EV Parking,55,23.51,156.75,0.46
PT108727,F008,EV Car,Member,2025-04-12,17,129,UPI,Paid,EV Parking,55,33.0,165.0,0.99
PT108728,F003,SUV,Member,2025-10-14,9,74,UPI,Paid,Covered,65,0.0,130.0,0.64
PT108729,F002,Car,Regular,2025-08-10,14,140,UPI,Paid,Covered,50,0.0,150.0,0.55
PT108730,F003,Car,Member,2025-01-21,16,25,UPI,Paid,Open,50,0.0,47.5,0.56
PT108731,F007,Car,Member,2025-01-21,18,89,Cash,Paid,Covered,50,0.0,100.0,0.8
PT108732,F002,Car,Member,2025-04-02,14,92,UPI,Paid,Covered,50,0.0,100.0,0.54
PT108733,F007,EV Car,Regular,2025-10-11,11,78,UPI,Paid,EV Parking,55,0.0,110.0,0.57
PT108734,F007,SUV,Visitor,2025-05-13,17,47,Debit Card,Pending,Covered,65,0.0,65.0,0.73
PT108735,F005,SUV,Regular,2025-11-23,16,138,Debit Card,Failed,Covered,65,18.52,185.25,0.57
PT108736,F003,Car,Regular,2025-11-25,10,162,Debit Card,Paid,Open,50,0.0,127.5,0.9
PT108737,F007,EV Car,Member,2025-06-24,18,227,Wallet,Failed,EV Parking,55,0.0,209.0,0.77
PT108738,F003,SUV,Member,2025-08-01,20,108,Debit Card,Paid,Covered,65,0.0,117.0,0.79
PT108739,F003,Car,Member,2025-05-28,14,61,UPI,Paid,Covered,50,10.0,100.0,0.63
PT108740,F002,SUV,Visitor,2025-08-20,7,59,Cash,Paid,Open,65,2.6,52.0,0.42
PT108741,F004,Car,Member,2025-06-14,19,189,Credit Card,Paid,Open,50,0.0,200.0,0.99
PT108742,F005,Car,Visitor,2025-11-10,9,20,UPI,Paid,Open,50,2.38,47.5,0.58
PT108743,F007,Bike,Member,2025-05-25,15,70,UPI,Paid,Two-Wheeler,25,0.0,42.5,0.56
PT108744,F003,Bike,Regular,2025-10-25,13,89,UPI,Failed,Two-Wheeler,25,5.0,50.0,0.62
PT108745,F006,Car,Visitor,2025-08-11,22,81,UPI,Paid,Covered,50,4.25,85.0,0.39
PT108746,F004,Car,Regular,2025-12-19,19,302,UPI,Paid,Covered,50,0.0,285.0,0.88
PT108747,F007,EV Car,Regular,2025-03-03,16,72,UPI,Paid,EV Parking,55,4.68,93.5,0.71
PT108748,F006,Bike,Regular,2025-04-06,10,100,Cash,Paid,Two-Wheeler,25,6.75,45.0,0.98
PT108749,F005,SUV,Member,2025-04-22,15,105,Wallet,Paid,Covered,65,12.35,123.5,0.37
PT108750,F005,Car,Member,2025-03-28,14,212,Credit Card,Paid,Covered,50,0.0,200.0,0.8
PT108751,F003,Car,Regular,2025-09-12,9,155,Cash,Paid,Covered,50,15.0,150.0,0.81
PT108752,F003,Car,Member,2025-04-23,17,81,UPI,Paid,Covered,50,0.0,100.0,0.77
PT108753,F008,Car,Member,2025-09-11,8,166,Wallet,Paid,Open,50,15.0,150.0,0.56
PT108754,F008,Car,Visitor,2025-12-14,13,89,Credit Card,Pending,Covered,50,10.0,100.0,0.52
PT108755,F007,Car,Member,2025-11-18,13,101,UPI,Paid,Covered,50,0.0,100.0,0.54
PT108756,F002,Bike,Regular,2025-02-01,17,421,UPI,Pending,Two-Wheeler,25,0.0,200.0,0.58
PT108757,F004,Car,Visitor,2025-03-05,13,208,UPI,Paid,Open,50,0.0,180.0,0.23
PT108758,F007,SUV,Regular,2025-06-03,15,53,UPI,Paid,Covered,65,0.0,65.0,0.44
PT108759,F004,Car,Regular,2025-01-05,13,33,UPI,Paid,Covered,50,0.0,50.0,0.43
PT108760,F003,Bike,Regular,2025-11-26,14,44,UPI,Paid,Two-Wheeler,25,0.0,25.0,0.31
PT108761,F005,Car,Member,2025-07-29,11,105,UPI,Paid,Covered,50,5.0,100.0,0.59
PT108762,F003,Bike,Member,2025-04-02,11,208,UPI,Pending,Two-Wheeler,25,0.0,90.0,0.8
PT108763,F005,Car,Regular,2025-08-10,15,63,Wallet,Paid,Open,50,0.0,100.0,0.63
PT108764,F008,EV Car,Regular,2025-07-09,9,117,UPI,Paid,EV Parking,55,5.5,110.0,0.69
PT108765,F007,SUV,Member,2025-03-01,10,82,UPI,Paid,Covered,65,0.0,110.5,0.89
PT108766,F008,Bike,Regular,2025-07-24,20,242,Debit Card,Paid,Two-Wheeler,25,0.0,106.25,0.86
PT108767,F005,Car,Member,2025-07-31,11,243,Cash,Paid,Covered,50,23.75,237.5,0.35
PT108768,F003,Bike,Member,2025-09-15,12,181,UPI,Paid,Two-Wheeler,25,18.0,90.0,0.5
PT108769,F008,SUV,Regular,2025-03-30,15,255,Cash,Paid,Covered,65,14.62,292.5,0.52
PT108770,F001,Car,Member,2025-08-24,13,279,UPI,Paid,Open,50,0.0,237.5,0.7
PT108771,F004,Bike,Regular,2025-12-29,14,157,UPI,Paid,Two-Wheeler,25,0.0,75.0,0.47
PT108772,F006,SUV,Regular,2025-11-28,10,288,UPI,Pending,Open,65,55.25,276.25,0.73
PT108773,F005,SUV,Member,2025-07-15,15,120,Credit Card,Paid,Open,65,6.5,130.0,0.66
PT108774,F005,SUV,Member,2025-11-28,10,218,UPI,Paid,Covered,65,23.4,234.0,0.62
PT108775,F001,SUV,Member,2025-07-02,16,227,Debit Card,Paid,Open,65,13.0,260.0,0.19
PT108776,F007,EV Car,Member,2025-09-08,14,128,UPI,Paid,EV Parking,55,0.0,156.75,0.31
PT108777,F007,Car,Regular,2025-08-12,17,102,Debit Card,Paid,Covered,50,0.0,90.0,0.95
PT108778,F007,Bike,Regular,2025-06-20,10,168,UPI,Paid,Two-Wheeler,25,6.75,67.5,0.99
PT108779,F006,SUV,Member,2025-07-17,12,20,Credit Card,Paid,Covered,65,8.78,58.5,0.51
PT108780,F002,Bike,Regular,2025-09-06,17,261,Credit Card,Paid,Two-Wheeler,25,0.0,125.0,0.78
PT108781,F001,EV Car,Visitor,2025-06-30,17,248,Debit Card,Paid,EV Parking,55,11.69,233.75,0.77
PT108782,F006,Car,Member,2025-10-04,20,166,UPI,Failed,Covered,50,0.0,150.0,0.79
PT108783,F008,Car,Regular,2025-10-02,11,202,Cash,Paid,Open,50,34.0,170.0,0.4
PT108784,F001,Car,Regular,2025-06-10,14,64,Debit Card,Paid,Covered,50,0.0,100.0,0.56
PT108785,F005,Car,Member,2025-09-05,6,163,UPI,Paid,Covered,50,14.25,142.5,0.49
PT108786,F004,Car,Regular,2025-11-15,20,166,Wallet,Pending,Covered,50,0.0,142.5,0.63
PT108787,F001,SUV,Visitor,2025-07-07,10,91,Debit Card,Paid,Covered,65,6.5,130.0,0.75
PT108788,F002,Car,Member,2025-01-19,19,60,Credit Card,Paid,Open,50,2.25,45.0,0.8
PT108789,F003,SUV,Regular,2025-09-01,15,38,UPI,Paid,Covered,65,0.0,65.0,0.55
PT108790,F008,Bike,Regular,2025-04-23,19,208,Credit Card,Paid,Two-Wheeler,25,10.0,100.0,0.6
PT108791,F006,Car,Member,2025-10-05,11,264,UPI,Paid,Covered,50,31.88,212.5,0.64
PT108792,F008,Car,Regular,2025-02-20,12,175,Credit Card,Paid,Covered,50,22.5,150.0,0.41
PT108793,F008,Bike,Member,2025-12-10,10,215,UPI,Paid,Two-Wheeler,25,0.0,90.0,0.85
PT108794,F001,SUV,Regular,2025-05-03,13,182,Debit Card,Paid,Covered,65,26.0,260.0,0.48
PT108795,F001,SUV,Member,2025-08-26,20,26,UPI,Paid,Open,65,3.25,65.0,0.98
PT108796,F002,SUV,Regular,2025-11-15,14,147,Cash,Pending,Covered,65,9.75,195.0,0.47
PT108797,F004,EV Car,Regular,2025-03-03,13,173,UPI,Pending,EV Parking,55,0.0,165.0,0.65
PT108798,F001,Bike,Regular,2025-03-15,12,114,Credit Card,Paid,Two-Wheeler,25,2.0,40.0,0.39
PT108799,F001,EV Car,Member,2025-09-02,14,20,Debit Card,Paid,EV Parking,55,0.0,55.0,0.35
PT108800,F004,SUV,Regular,2025-02-01,16,20,Debit Card,Paid,Covered,65,0.0,65.0,0.31
PT108801,F002,SUV,Member,2025-06-02,13,133,UPI,Paid,Open,65,0.0,195.0,0.6
PT108802,F006,Car,Regular,2025-05-24,11,120,UPI,Paid,Covered,50,0.0,95.0,0.55
PT108803,F008,EV Car,Member,2025-01-15,14,64,UPI,Paid,EV Parking,55,0.0,110.0,0.53
PT108804,F006,Bike,Regular,2025-10-31,12,80,Credit Card,Paid,Two-Wheeler,25,0.0,45.0,0.72
PT108805,F001,SUV,Member,2025-10-01,22,191,UPI,Paid,Covered,65,26.0,260.0,0.46
PT108806,F004,Car,Regular,2025-09-02,13,125,Debit Card,Paid,Covered,50,0.0,150.0,0.79
PT108807,F001,Car,Regular,2025-10-06,13,136,Credit Card,Paid,Covered,50,0.0,150.0,0.7
PT108808,F007,Car,Regular,2025-02-24,17,63,UPI,Paid,Open,50,9.0,90.0,0.8
PT108809,F003,Car,Regular,2025-02-11,11,358,UPI,Failed,Covered,50,40.5,270.0,0.59
PT108810,F006,Car,Regular,2025-12-25,8,74,UPI,Paid,Covered,50,13.5,90.0,0.99
PT108811,F007,SUV,Regular,2025-02-21,18,91,UPI,Failed,Covered,65,13.0,130.0,0.73
PT108812,F005,Car,Regular,2025-01-11,14,96,Credit Card,Paid,Open,50,19.0,95.0,0.5
PT108813,F003,Car,Regular,2025-11-07,11,79,Credit Card,Paid,Open,50,5.0,100.0,0.52
PT108814,F001,Car,Visitor,2025-03-29,12,74,Debit Card,Paid,Covered,50,20.0,100.0,0.39
PT108815,F002,Bike,Regular,2025-08-15,13,156,UPI,Paid,Two-Wheeler,25,11.25,75.0,0.25
PT108816,F006,Car,Regular,2025-04-24,15,25,Wallet,Paid,Covered,50,0.0,50.0,0.62
PT108817,F005,Car,Member,2025-01-25,13,34,UPI,Paid,Covered,50,6.38,42.5,0.75
PT108818,F003,Bike,Regular,2025-04-02,13,214,UPI,Paid,Two-Wheeler,25,10.0,100.0,0.32
PT108819,F006,Bike,Regular,2025-03-28,16,69,Debit Card,Paid,Two-Wheeler,25,4.25,42.5,0.64
PT108820,F004,Car,Regular,2025-03-22,8,176,Cash,Paid,Covered,50,22.5,150.0,0.7
PT108821,F002,Car,Regular,2025-09-07,15,60,UPI,Paid,Covered,50,0.0,45.0,0.66
PT108822,F003,Car,Regular,2025-09-07,13,135,Debit Card,Paid,Covered,50,0.0,135.0,0.37
PT108823,F004,EV Car,Regular,2025-07-29,12,189,Cash,Pending,EV Parking,55,11.0,220.0,0.65
PT108824,F007,Car,Regular,2025-01-09,19,125,Debit Card,Paid,Covered,50,15.0,150.0,0.8
PT108825,F001,Bike,Member,2025-04-09,16,167,UPI,Paid,Two-Wheeler,25,9.56,63.75,0.86
PT108826,F004,Car,Member,2025-02-05,11,239,Cash,Pending,Open,50,28.5,190.0,0.46
PT108827,F003,Bike,Regular,2025-02-26,15,156,Debit Card,Paid,Two-Wheeler,25,7.5,75.0,0.41
PT108828,F008,Car,Regular,2025-03-04,17,31,Debit Card,Paid,Covered,50,10.0,50.0,0.44
PT108829,F003,Car,Regular,2025-12-04,21,190,Debit Card,Pending,Covered,50,0.0,180.0,0.75
PT108830,F008,Bike,Member,2025-10-03,15,164,Wallet,Paid,Two-Wheeler,25,15.0,75.0,0.75
PT108831,F007,Car,Member,2025-08-01,15,176,Credit Card,Paid,Covered,50,0.0,135.0,0.42
PT108832,F001,Car,Regular,2025-10-30,15,273,UPI,Paid,Covered,50,11.88,237.5,0.47
PT108833,F008,Bike,Regular,2025-01-20,7,322,Credit Card,Failed,Two-Wheeler,25,0.0,142.5,0.44
PT108834,F008,EV Car,Member,2025-09-04,14,166,UPI,Paid,EV Parking,55,8.25,165.0,0.37
PT108835,F004,Car,Regular,2025-01-06,17,161,UPI,Pending,Covered,50,0.0,150.0,0.61
PT108836,F004,Bike,Member,2025-03-14,13,215,Credit Card,Paid,Two-Wheeler,25,0.0,95.0,0.63
PT108837,F001,EV Car,Member,2025-04-17,14,78,UPI,Paid,EV Parking,55,4.95,99.0,0.24
PT108838,F004,SUV,Member,2025-04-03,19,67,Debit Card,Paid,Covered,65,13.0,130.0,0.77
PT108839,F006,Bike,Regular,2025-10-12,10,215,Cash,Paid,Two-Wheeler,25,0.0,100.0,0.69
PT108840,F001,SUV,Visitor,2025-12-22,12,127,Credit Card,Paid,Covered,65,8.29,165.75,0.67
PT108841,F002,Car,Member,2025-08-07,9,160,Wallet,Paid,Open,50,0.0,142.5,0.92
PT108842,F008,Bike,Member,2025-02-18,14,41,UPI,Paid,Two-Wheeler,25,0.0,22.5,0.64
PT108843,F003,Car,Regular,2025-12-30,17,322,Cash,Paid,Covered,50,0.0,300.0,0.8
PT108844,F002,Car,Visitor,2025-10-22,13,105,Cash,Paid,Covered,50,5.0,100.0,0.45
PT108845,F008,Bike,Member,2025-10-15,8,113,UPI,Paid,Two-Wheeler,25,4.5,45.0,0.63
PT108846,F006,Car,Regular,2025-06-26,11,180,UPI,Paid,Open,50,7.5,150.0,0.79
PT108847,F008,Bike,Member,2025-10-26,18,58,UPI,Paid,Two-Wheeler,25,2.5,25.0,0.9
PT108848,F008,Bike,Member,2025-04-18,14,116,Cash,Paid,Two-Wheeler,25,2.5,50.0,0.52
PT108849,F008,Bike,Regular,2025-10-11,19,265,Cash,Paid,Two-Wheeler,25,10.62,106.25,0.84
PT108850,F007,Car,Visitor,2025-10-28,17,148,UPI,Paid,Covered,50,30.0,150.0,0.67
PT108851,F006,Car,Regular,2025-03-06,13,480,Credit Card,Paid,Covered,50,0.0,360.0,0.59
PT108852,F005,Bike,Visitor,2025-11-02,15,62,UPI,Paid,Two-Wheeler,25,0.0,50.0,0.51
PT108853,F005,EV Car,Regular,2025-02-23,15,101,Credit Card,Paid,EV Parking,55,0.0,110.0,0.44
PT108854,F005,Car,Visitor,2025-11-03,16,234,Wallet,Paid,Open,50,10.0,200.0,0.52
PT108855,F001,Car,Member,2025-10-26,12,20,UPI,Paid,Covered,50,0.0,45.0,0.39
PT108856,F004,SUV,Member,2025-11-16,12,135,Wallet,Paid,Covered,65,0.0,185.25,0.36
PT108857,F006,Car,Regular,2025-01-30,15,31,Cash,Paid,Covered,50,7.5,50.0,0.44
PT108858,F002,SUV,Regular,2025-09-03,17,148,Wallet,Paid,Covered,65,37.05,185.25,0.7
PT108859,F007,Bike,Member,2025-07-29,13,41,UPI,Paid,Two-Wheeler,25,0.0,21.25,0.27
PT108860,F002,Car,Regular,2025-08-09,12,90,UPI,Paid,Covered,50,0.0,100.0,0.57
PT108861,F002,Car,Member,2025-06-19,17,272,UPI,Paid,Covered,50,0.0,237.5,0.99
PT108862,F002,Car,Regular,2025-12-09,15,160,Debit Card,Paid,Open,50,0.0,150.0,0.51
PT108863,F007,Car,Member,2025-08-02,12,73,Debit Card,Paid,Covered,50,13.5,90.0,0.41
PT108864,F005,SUV,Regular,2025-11-18,14,28,UPI,Paid,Covered,65,2.76,55.25,0.44
PT108865,F002,SUV,Member,2025-03-10,20,147,Debit Card,Paid,Covered,65,0.0,185.25,0.76
PT108866,F007,Bike,Regular,2025-08-22,16,48,UPI,Paid,Two-Wheeler,25,0.0,25.0,0.22
PT108867,F007,SUV,Member,2025-01-15,11,87,UPI,Paid,Covered,65,0.0,117.0,0.31
PT108868,F004,Car,Regular,2025-05-14,12,55,Credit Card,Paid,Covered,50,0.0,40.0,0.5
PT108869,F007,Bike,Regular,2025-07-25,11,54,UPI,Paid,Two-Wheeler,25,0.0,25.0,0.63
PT108870,F005,Bike,Member,2025-01-24,17,197,UPI,Failed,Two-Wheeler,25,5.0,100.0,0.81
PT108871,F002,SUV,Member,2025-03-26,15,48,UPI,Paid,Covered,65,0.0,65.0,0.63
PT108872,F007,Car,Member,2025-05-22,19,235,Cash,Paid,Covered,50,30.0,200.0,0.8
PT108873,F001,Bike,Regular,2025-05-20,9,72,Debit Card,Paid,Two-Wheeler,25,0.0,47.5,0.75
PT108874,F007,SUV,Regular,2025-11-20,8,156,Credit Card,Paid,Open,65,15.6,156.0,0.76
PT108875,F003,Car,Member,2025-05-02,15,42,Debit Card,Paid,Open,50,0.0,42.5,0.48
PT108876,F003,Car,Regular,2025-10-27,11,292,Credit Card,Pending,Covered,50,0.0,250.0,0.46
PT108877,F003,Bike,Visitor,2025-12-07,15,200,UPI,Pending,Two-Wheeler,25,15.0,100.0,0.53
PT108878,F007,Car,Member,2025-06-28,16,117,Debit Card,Paid,Open,50,4.75,95.0,0.38
PT108879,F005,Bike,Regular,2025-07-27,12,249,Debit Card,Paid,Two-Wheeler,25,0.0,125.0,0.31
PT108880,F002,EV Car,Regular,2025-06-15,20,85,Credit Card,Paid,EV Parking,55,0.0,110.0,0.79
PT108881,F006,Bike,Regular,2025-02-10,16,88,Credit Card,Paid,Two-Wheeler,25,5.0,50.0,0.43
PT108882,F006,Bike,Member,2025-05-02,12,192,Debit Card,Paid,Two-Wheeler,25,14.25,95.0,0.42
PT108883,F006,Bike,Member,2025-02-13,13,101,UPI,Paid,Two-Wheeler,25,2.5,50.0,0.56
PT108884,F005,Car,Member,2025-03-16,16,129,Cash,Pending,Covered,50,0.0,150.0,0.3
PT108885,F004,Car,Regular,2025-12-14,12,102,UPI,Paid,Covered,50,0.0,100.0,0.37
PT108886,F008,EV Car,Regular,2025-09-29,12,237,Cash,Paid,EV Parking,55,0.0,220.0,0.63
PT108887,F001,Bike,Member,2025-06-15,15,24,UPI,Paid,Two-Wheeler,25,0.0,25.0,0.52
PT108888,F001,Car,Member,2025-09-07,9,84,UPI,Paid,Covered,50,4.25,85.0,0.76
PT108889,F003,Car,Member,2025-03-27,22,121,Credit Card,Paid,Covered,50,15.0,150.0,0.52
PT108890,F003,Bike,Regular,2025-05-17,12,145,UPI,Pending,Two-Wheeler,25,0.0,75.0,0.51
PT108891,F007,SUV,Member,2025-11-29,13,79,Cash,Paid,Covered,65,11.7,117.0,0.48
PT108892,F006,SUV,Regular,2025-02-08,11,149,Credit Card,Paid,Open,65,15.6,156.0,0.47
PT108893,F007,Car,Regular,2025-03-28,15,85,Debit Card,Paid,Covered,50,10.0,100.0,0.43
PT108894,F008,EV Car,Regular,2025-06-04,8,62,UPI,Paid,EV Parking,55,0.0,99.0,0.58
PT108895,F006,Bike,Regular,2025-06-09,19,53,UPI,Paid,Two-Wheeler,25,0.0,25.0,0.89
PT108896,F003,Bike,Member,2025-03-05,12,212,UPI,Paid,Two-Wheeler,25,0.0,95.0,0.57
PT108897,F002,Bike,Regular,2025-08-11,19,160,Credit Card,Paid,Two-Wheeler,25,0.0,71.25,0.68
PT108898,F004,Car,Regular,2025-12-28,11,175,Debit Card,Pending,Covered,50,0.0,150.0,0.36
PT108899,F007,EV Car,Regular,2025-12-12,14,41,Credit Card,Paid,EV Parking,55,0.0,46.75,0.6
PT108900,F004,Car,Member,2025-05-26,15,78,Wallet,Paid,Open,50,0.0,100.0,0.57
PT108901,F004,Car,Member,2025-07-23,15,53,Debit Card,Paid,Open,50,0.0,50.0,0.59
PT108902,F004,SUV,Regular,2025-03-08,14,76,Wallet,Paid,Covered,65,18.52,123.5,0.49
PT108903,F003,Bike,Visitor,2025-01-05,16,193,UPI,Paid,Two-Wheeler,25,9.0,90.0,0.55
PT108904,F001,SUV,Regular,2025-02-28,13,96,UPI,Paid,Open,65,0.0,130.0,0.96
PT108905,F003,Bike,Regular,2025-03-17,12,194,UPI,Paid,Two-Wheeler,25,15.0,100.0,0.31
PT108906,F004,Car,Regular,2025-09-17,16,68,UPI,Paid,Open,50,0.0,100.0,0.41
PT108907,F003,EV Car,Member,2025-09-05,19,63,Credit Card,Paid,EV Parking,55,0.0,110.0,0.95
PT108908,F004,Car,Regular,2025-01-16,14,85,Credit Card,Paid,Covered,50,10.0,100.0,0.64
PT108909,F005,SUV,Regular,2025-03-16,11,157,Credit Card,Paid,Covered,65,0.0,156.0,0.47
PT108910,F006,Car,Regular,2025-12-22,16,199,Debit Card,Paid,Covered,50,0.0,200.0,0.64
PT108911,F001,SUV,Visitor,2025-06-25,16,47,Wallet,Paid,Open,65,0.0,58.5,0.72
PT108912,F005,Car,Regular,2025-11-18,11,33,Cash,Paid,Covered,50,0.0,50.0,0.55
PT108913,F002,Bike,Member,2025-05-16,13,156,UPI,Paid,Two-Wheeler,25,3.56,71.25,0.85
PT108914,F003,SUV,Visitor,2025-10-04,10,43,UPI,Paid,Covered,65,0.0,52.0,0.63
PT108915,F002,Bike,Member,2025-10-09,8,359,UPI,Paid,Two-Wheeler,25,0.0,150.0,0.81
PT108916,F007,SUV,Regular,2025-06-17,17,211,UPI,Paid,Covered,65,0.0,234.0,0.77
PT108917,F003,SUV,Visitor,2025-01-30,12,58,Credit Card,Pending,Open,65,0.0,65.0,0.38
PT108918,F008,SUV,Member,2025-11-18,12,97,Credit Card,Paid,Covered,65,0.0,123.5,0.59
PT108919,F008,EV Car,Regular,2025-12-02,11,135,UPI,Paid,EV Parking,55,24.75,165.0,0.39
PT108920,F006,Bike,Member,2025-09-26,8,203,Debit Card,Paid,Two-Wheeler,25,9.5,95.0,0.8
PT108921,F005,Car,Regular,2025-01-01,21,74,Debit Card,Paid,Covered,50,0.0,100.0,0.61
PT108922,F006,Car,Member,2025-06-20,12,371,UPI,Paid,Covered,50,35.0,350.0,0.42
PT108923,F007,Car,Regular,2025-05-09,10,70,UPI,Paid,Open,50,0.0,100.0,0.65
PT108924,F004,Car,Regular,2025-06-17,18,116,Cash,Paid,Open,50,0.0,90.0,0.65
PT108925,F006,Bike,Regular,2025-03-02,16,33,Credit Card,Paid,Two-Wheeler,25,0.0,25.0,0.43
PT108926,F006,Car,Regular,2025-04-27,15,21,UPI,Paid,Covered,50,0.0,50.0,0.57
PT108927,F008,Car,Visitor,2025-11-18,12,133,UPI,Paid,Covered,50,15.0,150.0,0.41
PT108928,F004,Car,Regular,2025-05-03,13,70,UPI,Paid,Covered,50,20.0,100.0,0.39
PT108929,F008,SUV,Visitor,2025-09-17,17,29,UPI,Paid,Covered,65,0.0,65.0,0.9
PT108930,F003,Bike,Regular,2025-08-14,15,107,Cash,Paid,Two-Wheeler,25,0.0,50.0,0.42
PT108931,F004,Car,Regular,2025-10-19,12,156,UPI,Paid,Open,50,6.0,120.0,0.59
PT108932,F005,SUV,Member,2025-12-18,9,82,UPI,Paid,Covered,65,0.0,117.0,0.89
PT108933,F006,Car,Visitor,2025-07-05,19,136,UPI,Paid,Covered,50,0.0,120.0,0.68
PT108934,F008,EV Car,Member,2025-03-26,20,177,Debit Card,Paid,EV Parking,55,31.35,156.75,0.69
PT108935,F004,Bike,Regular,2025-08-06,16,171,UPI,Paid,Two-Wheeler,25,6.38,63.75,0.38
PT108936,F007,Car,Member,2025-05-23,15,175,UPI,Paid,Covered,50,30.0,150.0,0.58
PT108937,F007,Bike,Regular,2025-03-31,14,59,Credit Card,Pending,Two-Wheeler,25,0.0,25.0,0.54
PT108938,F006,SUV,Visitor,2025-12-07,21,290,UPI,Paid,Covered,65,0.0,260.0,0.29
PT108939,F005,Bike,Regular,2025-09-25,15,172,UPI,Paid,Two-Wheeler,25,0.0,75.0,0.46
PT108940,F002,SUV,Visitor,2025-03-17,8,182,UPI,Paid,Open,65,39.0,260.0,0.75
PT108941,F008,Car,Regular,2025-03-10,9,269,Debit Card,Paid,Open,50,0.0,237.5,0.71
PT108942,F005,Car,Visitor,2025-10-25,20,201,Wallet,Paid,Covered,50,0.0,200.0,0.99
PT108943,F001,Car,Regular,2025-06-09,20,20,UPI,Paid,Open,50,0.0,50.0,0.91
PT108944,F001,Car,Member,2025-01-08,14,107,UPI,Paid,Open,50,8.5,85.0,0.56
PT108945,F001,Car,Regular,2025-08-07,11,140,UPI,Paid,Covered,50,15.0,150.0,0.51
PT108946,F006,EV Car,Regular,2025-11-06,14,148,Debit Card,Failed,EV Parking,55,8.25,165.0,0.56
PT108947,F007,Car,Member,2025-03-29,16,130,Credit Card,Paid,Covered,50,0.0,135.0,0.44
PT108948,F003,Bike,Member,2025-05-21,6,67,Debit Card,Paid,Two-Wheeler,25,5.0,50.0,0.71
PT108949,F008,Bike,Member,2025-01-29,17,74,Debit Card,Paid,Two-Wheeler,25,0.0,50.0,0.7
PT108950,F007,SUV,Member,2025-01-13,13,87,Wallet,Paid,Open,65,0.0,117.0,0.6
PT108951,F003,EV Car,Regular,2025-11-10,13,140,Cash,Paid,EV Parking,55,0.0,140.25,0.64
PT108952,F003,SUV,Regular,2025-03-04,13,36,Debit Card,Paid,Open,65,0.0,61.75,0.4
PT108953,F007,EV Car,Regular,2025-12-09,15,162,Credit Card,Paid,EV Parking,55,0.0,165.0,0.54
PT108954,F008,SUV,Visitor,2025-06-24,11,65,UPI,Paid,Covered,65,26.0,130.0,0.56
PT108955,F006,EV Car,Regular,2025-08-04,14,52,Credit Card,Paid,EV Parking,55,0.0,49.5,0.36
PT108956,F005,SUV,Regular,2025-08-23,7,115,Credit Card,Paid,Covered,65,0.0,123.5,0.53
PT108957,F003,Car,Member,2025-03-28,17,148,Credit Card,Paid,Covered,50,7.5,150.0,0.86
PT108958,F002,Car,Regular,2025-03-15,17,211,UPI,Paid,Covered,50,10.0,200.0,0.76
PT108959,F007,Bike,Regular,2025-10-21,12,139,Debit Card,Pending,Two-Wheeler,25,0.0,63.75,0.37
PT108960,F007,Car,Member,2025-03-10,9,45,Credit Card,Paid,Covered,50,2.5,50.0,0.7
PT108961,F001,Car,Member,2025-03-10,16,216,Debit Card,Paid,Open,50,0.0,160.0,0.74
PT108962,F005,Bike,Regular,2025-08-11,13,261,UPI,Paid,Two-Wheeler,25,0.0,125.0,0.59
PT108963,F001,EV Car,Regular,2025-10-12,19,296,Credit Card,Paid,EV Parking,55,27.5,275.0,0.74
PT108964,F007,Car,Regular,2025-05-02,12,262,UPI,Pending,Covered,50,11.88,237.5,0.77
PT108965,F007,SUV,Visitor,2025-09-20,17,99,,Paid,Open,65,0.0,130.0,0.97
PT108966,F003,SUV,Visitor,2025-08-09,7,32,Credit Card,Paid,Covered,65,0.0,52.0,0.5
PT108967,F005,EV Car,Member,2025-11-07,16,203,UPI,Paid,EV Parking,55,0.0,220.0,0.53
PT108968,F004,EV Car,Member,2025-06-13,15,72,UPI,Paid,EV Parking,55,0.0,104.5,0.5
PT108969,F002,SUV,Regular,2025-09-20,14,42,Debit Card,Paid,Covered,65,9.75,65.0,0.59
PT108970,F008,Bike,Regular,2025-04-02,19,123,UPI,Paid,Two-Wheeler,25,0.0,75.0,0.74
PT108971,F003,Car,Regular,2025-09-23,20,28,Wallet,Paid,Open,50,6.75,45.0,0.94
PT108972,F007,Bike,Member,2025-12-02,19,366,Credit Card,Paid,Two-Wheeler,25,0.0,157.5,0.59
PT108973,F008,SUV,Member,2025-03-15,14,105,UPI,Paid,Covered,65,11.7,117.0,0.77
PT108974,F003,SUV,Member,2025-11-10,14,55,Debit Card,Paid,Covered,65,0.0,65.0,0.64
PT108975,F002,SUV,Visitor,2025-03-31,11,30,UPI,Paid,Covered,65,0.0,52.0,0.61
PT108976,F007,Car,Visitor,2025-12-20,10,135,Cash,Paid,Covered,50,0.0,135.0,0.72
PT108977,F002,Bike,Member,2025-10-23,14,66,UPI,Pending,Two-Wheeler,25,0.0,50.0,0.6
PT108978,F008,Car,Member,2025-05-09,10,84,Wallet,Paid,Covered,50,15.0,100.0,0.73
PT108979,F004,Car,Member,2025-02-18,10,150,Credit Card,Pending,Open,50,15.0,150.0,0.96
PT108980,F003,Car,Visitor,2025-03-27,12,94,Cash,Paid,Covered,50,4.5,90.0,0.43
PT108981,F006,Car,Visitor,2025-05-24,10,25,UPI,Paid,Covered,50,0.0,42.5,0.8
PT108982,F003,SUV,Member,2025-05-15,14,87,,Paid,Covered,65,6.18,123.5,0.7
PT108983,F001,Car,Member,2025-04-25,15,158,Debit Card,Paid,Covered,50,7.5,150.0,0.57
PT108984,F005,Car,Regular,2025-10-04,15,209,Debit Card,Paid,Covered,50,20.0,200.0,0.47
PT108985,F005,EV Car,Regular,2025-03-07,14,272,UPI,Paid,EV Parking,55,13.75,275.0,0.25
PT108986,F001,Car,Regular,2025-07-06,14,223,UPI,Paid,Covered,50,20.0,200.0,0.44
PT108987,F007,Car,Regular,2025-12-11,13,219,UPI,Paid,Open,50,0.0,180.0,0.65
PT108988,F005,Car,Visitor,2025-07-20,11,143,Credit Card,Paid,Covered,50,30.0,150.0,0.86
PT108989,F002,Car,Member,2025-05-18,15,214,UPI,Paid,Covered,50,0.0,200.0,0.46
PT108990,F008,Car,Regular,2025-02-21,15,95,UPI,Pending,Covered,50,0.0,100.0,0.15
PT108991,F008,Car,Member,2025-08-01,11,295,UPI,Paid,Open,50,35.62,237.5,0.4
PT108992,F005,Bike,Regular,2025-06-07,15,256,UPI,Pending,Two-Wheeler,25,0.0,112.5,0.64
PT108993,F005,Car,Regular,2025-10-17,18,181,UPI,Paid,Covered,50,0.0,200.0,0.82
PT108994,F001,Car,Visitor,2025-12-16,14,177,Wallet,Paid,Covered,50,0.0,150.0,0.69
PT108995,F007,SUV,Regular,2025-07-25,9,95,UPI,Paid,Covered,65,0.0,130.0,0.99
PT108996,F004,Bike,Regular,2025-12-08,12,119,Wallet,Pending,Two-Wheeler,25,7.5,50.0,0.43
PT108997,F005,EV Car,Regular,2025-11-17,9,108,Credit Card,Failed,EV Parking,55,9.9,99.0,0.99
PT108998,F006,Bike,Member,2025-11-12,12,106,UPI,Paid,Two-Wheeler,25,0.0,50.0,0.68
PT108999,F005,Car,Regular,2025-05-16,11,94,UPI,Paid,Open,50,18.0,90.0,0.41
PT109000,F004,SUV,Regular,2025-03-16,14,48,Debit Card,Paid,Open,65,2.92,58.5,0.77
PT109001,F001,Car,Regular,2025-03-10,13,149,Debit Card,Paid,Covered,50,20.25,135.0,0.64
PT109002,F004,Car,Regular,2025-10-28,16,41,Credit Card,Paid,Covered,50,0.0,47.5,0.52
PT109003,F001,Bike,Regular,2025-02-18,12,176,UPI,Paid,Two-Wheeler,25,0.0,75.0,0.72
PT109004,F002,Bike,Regular,2025-07-21,10,67,Wallet,Paid,Two-Wheeler,25,0.0,50.0,0.86
PT109005,F001,SUV,Member,2025-03-03,11,48,Wallet,Paid,Open,65,0.0,65.0,0.69
PT109006,F002,EV Car,Regular,2025-06-16,14,67,Credit Card,Paid,EV Parking,55,11.0,110.0,0.38
PT109007,F002,Car,Regular,2025-07-24,13,395,Credit Card,Paid,Open,50,0.0,332.5,0.69
PT109008,F001,Bike,Member,2025-05-29,7,133,Credit Card,Paid,Two-Wheeler,25,0.0,67.5,0.62
PT109009,F006,Bike,Regular,2025-05-01,11,75,UPI,Paid,Two-Wheeler,25,2.5,50.0,0.56
PT109010,F003,EV Car,Member,2025-11-05,12,238,UPI,Paid,EV Parking,55,0.0,220.0,0.63
PT109011,F001,SUV,Member,2025-04-07,16,225,Credit Card,Paid,Covered,65,0.0,260.0,0.78
PT109012,F005,EV Car,Regular,2025-02-22,16,337,Cash,Paid,EV Parking,55,13.2,264.0,0.35
PT109013,F006,Car,Visitor,2025-01-09,15,48,UPI,Paid,Open,50,6.38,42.5,0.42
PT109014,F006,SUV,Member,2025-11-27,17,167,Credit Card,Paid,Covered,65,0.0,185.25,0.65
PT109015,F005,Car,Regular,2025-09-08,18,84,Cash,Paid,Covered,50,18.0,90.0,0.99
PT109016,F003,Car,Regular,2025-12-26,8,146,UPI,Paid,Open,50,13.5,135.0,0.84
PT109017,F006,EV Car,Visitor,2025-12-15,14,162,,Paid,EV Parking,55,7.42,148.5,0.81
PT109018,F002,Car,Regular,2025-05-04,10,88,Debit Card,Paid,Covered,50,0.0,85.0,0.95
PT109019,F008,EV Car,Visitor,2025-05-02,12,198,UPI,Paid,EV Parking,55,18.7,187.0,0.48
PT109020,F003,Car,Regular,2025-07-18,15,184,UPI,Paid,Open,50,19.0,190.0,0.6
PT109021,F007,SUV,Regular,2025-11-13,14,20,UPI,Failed,Covered,65,0.0,52.0,0.6
PT109022,F005,Car,Member,2025-04-05,9,42,UPI,Paid,Covered,50,10.0,50.0,0.99
PT109023,F003,Car,Member,2025-01-30,16,100,Cash,Paid,Covered,50,15.0,100.0,0.33
PT109024,F001,Car,Member,2025-04-02,16,145,Credit Card,Paid,Open,50,0.0,150.0,0.64
PT109025,F008,Bike,Regular,2025-03-25,9,80,UPI,Paid,Two-Wheeler,25,5.0,50.0,0.91
PT109026,F003,Car,Member,2025-01-15,15,180,Credit Card,Paid,Open,50,0.0,150.0,0.63
PT109027,F002,Bike,Member,2025-05-23,20,215,Wallet,Paid,Two-Wheeler,25,10.0,100.0,0.99
PT109028,F008,Car,Visitor,2025-11-05,9,150,UPI,Paid,Open,50,15.0,150.0,0.9
PT109029,F001,Car,Regular,2025-07-28,10,336,UPI,Paid,Covered,50,0.0,285.0,0.47
PT109030,F004,Car,Visitor,2025-01-23,16,115,Wallet,Paid,Covered,50,0.0,80.0,0.67
PT109031,F005,Car,Member,2025-11-22,12,29,Wallet,Paid,Covered,50,0.0,47.5,0.43
PT109032,F008,SUV,Regular,2025-12-31,20,63,UPI,Paid,Covered,65,17.55,117.0,0.75
PT109033,F005,SUV,Member,2025-05-24,15,104,UPI,Paid,Open,65,0.0,123.5,0.49
PT109034,F003,Car,Member,2025-03-28,13,119,Credit Card,Paid,Covered,50,15.0,100.0,0.67
PT109035,F006,Bike,Member,2025-07-12,12,20,UPI,Paid,Two-Wheeler,25,0.0,25.0,0.63
PT109036,F001,SUV,Regular,2025-06-22,11,68,Debit Card,Paid,Covered,65,0.0,130.0,0.57
PT109037,F004,Car,Member,2025-09-20,15,113,UPI,Paid,Open,50,12.75,85.0,0.61
PT109038,F001,Car,Regular,2025-10-22,14,41,UPI,Paid,Covered,50,2.5,50.0,0.37
PT109039,F005,Bike,Regular,2025-12-26,12,177,Credit Card,Paid,Two-Wheeler,25,0.0,75.0,0.63
PT109040,F001,Car,Member,2025-02-19,19,176,Wallet,Paid,Covered,50,0.0,127.5,0.79
PT109041,F004,Car,Regular,2025-02-17,16,149,Credit Card,Paid,Open,50,0.0,150.0,0.55
PT109042,F006,Car,Regular,2025-02-18,11,84,UPI,Paid,Open,50,0.0,95.0,0.59
PT109043,F003,Bike,Regular,2025-06-17,20,178,Wallet,Paid,Two-Wheeler,25,0.0,67.5,0.62
PT109044,F002,Car,Regular,2025-06-16,16,115,Credit Card,Failed,Open,50,5.0,100.0,0.5
PT109045,F001,Car,Visitor,2025-03-23,18,70,UPI,Pending,Covered,50,0.0,90.0,0.98
PT109046,F008,Car,Visitor,2025-03-04,9,73,UPI,Pending,Covered,50,0.0,95.0,0.91
PT109047,F002,Car,Regular,2025-08-16,7,41,UPI,Paid,Covered,50,0.0,50.0,0.46
PT109048,F005,Car,Regular,2025-08-02,14,113,Credit Card,Paid,Open,50,0.0,90.0,0.58
PT109049,F003,EV Car,Member,2025-05-10,13,194,Credit Card,Paid,EV Parking,55,44.0,220.0,0.59
PT109050,F007,Car,Regular,2025-06-03,18,114,UPI,Paid,Open,50,0.0,100.0,0.82
PT109051,F003,Bike,Regular,2025-08-30,10,96,UPI,Paid,Two-Wheeler,25,0.0,40.0,0.57
PT109052,F001,Car,Visitor,2025-04-06,7,146,UPI,Failed,Covered,50,6.75,135.0,0.79
PT109053,F008,Bike,Regular,2025-08-20,14,100,Credit Card,Paid,Two-Wheeler,25,7.5,50.0,0.44
PT109054,F006,Bike,Visitor,2025-08-26,10,114,UPI,Paid,Two-Wheeler,25,4.5,45.0,0.74
PT109055,F003,Car,Visitor,2025-01-18,7,111,UPI,Paid,Covered,50,8.5,85.0,0.58
PT109056,F001,SUV,Visitor,2025-12-10,7,48,Wallet,Paid,Covered,65,9.75,65.0,0.36
PT109057,F001,Bike,Member,2025-11-20,10,90,Credit Card,Paid,Two-Wheeler,25,2.5,50.0,0.66
PT109058,F002,SUV,Member,2025-09-03,12,69,UPI,Paid,Covered,65,26.0,130.0,0.52
PT109059,F003,Car,Regular,2025-03-01,18,56,Debit Card,Paid,Open,50,0.0,50.0,0.99
PT109060,F001,EV Car,Regular,2025-05-10,16,24,UPI,Paid,EV Parking,55,5.5,55.0,0.42
PT109061,F002,SUV,Member,2025-12-16,14,89,Debit Card,Paid,Covered,65,19.5,130.0,0.15
PT109062,F008,EV Car,Regular,2025-02-18,13,56,Debit Card,Failed,EV Parking,55,6.6,44.0,0.36
PT109063,F004,Bike,Regular,2025-06-15,13,45,Debit Card,Paid,Two-Wheeler,25,0.0,25.0,0.41
PT109064,F008,Bike,Member,2025-06-17,18,138,Debit Card,Paid,Two-Wheeler,25,6.0,60.0,0.86
PT109065,F007,SUV,Regular,2025-09-10,16,113,UPI,Failed,Open,65,0.0,117.0,0.7
PT109066,F002,SUV,Visitor,2025-12-02,10,112,Debit Card,Paid,Open,65,5.85,117.0,0.63
PT109067,F002,EV Car,Regular,2025-11-05,19,167,UPI,Paid,EV Parking,55,0.0,165.0,0.94
PT109068,F001,Car,Regular,2025-03-05,16,43,UPI,Paid,Covered,50,2.5,50.0,0.44
PT109069,F005,SUV,Member,2025-02-02,7,111,Wallet,Paid,Covered,65,6.18,123.5,0.4
PT109070,F005,Car,Regular,2025-02-27,14,89,Credit Card,Paid,Open,50,0.0,85.0,0.47
PT109071,F006,Bike,Visitor,2025-11-02,15,50,Wallet,Paid,Two-Wheeler,25,0.0,25.0,0.63
PT109072,F005,Car,Regular,2025-03-05,8,322,UPI,Pending,Covered,50,0.0,300.0,0.78
PT109073,F002,Car,Member,2025-05-05,12,88,Credit Card,Paid,Open,50,5.0,100.0,0.41
PT109074,F006,EV Car,Regular,2025-03-02,15,20,UPI,Paid,EV Parking,55,2.75,55.0,0.48
PT109075,F008,Car,Visitor,2025-09-06,17,118,Debit Card,Paid,Covered,50,9.5,95.0,0.47
PT109076,F001,Bike,Member,2025-05-18,21,41,UPI,Paid,Two-Wheeler,25,0.0,20.0,0.55
PT109077,F008,Bike,Regular,2025-03-07,9,299,UPI,Paid,Two-Wheeler,25,11.25,112.5,0.79
PT109078,F003,Car,Member,2025-06-28,15,117,UPI,Paid,Open,50,5.0,100.0,0.52
PT109079,F007,Car,Regular,2025-10-13,18,93,Debit Card,Paid,Covered,50,0.0,85.0,0.99
PT109080,F007,Bike,Regular,2025-10-08,16,50,UPI,Pending,Two-Wheeler,25,0.0,23.75,0.41
PT109081,F002,Car,Visitor,2025-06-20,15,223,Cash,Paid,Covered,50,0.0,200.0,0.64
PT109082,F002,SUV,Regular,2025-08-31,11,42,UPI,Paid,Covered,65,0.0,65.0,0.55
PT109083,F006,EV Car,Regular,2025-04-30,17,109,UPI,Paid,EV Parking,55,0.0,110.0,0.97
PT109084,F001,Car,Visitor,2025-12-10,14,147,UPI,Paid,Covered,50,0.0,127.5,0.57
PT109085,F004,Car,Member,2025-07-11,9,133,Wallet,Paid,Covered,50,0.0,120.0,0.97
PT109086,F002,Bike,Regular,2025-07-06,19,114,UPI,Paid,Two-Wheeler,25,0.0,50.0,0.67
PT109087,F004,SUV,Regular,2025-08-15,21,44,UPI,Paid,Covered,65,0.0,65.0,0.47
PT109088,F008,Car,Member,2025-09-23,14,177,Debit Card,Paid,Covered,50,15.0,150.0,0.77
PT109089,F004,Car,Member,2025-07-11,16,114,UPI,Paid,Covered,50,0.0,100.0,0.48
PT109090,F005,Bike,Regular,2025-08-28,14,174,Debit Card,Paid,Two-Wheeler,25,0.0,60.0,0.36
PT109091,F001,EV Car,Regular,2025-04-04,13,91,UPI,Paid,EV Parking,55,4.4,88.0,0.36
PT109092,F007,Car,Member,2025-05-06,13,110,Credit Card,Paid,Covered,50,0.0,95.0,0.42
PT109093,F007,Bike,Visitor,2025-04-09,20,44,UPI,Paid,Two-Wheeler,25,0.0,25.0,0.87
PT109094,F004,EV Car,Regular,2025-12-10,12,77,Credit Card,Paid,EV Parking,55,0.0,110.0,0.78
PT109095,F007,Bike,Visitor,2025-08-31,14,52,Debit Card,Paid,Two-Wheeler,25,0.0,25.0,0.32
PT109096,F008,SUV,Member,2025-01-20,11,182,,Paid,Covered,65,13.0,260.0,0.57
PT109097,F001,Bike,Visitor,2025-04-27,11,123,Credit Card,Pending,Two-Wheeler,25,0.0,75.0,0.5
PT109098,F005,EV Car,Regular,2025-12-25,12,83,Wallet,Paid,EV Parking,55,0.0,110.0,0.56
PT109099,F001,Bike,Regular,2025-04-09,19,67,UPI,Paid,Two-Wheeler,25,2.12,42.5,0.48
PT109100,F002,SUV,Regular,2025-11-26,13,97,UPI,Paid,Open,65,26.0,130.0,0.63
PT109101,F004,Bike,Regular,2025-06-04,14,313,Credit Card,Paid,Two-Wheeler,25,0.0,135.0,0.66
PT109102,F001,SUV,Regular,2025-11-03,14,96,Debit Card,Paid,Covered,65,0.0,110.5,0.4
PT109103,F008,Car,Regular,2025-07-04,14,120,UPI,Paid,Open,50,0.0,100.0,0.32
PT109104,F007,Car,Regular,2025-12-01,17,26,Credit Card,Paid,Open,50,5.0,50.0,0.56
PT109105,F003,SUV,Member,2025-01-03,19,97,UPI,Paid,Open,65,13.0,130.0,0.79
PT109106,F001,Car,Visitor,2025-06-06,11,159,Debit Card,Paid,Covered,50,15.0,150.0,0.43
PT109107,F004,Bike,Visitor,2025-06-24,18,84,Cash,Paid,Two-Wheeler,25,0.0,42.5,0.92
PT109108,F005,Car,Regular,2025-12-02,14,158,Credit Card,Paid,Open,50,0.0,135.0,0.74
PT109109,F007,SUV,Member,2025-03-10,19,127,UPI,Failed,Covered,65,19.5,195.0,0.64
PT109110,F005,Car,Regular,2025-01-21,19,263,Debit Card,Paid,Covered,50,0.0,225.0,0.87
PT109111,F004,SUV,Regular,2025-10-25,13,112,Debit Card,Paid,Open,65,26.0,130.0,0.45
PT109112,F007,Bike,Regular,2025-04-28,15,246,UPI,Paid,Two-Wheeler,25,0.0,118.75,0.61
PT109113,F002,Car,Regular,2025-10-04,18,198,Credit Card,Paid,Covered,50,0.0,190.0,0.99
PT109114,F007,Bike,Member,2025-05-10,13,90,Wallet,Failed,Two-Wheeler,25,0.0,45.0,0.47
PT109115,F002,Car,Regular,2025-07-25,7,99,UPI,Paid,Open,50,0.0,85.0,0.61
PT109116,F005,Car,Regular,2025-07-16,12,123,UPI,Paid,Covered,50,13.5,135.0,0.3
PT109117,F005,Car,Visitor,2025-05-15,12,130,UPI,Paid,Covered,50,0.0,135.0,0.55
PT109118,F004,Car,Member,2025-07-22,17,212,Credit Card,Paid,Open,50,9.5,190.0,0.96
PT109119,F002,EV Car,Member,2025-02-04,12,140,Wallet,Paid,EV Parking,55,8.25,165.0,0.36
PT109120,F005,Car,Visitor,2025-01-30,18,244,Credit Card,Paid,Open,50,37.5,250.0,0.78
PT109121,F002,Bike,Member,2025-11-07,14,38,UPI,Paid,Two-Wheeler,25,1.25,25.0,0.38
PT109122,F005,Car,Regular,2025-09-14,14,133,Debit Card,Failed,Covered,50,30.0,150.0,0.52
PT109123,F007,Bike,Member,2025-07-01,17,167,Debit Card,Paid,Two-Wheeler,25,11.25,75.0,0.97
PT109124,F001,Car,Regular,2025-07-27,9,50,Credit Card,Paid,Covered,50,0.0,40.0,0.67
PT109125,F008,Bike,Regular,2025-05-09,6,149,UPI,Failed,Two-Wheeler,25,11.25,75.0,0.33
PT109126,F003,SUV,Regular,2025-03-04,8,28,Debit Card,Failed,Open,65,13.0,65.0,0.99
PT109127,F008,Bike,Visitor,2025-12-08,7,338,Credit Card,Paid,Two-Wheeler,25,0.0,135.0,0.7
PT109128,F007,Car,Member,2025-03-18,15,123,UPI,Paid,Covered,50,6.75,135.0,0.44
PT109129,F006,Bike,Regular,2025-01-15,11,137,Credit Card,Paid,Two-Wheeler,25,0.0,75.0,0.56
PT109130,F008,Car,,2025-11-21,18,158,Wallet,Paid,Covered,50,7.5,150.0,0.71
PT109131,F001,Car,Regular,2025-02-28,18,88,UPI,Pending,Covered,50,0.0,95.0,0.9
PT109132,F006,Car,Regular,2025-05-31,12,69,Wallet,Paid,Covered,50,8.5,85.0,0.6
PT109133,F005,Bike,Member,2025-04-18,10,253,UPI,Pending,Two-Wheeler,25,0.0,112.5,0.84
PT109134,F003,Bike,Visitor,2025-04-17,14,265,Debit Card,Paid,Two-Wheeler,25,6.25,125.0,0.54
PT109135,F003,SUV,Regular,2025-05-19,17,128,UPI,Paid,Open,65,0.0,185.25,0.83
PT109136,F005,Car,Member,2025-10-07,15,286,UPI,Paid,Covered,50,12.5,250.0,0.46
PT109137,F005,Car,Regular,2025-03-13,7,298,Credit Card,Paid,Covered,50,0.0,250.0,0.62
PT109138,F002,Car,Member,2025-04-21,6,117,Credit Card,Failed,Open,50,5.0,100.0,0.65
PT109139,F005,Bike,Member,2025-08-14,9,255,Debit Card,Paid,Two-Wheeler,25,0.0,118.75,0.65
PT109140,F004,Bike,Member,2025-04-16,12,85,Credit Card,Paid,Two-Wheeler,25,0.0,50.0,0.72
PT109141,F008,Car,Member,2025-06-08,14,126,Credit Card,Paid,Open,50,0.0,150.0,0.43
PT109142,F005,SUV,Member,2025-05-30,17,49,Wallet,Paid,Covered,65,8.29,55.25,0.73
PT109143,F004,Bike,Regular,2025-01-14,10,158,Credit Card,Paid,Two-Wheeler,25,0.0,60.0,0.99
PT109144,F005,Bike,Regular,2025-01-05,10,214,UPI,Paid,Two-Wheeler,25,4.75,95.0,0.77
PT109145,F002,Bike,Regular,2025-05-07,18,165,UPI,Paid,Two-Wheeler,25,0.0,75.0,0.95
PT109146,F004,Bike,Member,2025-09-30,19,126,UPI,Paid,Two-Wheeler,25,7.12,71.25,0.72
PT109147,F008,Bike,Visitor,2025-12-04,14,54,Debit Card,Paid,Two-Wheeler,25,0.0,25.0,0.52
PT109148,F001,Car,Regular,2025-07-30,16,20,UPI,Paid,Open,50,0.0,47.5,0.46
PT109149,F004,Car,Visitor,2025-11-23,12,93,UPI,Paid,Open,50,0.0,100.0,0.23
PT109150,F007,Car,Regular,2025-12-12,20,29,UPI,Paid,Open,50,0.0,47.5,0.84
PT109151,F002,Bike,Regular,2025-08-05,19,125,Credit Card,Failed,Two-Wheeler,25,0.0,75.0,0.71
PT109152,F006,SUV,Member,2025-03-20,17,110,UPI,Paid,Open,65,0.0,104.0,0.62
PT109153,F008,Car,Regular,2025-04-03,6,112,UPI,Paid,Covered,50,0.0,95.0,0.48
PT109154,F004,Car,Member,2025-08-26,14,171,Credit Card,Paid,Covered,50,25.5,127.5,0.41
PT109155,F007,SUV,Member,2025-08-22,7,137,Debit Card,Paid,Open,65,0.0,175.5,0.46
PT109156,F007,SUV,Regular,2025-06-26,15,138,UPI,Paid,Covered,65,27.79,185.25,0.25
PT109157,F008,SUV,Regular,2025-09-12,10,59,Credit Card,Paid,Covered,65,0.0,58.5,0.99
PT109158,F008,Bike,Regular,2025-11-17,15,67,UPI,Paid,Two-Wheeler,25,0.0,50.0,0.33
PT109159,F007,SUV,Member,2025-05-12,9,62,Wallet,Paid,Covered,65,0.0,104.0,0.95
PT109160,F005,Car,Regular,2025-09-22,16,162,UPI,Paid,Covered,50,0.0,135.0,0.6
PT109161,F007,Car,Visitor,2025-10-19,16,57,Wallet,Paid,Open,50,0.0,50.0,0.5
PT109162,F005,Car,Visitor,2025-06-28,6,194,Wallet,Paid,Open,50,24.0,160.0,0.38
PT109163,F006,SUV,Regular,2025-12-10,17,56,Debit Card,Paid,Covered,65,3.09,61.75,0.81
PT109164,F002,Car,Regular,2025-05-26,10,171,UPI,Paid,Covered,50,7.5,150.0,0.82
PT109165,F003,Bike,Member,2025-05-23,9,236,Credit Card,Paid,Two-Wheeler,25,0.0,90.0,0.81
PT109166,F005,Bike,Member,2025-01-20,14,243,UPI,Paid,Two-Wheeler,25,0.0,125.0,0.46
PT109167,F007,Car,Member,2025-02-27,14,181,Cash,Paid,Open,50,8.0,160.0,0.54
PT109168,F007,SUV,Regular,2025-10-23,9,63,Debit Card,Paid,Covered,65,0.0,130.0,0.94
PT109169,F001,Car,Regular,2025-03-07,12,77,Wallet,Paid,Covered,50,0.0,100.0,0.38
PT109170,F007,Car,Regular,2025-12-11,13,236,Credit Card,Paid,Covered,50,0.0,170.0,0.46
PT109171,F002,SUV,Member,2025-01-13,20,293,Credit Card,Paid,Covered,65,0.0,308.75,0.54
PT109172,F004,Car,Regular,2025-03-03,11,185,Credit Card,Paid,Covered,50,8.5,170.0,0.44
PT109173,F004,Bike,Member,2025-02-15,11,173,UPI,Paid,Two-Wheeler,25,0.0,75.0,0.48
PT109174,F007,SUV,Regular,2025-04-03,15,78,Credit Card,Paid,Covered,65,0.0,117.0,0.84
PT109175,F001,EV Car,Member,2025-08-11,16,116,Debit Card,Paid,EV Parking,55,16.5,110.0,0.4
PT109176,F005,SUV,Regular,2025-01-23,6,135,Wallet,Paid,Covered,65,35.1,175.5,0.38
PT109177,F002,Car,Regular,2025-12-23,9,174,Credit Card,Paid,Covered,50,0.0,150.0,0.67
PT109178,F001,Bike,Member,2025-03-08,12,139,Cash,Paid,Two-Wheeler,25,0.0,75.0,0.58
PT109179,F005,Car,Member,2025-04-24,15,103,Cash,Paid,Covered,50,10.0,100.0,0.4
PT109180,F002,Car,Regular,2025-07-25,9,128,Credit Card,Paid,Covered,50,0.0,127.5,0.72
PT109181,F007,Car,Member,2025-03-07,12,34,UPI,Paid,Covered,50,0.0,45.0,0.3
PT109182,F004,Car,Regular,2025-02-19,8,41,Debit Card,Paid,Covered,50,0.0,50.0,0.84
PT109183,F002,SUV,Regular,2025-05-21,14,130,Credit Card,Paid,Covered,65,0.0,195.0,0.35
PT109184,F007,Car,Member,2025-09-15,13,286,UPI,Paid,Open,50,50.0,250.0,0.67
PT109185,F006,Bike,Regular,2025-02-03,16,159,UPI,Paid,Two-Wheeler,25,6.38,63.75,0.57
PT109186,F003,Bike,Visitor,2025-10-23,14,39,Wallet,Paid,Two-Wheeler,25,5.0,25.0,0.35
PT109187,F002,Bike,Regular,2025-09-10,15,77,UPI,Paid,Two-Wheeler,25,4.25,42.5,0.45
PT109188,F003,EV Car,Visitor,2025-03-10,15,188,Debit Card,Paid,EV Parking,55,9.9,198.0,0.37
PT109189,F002,Car,Member,2025-07-08,14,125,Cash,Paid,Covered,50,15.0,150.0,0.49
PT109190,F003,Bike,Regular,2025-06-02,6,216,Debit Card,Paid,Two-Wheeler,25,5.0,100.0,0.43
PT109191,F006,Bike,Regular,2025-07-22,17,57,Credit Card,Paid,Two-Wheeler,25,0.0,22.5,0.54
PT109192,F004,Car,Visitor,2025-03-18,19,72,Debit Card,Paid,Covered,50,0.0,90.0,0.88
PT109193,F008,Bike,Member,2025-07-10,14,57,Credit Card,Pending,Two-Wheeler,25,0.0,25.0,0.54
PT109194,F005,SUV,Member,2025-01-28,9,134,UPI,Paid,Open,65,0.0,185.25,0.81
PT109195,F003,Car,Member,2025-08-01,15,141,Wallet,Paid,Open,50,0.0,142.5,0.42
PT109196,F006,Car,Visitor,2025-02-25,12,124,Credit Card,Paid,Covered,50,0.0,150.0,0.54
PT109197,F003,Car,Regular,2025-04-22,8,74,Debit Card,Paid,Open,50,5.0,100.0,0.67
PT109198,F004,SUV,Visitor,2025-08-31,18,292,Credit Card,Paid,Open,65,0.0,276.25,0.54
PT109199,F003,SUV,Member,2025-06-03,16,239,UPI,Paid,Covered,65,0.0,221.0,0.74
PT109200,F006,Bike,Member,2025-06-04,17,79,Wallet,Paid,Two-Wheeler,25,0.0,47.5,0.71
PT109201,F007,Bike,Member,2025-10-09,17,155,Debit Card,Paid,Two-Wheeler,25,0.0,71.25,0.75
PT109202,F006,SUV,Regular,2025-09-28,12,218,UPI,Paid,Open,65,44.2,221.0,0.51
PT109203,F008,SUV,Regular,2025-02-19,13,187,Wallet,Paid,Covered,65,0.0,260.0,0.69
PT109204,F008,SUV,Regular,2025-03-09,11,64,Debit Card,Paid,Covered,65,0.0,130.0,0.58
PT109205,F008,SUV,Visitor,2025-05-12,16,480,Credit Card,Paid,Open,65,0.0,468.0,0.6
PT109206,F001,Bike,Member,2025-06-07,14,71,Credit Card,Paid,Two-Wheeler,25,5.0,50.0,0.45
PT109207,F004,Bike,Regular,2025-11-29,15,155,UPI,Paid,Two-Wheeler,25,3.56,71.25,0.52
PT109208,F007,SUV,Regular,2025-09-22,12,53,Credit Card,Paid,Covered,65,0.0,65.0,0.42
PT109209,F001,EV Car,Member,2025-06-19,15,28,UPI,Paid,EV Parking,55,0.0,55.0,0.33
PT109210,F004,Car,Member,2025-09-27,15,87,Credit Card,Paid,Covered,50,10.0,100.0,0.53
PT109211,F007,Car,Regular,2025-08-08,16,158,Credit Card,Paid,Open,50,22.5,150.0,0.29
PT109212,F003,EV Car,Member,2025-02-09,10,167,Cash,Paid,EV Parking,55,0.0,165.0,0.66
PT109213,F007,Car,Visitor,2025-10-16,15,203,Debit Card,Paid,Open,50,0.0,200.0,0.48
PT109214,F006,SUV,Visitor,2025-03-20,18,164,UPI,Paid,Open,65,0.0,185.25,0.97
PT109215,F001,Car,Regular,2025-08-27,9,218,Cash,Paid,Covered,50,0.0,200.0,0.81
PT109216,F003,Car,Regular,2025-03-01,20,150,Credit Card,Paid,Covered,50,15.0,150.0,0.67
PT109217,F006,Car,Member,2025-11-16,11,329,Credit Card,Paid,Covered,50,60.0,300.0,0.41
PT109218,F004,Car,Member,2025-11-14,19,114,UPI,Pending,Covered,50,19.0,95.0,0.79
PT109219,F007,Car,Regular,2025-12-01,18,213,Cash,Pending,Open,50,16.0,160.0,0.67
PT109220,F006,Bike,Regular,2025-08-25,16,144,Wallet,Paid,Two-Wheeler,25,0.0,75.0,0.78
PT109221,F003,SUV,Regular,2025-03-17,11,226,Debit Card,Paid,Covered,65,44.2,221.0,0.33
PT109222,F001,EV Car,Regular,2025-11-02,11,96,Wallet,Paid,EV Parking,55,0.0,88.0,0.53
PT109223,F001,Bike,Regular,2025-02-08,11,57,UPI,Paid,Two-Wheeler,25,0.0,23.75,0.47
PT109224,F008,Bike,Member,2025-07-18,17,123,Cash,Paid,Two-Wheeler,25,3.56,71.25,0.66
PT109225,F007,Bike,Regular,2025-04-15,10,141,Credit Card,Paid,Two-Wheeler,25,0.0,75.0,0.73
PT109226,F006,Bike,Regular,2025-03-11,14,134,UPI,Paid,Two-Wheeler,25,7.5,75.0,0.25
PT109227,F008,Bike,Regular,2025-10-09,16,124,Debit Card,Paid,Two-Wheeler,25,12.0,60.0,0.57
PT109228,F003,Car,Regular,2025-02-27,13,57,Debit Card,Paid,Open,50,4.5,45.0,0.52
PT109229,F008,Car,Member,2025-11-25,17,29,UPI,Paid,Covered,50,4.75,47.5,0.76
PT109230,F002,Car,Member,2025-06-28,14,38,UPI,Paid,Covered,50,0.0,47.5,0.75
PT109231,F004,Car,Regular,2025-11-04,14,63,UPI,Paid,Open,50,0.0,95.0,0.55
PT109232,F008,SUV,Regular,2025-08-10,15,153,UPI,Paid,Covered,65,18.52,185.25,0.73
PT109233,F004,Car,Regular,2025-05-24,17,38,UPI,Paid,Covered,50,2.5,50.0,0.81
PT109234,F003,SUV,Regular,2025-10-31,6,428,UPI,Paid,Open,65,70.2,468.0,0.4
PT109235,F002,EV Car,Regular,2025-01-27,13,138,UPI,Paid,EV Parking,55,0.0,165.0,0.39
PT109236,F001,EV Car,Member,2025-06-10,20,46,Wallet,Paid,EV Parking,55,0.0,49.5,0.81
PT109237,F007,EV Car,Regular,2025-05-31,9,52,Debit Card,Paid,EV Parking,55,0.0,55.0,0.76
PT109238,F005,Car,Member,2025-06-22,11,130,UPI,Paid,Open,50,7.12,142.5,0.4
PT109239,F005,Bike,Regular,2025-07-30,14,158,Wallet,Paid,Two-Wheeler,25,6.75,67.5,0.58
PT109240,F007,Car,Regular,2025-12-22,18,89,Debit Card,Pending,Covered,50,19.0,95.0,0.8
PT109241,F003,SUV,Member,2025-01-22,9,194,Credit Card,Paid,Open,65,0.0,247.0,0.85
PT109242,F002,SUV,Regular,2025-10-25,6,118,Credit Card,Paid,Open,65,0.0,130.0,0.41
PT109243,F002,SUV,Regular,2025-12-31,15,92,UPI,Paid,Open,65,0.0,130.0,0.68
PT109244,F004,Bike,Member,2025-02-02,14,59,UPI,Paid,Two-Wheeler,25,0.0,25.0,0.7
PT109245,F001,SUV,Visitor,2025-04-19,11,40,UPI,Paid,Covered,65,0.0,65.0,0.66
PT109246,F006,Car,Member,2025-02-16,20,62,Credit Card,Paid,Covered,50,4.5,90.0,0.82
PT109247,F008,Car,Regular,2025-04-06,14,193,Credit Card,Paid,Open,50,0.0,200.0,0.7
PT109248,F002,SUV,Member,2025-05-05,15,99,Debit Card,Paid,Open,65,0.0,130.0,0.58
PT109249,F007,Bike,Regular,2025-12-01,12,245,UPI,Paid,Two-Wheeler,25,5.62,112.5,0.46
PT109250,F006,EV Car,Visitor,2025-10-22,19,93,Debit Card,Paid,EV Parking,55,9.9,99.0,0.75
PT109251,F005,Car,Regular,2025-10-29,11,133,Credit Card,Paid,Covered,50,0.0,150.0,0.32
PT109252,F006,SUV,Regular,2025-11-24,16,72,Wallet,Paid,Covered,65,0.0,130.0,0.61
PT109253,F001,Bike,Member,2025-11-03,9,123,UPI,Paid,Two-Wheeler,25,6.75,67.5,0.65
PT109254,F007,SUV,Member,2025-01-25,14,261,Wallet,Failed,Covered,65,29.25,292.5,0.53
PT109255,F001,SUV,Member,2025-03-23,14,130,Cash,Paid,Covered,65,18.52,185.25,0.29
PT109256,F006,EV Car,Member,2025-02-27,10,137,Debit Card,Paid,EV Parking,55,0.0,165.0,0.86
PT109257,F008,Car,Regular,2025-01-26,12,283,Debit Card,Paid,Open,50,0.0,212.5,0.81
PT109258,F003,EV Car,Regular,2025-10-24,10,54,UPI,Paid,EV Parking,55,8.25,55.0,0.89
PT109259,F002,Car,Regular,2025-02-13,17,121,Wallet,Paid,Covered,50,0.0,142.5,0.82
PT109260,F007,Car,Regular,2025-03-26,15,237,UPI,Paid,Covered,50,0.0,170.0,0.7
PT109261,F003,Bike,Member,2025-01-22,13,111,Credit Card,Paid,Two-Wheeler,25,10.0,50.0,0.49
PT109262,F006,SUV,Member,2025-08-14,14,48,UPI,Paid,Covered,65,0.0,65.0,0.63
PT109263,F002,Bike,Regular,2025-02-06,12,164,Credit Card,Paid,Two-Wheeler,25,7.5,75.0,0.23
PT109264,F004,SUV,Regular,2025-04-11,13,266,Credit Card,Pending,Covered,65,48.75,325.0,0.36
PT109265,F003,SUV,Member,2025-05-22,15,71,Wallet,Pending,Covered,65,0.0,123.5,0.39
PT109266,F003,Car,Member,2025-01-04,11,48,Credit Card,Paid,Covered,50,5.0,50.0,0.21
PT109267,F006,EV Car,Regular,2025-01-24,9,22,Wallet,Failed,EV Parking,55,0.0,52.25,0.65
PT109268,F005,Car,Member,2025-07-10,20,37,Credit Card,Paid,Open,50,7.5,50.0,0.96
PT109269,F006,SUV,Visitor,2025-11-17,11,207,UPI,Paid,Covered,65,39.0,260.0,0.38
PT109270,F003,Car,Member,2025-11-18,14,42,UPI,Paid,Covered,50,6.0,40.0,0.45
PT109271,F002,Bike,Member,2025-09-26,16,100,Debit Card,Paid,Two-Wheeler,25,0.0,50.0,0.45
PT109272,F008,Bike,Regular,2025-01-27,14,144,UPI,Paid,Two-Wheeler,25,7.12,71.25,0.82
PT109273,F005,Car,Visitor,2025-03-22,15,66,Credit Card,Paid,Open,50,15.0,100.0,0.58
PT109274,F006,Car,Regular,2025-05-01,10,102,UPI,Paid,Covered,50,4.75,95.0,0.85
PT109275,F008,Car,Regular,2025-12-31,13,109,Credit Card,Paid,Covered,50,4.75,95.0,0.51
PT109276,F007,Car,Member,2025-03-10,15,52,Debit Card,Paid,Open,50,0.0,45.0,0.72
PT109277,F006,Car,Regular,2025-11-09,11,191,Credit Card,Paid,Open,50,30.0,200.0,0.71
PT109278,F003,Bike,Member,2025-03-13,13,82,UPI,Paid,Two-Wheeler,25,0.0,45.0,0.48
PT109279,F008,SUV,Regular,2025-09-03,14,102,UPI,Failed,Open,65,0.0,117.0,0.63
PT109280,F003,Bike,Regular,2025-09-03,16,166,UPI,Failed,Two-Wheeler,25,11.25,75.0,0.28
PT109281,F004,SUV,Member,2025-09-10,11,27,UPI,Paid,Open,65,8.29,55.25,0.89
PT109282,F008,Bike,Member,2025-12-30,21,88,Credit Card,Paid,Two-Wheeler,25,9.0,45.0,0.64
PT109283,F008,Bike,Regular,2025-03-14,20,240,Credit Card,Paid,Two-Wheeler,25,0.0,100.0,0.73
PT109284,F006,Bike,Regular,2025-10-01,6,173,UPI,Paid,Two-Wheeler,25,0.0,63.75,0.36
PT109285,F003,Bike,Regular,2025-01-16,12,74,UPI,Paid,Two-Wheeler,25,0.0,50.0,0.48
PT109286,F007,Bike,Member,2025-06-28,8,103,UPI,Paid,Two-Wheeler,25,0.0,47.5,0.84
PT109287,F001,Car,Regular,2025-12-18,12,127,UPI,Paid,Open,50,22.5,150.0,0.43
PT109288,F005,SUV,Member,2025-02-09,14,95,Credit Card,Pending,Open,65,6.18,123.5,0.43
PT109289,F001,SUV,Member,2025-02-08,14,90,UPI,Paid,Open,65,0.0,110.5,0.69
PT109290,F005,Car,Regular,2025-02-25,9,234,UPI,Paid,Open,50,0.0,170.0,0.89
PT109291,F007,SUV,Regular,2025-08-21,15,290,Debit Card,Paid,Covered,65,0.0,292.5,0.32
PT109292,F008,Car,Member,2025-02-23,17,108,UPI,Paid,Covered,50,13.5,90.0,0.72
PT109293,F008,Car,Regular,2025-06-21,15,54,Credit Card,Paid,Covered,50,5.0,50.0,0.5
PT109294,F006,Car,Regular,2025-10-29,12,331,Credit Card,Paid,Covered,50,0.0,255.0,0.57
PT109295,F004,SUV,Member,2025-07-08,6,293,UPI,Paid,Open,65,0.0,325.0,0.75
PT109296,F003,SUV,Visitor,2025-02-12,15,48,Debit Card,Pending,Covered,65,0.0,65.0,0.66
PT109297,F003,SUV,Regular,2025-01-04,15,119,Credit Card,Paid,Covered,65,0.0,110.5,0.93
PT109298,F003,Car,Regular,2025-09-18,15,330,Credit Card,Paid,Covered,50,45.0,300.0,0.54
PT109299,F006,Bike,Regular,2025-02-27,7,63,Debit Card,Paid,Two-Wheeler,25,2.38,47.5,0.66
PT109300,F005,SUV,Regular,2025-02-06,14,114,Cash,Failed,Open,65,0.0,123.5,0.4
PT109301,F008,Car,Regular,2025-08-23,13,187,Wallet,Paid,Open,50,20.0,200.0,0.44
PT109302,F007,Bike,Member,2025-09-22,16,29,Debit Card,Paid,Two-Wheeler,25,0.0,25.0,0.39
PT109303,F003,Car,Member,2025-01-15,16,35,Cash,Paid,Covered,50,0.0,50.0,0.38
PT109304,F001,Car,Visitor,2025-03-29,20,77,UPI,Paid,Covered,50,4.5,90.0,0.68
PT109305,F003,Bike,Regular,2025-04-09,18,121,Credit Card,Paid,Two-Wheeler,25,0.0,71.25,0.67
PT109306,F008,Bike,Regular,2025-04-15,14,189,UPI,Paid,Two-Wheeler,25,0.0,80.0,0.65
PT109307,F006,Car,Member,2025-08-05,21,199,UPI,Paid,Covered,50,18.0,180.0,0.53
PT109308,F007,Car,Regular,2025-07-10,10,74,Credit Card,Paid,Covered,50,15.0,100.0,0.99
PT109309,F004,Car,Member,2025-08-03,6,297,Debit Card,Paid,Covered,50,0.0,250.0,0.54
PT109310,F007,Car,Regular,2025-07-17,9,136,UPI,Paid,Open,50,7.5,150.0,0.99
PT109311,F001,Car,Member,2025-04-15,12,100,Debit Card,Pending,Covered,50,0.0,85.0,0.67
PT109312,F003,Car,Regular,2025-01-27,16,127,Credit Card,Paid,Covered,50,6.75,135.0,0.27
PT109313,F003,Bike,Member,2025-07-01,13,41,Credit Card,Paid,Two-Wheeler,25,0.0,21.25,0.65
PT109314,F002,Bike,Regular,2025-03-24,16,76,UPI,Paid,Two-Wheeler,25,2.38,47.5,0.5
PT109315,F005,SUV,Regular,2025-06-08,16,135,UPI,Paid,Covered,65,0.0,195.0,0.6
PT109316,F001,SUV,Regular,2025-08-18,17,67,UPI,Paid,Covered,65,16.58,110.5,0.82
PT109317,F002,Car,Member,2025-08-23,10,61,Debit Card,Paid,Covered,50,15.0,100.0,0.91
PT109318,F007,Car,Member,2025-10-15,14,223,UPI,Paid,Covered,50,0.0,200.0,0.52
PT109319,F004,SUV,Member,2025-01-18,16,99,UPI,Paid,Covered,65,13.0,130.0,0.49
PT109320,F005,Car,Regular,2025-10-11,12,30,Debit Card,Paid,Covered,50,0.0,47.5,0.21
PT109321,F001,Car,Regular,2025-03-12,17,97,Credit Card,Pending,Covered,50,10.0,100.0,0.99
PT109322,F003,Car,Member,2025-08-03,16,301,Credit Card,Paid,Covered,50,0.0,285.0,0.31
PT109323,F007,Bike,Regular,2025-04-27,9,174,UPI,Paid,Two-Wheeler,25,0.0,60.0,0.71
PT109324,F001,Bike,Regular,2025-04-10,11,61,UPI,Paid,Two-Wheeler,25,2.5,50.0,0.56
PT109325,F003,EV Car,Regular,2025-03-29,11,133,Debit Card,Paid,EV Parking,55,0.0,165.0,0.78
PT109326,F008,SUV,Member,2025-12-14,18,134,Cash,Paid,Open,65,0.0,185.25,0.85
PT109327,F005,Car,Regular,2025-06-02,10,57,Debit Card,Paid,Covered,50,0.0,40.0,0.99
PT109328,F008,Car,Regular,2025-10-22,15,371,UPI,Paid,Open,50,0.0,350.0,0.29
PT109329,F008,Car,Visitor,2025-06-26,8,111,Debit Card,Paid,Covered,50,0.0,100.0,0.78
PT109330,F003,Car,Regular,2025-05-12,14,109,UPI,Paid,Open,50,5.0,100.0,0.66
PT109331,F004,Car,Visitor,2025-11-04,10,56,UPI,Paid,Covered,50,2.5,50.0,0.69
PT109332,F007,Car,Member,2025-05-02,14,260,UPI,Pending,Covered,50,0.0,250.0,0.4
PT109333,F006,Car,Regular,2025-07-30,12,159,Debit Card,Paid,Open,50,0.0,150.0,0.44
PT109334,F003,Car,Regular,2025-03-09,14,106,Debit Card,Pending,Covered,50,5.0,100.0,0.7
PT109335,F004,Car,Regular,2025-02-26,13,131,Credit Card,Paid,Open,50,6.38,127.5,0.62
PT109336,F006,EV Car,Regular,2025-01-13,18,203,Debit Card,Paid,EV Parking,55,20.9,209.0,0.7
PT109337,F007,Bike,Member,2025-07-12,16,20,UPI,Paid,Two-Wheeler,25,0.0,25.0,0.41
PT109338,F008,EV Car,Visitor,2025-03-04,17,92,Credit Card,Paid,EV Parking,55,0.0,104.5,0.85
PT109339,F005,Car,Regular,2025-11-23,11,32,Debit Card,Paid,Open,50,2.5,50.0,0.73
PT109340,F005,Bike,Visitor,2025-06-02,10,89,,Pending,Two-Wheeler,25,0.0,47.5,0.7
PT109341,F007,Car,Member,2025-01-23,14,67,Debit Card,Paid,Covered,50,0.0,85.0,0.47
PT109342,F007,Car,Regular,2025-01-30,18,53,UPI,Paid,Covered,50,0.0,42.5,0.76
PT109343,F001,Car,Regular,2025-07-08,9,27,Debit Card,Paid,Covered,50,4.75,47.5,0.85
PT109344,F004,EV Car,Regular,2025-11-06,11,86,Credit Card,Paid,EV Parking,55,0.0,93.5,0.61
PT109345,F008,EV Car,Regular,2025-04-19,16,22,Debit Card,Paid,EV Parking,55,2.75,55.0,0.43
PT109346,F004,Car,Member,2025-12-19,13,304,Credit Card,Paid,Covered,50,12.75,255.0,0.62
PT109347,F007,Car,Member,2025-03-01,14,74,Wallet,Pending,Covered,50,0.0,100.0,0.4
PT109348,F002,Bike,Regular,2025-03-07,14,74,UPI,Paid,Two-Wheeler,25,4.5,45.0,0.5
PT109349,F002,Car,Regular,2025-06-15,13,110,Debit Card,Paid,Covered,50,4.25,85.0,0.41
PT109350,F006,Car,Member,2025-05-21,15,203,Credit Card,Paid,Covered,50,0.0,190.0,0.53
PT109351,F006,Car,Regular,2025-02-21,18,178,UPI,Paid,Covered,50,15.0,150.0,0.86
PT109352,F002,Bike,Regular,2025-06-29,19,95,UPI,Pending,Two-Wheeler,25,0.0,47.5,0.86
PT109353,F007,Car,Regular,2025-02-01,7,78,Debit Card,Paid,Covered,50,0.0,100.0,0.51
PT109354,F007,Car,Member,2025-08-02,14,119,UPI,Paid,Open,50,10.0,100.0,0.9
PT109355,F006,Car,Regular,2025-09-22,7,84,UPI,Pending,Open,50,4.25,85.0,0.54
PT109356,F003,Bike,Regular,2025-01-17,19,185,Wallet,Paid,Two-Wheeler,25,0.0,90.0,0.99
PT109357,F007,EV Car,Regular,2025-05-06,13,196,Debit Card,Paid,EV Parking,55,44.0,220.0,0.53
PT109358,F002,Car,Visitor,2025-03-23,19,241,UPI,Paid,Open,50,11.88,237.5,0.64
PT109359,F004,SUV,Regular,2025-02-09,10,234,Credit Card,Paid,Covered,65,13.0,260.0,0.71
PT109360,F007,SUV,Member,2025-04-14,10,106,Credit Card,Paid,Covered,65,0.0,130.0,0.99
PT109361,F008,EV Car,Member,2025-08-07,19,41,Cash,Paid,EV Parking,55,0.0,55.0,0.75
PT109362,F007,SUV,Member,2025-07-01,19,68,Debit Card,Pending,Covered,65,0.0,117.0,0.57
PT109363,F003,Bike,Member,2025-06-05,16,108,Cash,Paid,Two-Wheeler,25,2.5,50.0,0.5
PT109364,F006,SUV,Regular,2025-06-27,11,194,UPI,Paid,Covered,65,0.0,260.0,0.49
PT109365,F007,Car,Regular,2025-01-18,10,288,Debit Card,Pending,Open,50,20.0,200.0,0.86
PT109366,F005,Bike,Regular,2025-05-21,16,93,UPI,Paid,Two-Wheeler,25,0.0,47.5,0.54
PT109367,F001,EV Car,Member,2025-06-10,15,120,UPI,Paid,EV Parking,55,11.0,110.0,0.58
PT109368,F002,SUV,Member,2025-08-02,18,54,Debit Card,Paid,Open,65,6.5,65.0,0.61
PT109369,F008,EV Car,Visitor,2025-08-10,11,168,UPI,Paid,EV Parking,55,16.5,165.0,0.36
PT109370,F008,SUV,Visitor,2025-09-19,12,165,Credit Card,Paid,Open,65,18.52,185.25,0.48
PT109371,F008,SUV,Member,2025-02-14,16,181,Cash,Failed,Open,65,33.15,221.0,0.64
PT109372,F005,SUV,Regular,2025-07-06,11,162,UPI,Paid,Open,65,0.0,165.75,0.55
PT109373,F008,SUV,Member,2025-12-20,13,208,UPI,Paid,Covered,65,11.05,221.0,0.48
PT109374,F008,Bike,Member,2025-08-29,14,73,Debit Card,Paid,Two-Wheeler,25,10.0,50.0,0.59
PT109375,F006,EV Car,Member,2025-08-13,15,287,Wallet,Paid,EV Parking,55,13.06,261.25,0.4
PT109376,F004,SUV,Regular,2025-11-30,12,86,Debit Card,Paid,Open,65,0.0,110.5,0.62
PT109377,F001,SUV,Member,2025-02-17,18,115,Credit Card,Paid,Open,65,22.1,110.5,0.99
PT109378,F005,Bike,Member,2025-04-21,13,115,UPI,Paid,Two-Wheeler,25,0.0,50.0,0.24
PT109379,F001,Car,Member,2025-03-24,7,311,UPI,Paid,Covered,50,0.0,300.0,0.66
PT109380,F002,Car,Member,2025-04-14,8,86,Debit Card,Paid,Covered,50,0.0,100.0,0.63
PT109381,F006,EV Car,Regular,2025-03-15,21,158,UPI,Paid,EV Parking,55,0.0,165.0,0.49
PT109382,F007,Bike,Member,2025-02-24,15,145,Cash,Paid,Two-Wheeler,25,0.0,60.0,0.72
PT109383,F004,Car,Visitor,2025-11-13,14,31,Credit Card,Paid,Open,50,0.0,47.5,0.55
PT109384,F006,Car,Member,2025-01-02,18,416,Credit Card,Paid,Open,50,42.0,280.0,0.83
PT109385,F001,SUV,Member,2025-08-30,16,167,Debit Card,Failed,Covered,65,0.0,195.0,0.46
PT109386,F005,SUV,Member,2025-09-15,10,76,Debit Card,Paid,Covered,65,0.0,104.0,0.7
PT109387,F002,SUV,Member,2025-11-28,6,107,Debit Card,Paid,Covered,65,19.5,130.0,0.64
PT109388,F002,Bike,Member,2025-01-10,21,45,Wallet,Paid,Two-Wheeler,25,2.5,25.0,0.55
PT109389,F006,Car,Member,2025-03-17,15,72,Wallet,Paid,Open,50,0.0,100.0,0.56
PT109390,F007,Car,Visitor,2025-09-15,13,57,Wallet,Paid,Covered,50,0.0,50.0,0.31
PT109391,F005,Car,Regular,2025-05-01,20,275,Cash,Paid,Covered,50,12.5,250.0,0.93
PT109392,F007,SUV,Visitor,2025-11-17,12,137,Debit Card,Paid,Covered,65,19.5,195.0,0.46
PT109393,F007,Car,Member,2025-08-03,16,46,Debit Card,Paid,Covered,50,2.12,42.5,0.59
PT109394,F008,Bike,Regular,2025-09-02,15,259,UPI,Paid,Two-Wheeler,25,0.0,125.0,0.56
PT109395,F005,Bike,Member,2025-12-03,15,118,UPI,Paid,Two-Wheeler,25,5.0,50.0,0.58
PT109396,F001,Bike,Regular,2025-06-29,15,152,UPI,Paid,Two-Wheeler,25,3.75,75.0,0.36
PT109397,F006,EV Car,Visitor,2025-12-07,6,52,UPI,Paid,EV Parking,55,2.75,55.0,0.45
PT109398,F006,Car,Regular,2025-10-27,17,99,Credit Card,Paid,Covered,50,15.0,100.0,0.62
PT109399,F008,SUV,Member,2025-10-17,19,79,UPI,Paid,Covered,65,13.0,130.0,0.75
PT109400,F003,Car,Member,2025-03-14,13,96,Wallet,Paid,Covered,50,4.75,95.0,0.29
PT109401,F006,Car,,2025-07-28,14,109,Cash,Paid,Open,50,5.0,100.0,0.51
PT109402,F002,Bike,Member,2025-08-29,12,81,UPI,Paid,Two-Wheeler,25,2.5,50.0,0.52
PT109403,F001,Car,Member,2025-12-28,16,182,UPI,Paid,Open,50,0.0,190.0,0.49
PT109404,F005,SUV,Member,2025-06-22,16,92,Cash,Paid,Covered,65,0.0,117.0,0.65
PT109405,F006,Bike,Member,2025-01-05,16,84,Cash,Paid,Two-Wheeler,25,4.0,40.0,0.29
PT109406,F001,Car,Regular,2025-08-05,16,24,Wallet,Paid,Covered,50,2.38,47.5,0.69
PT109407,F008,Car,Regular,2025-08-02,11,145,Wallet,Paid,Open,50,0.0,150.0,0.35
PT109408,F006,Bike,Regular,2025-11-21,9,108,Wallet,Paid,Two-Wheeler,25,0.0,50.0,0.64
PT109409,F005,SUV,Member,2025-11-06,12,65,UPI,Paid,Open,65,13.0,130.0,0.6
PT109410,F004,Bike,Member,2025-02-07,14,40,UPI,Paid,Two-Wheeler,25,1.25,25.0,0.51
PT109411,F005,Bike,Regular,2025-03-02,13,94,Debit Card,Paid,Two-Wheeler,25,0.0,50.0,0.53
PT109412,F005,SUV,Regular,2025-04-05,11,131,UPI,Paid,Covered,65,0.0,195.0,0.59
PT109413,F005,Bike,Member,2025-08-21,7,105,Cash,Paid,Two-Wheeler,25,0.0,45.0,0.29
PT109414,F006,Car,Visitor,2025-10-04,9,209,Credit Card,Paid,Open,50,38.0,190.0,0.8
PT109415,F003,Bike,Member,2025-02-05,9,65,Debit Card,Paid,Two-Wheeler,25,7.5,50.0,0.78
PT109416,F005,Bike,Regular,2025-01-01,20,208,UPI,Paid,Two-Wheeler,25,5.0,100.0,0.64
PT109417,F008,SUV,Regular,2025-05-30,16,79,Credit Card,Paid,Covered,65,0.0,117.0,0.63
PT109418,F002,Bike,Member,2025-08-03,9,176,Credit Card,Paid,Two-Wheeler,25,7.5,75.0,0.66
PT109419,F002,EV Car,Regular,2025-02-15,13,272,Wallet,Paid,EV Parking,55,0.0,220.0,0.72
PT109420,F008,Car,Regular,2025-03-06,15,69,UPI,Paid,Covered,50,20.0,100.0,0.58
PT109421,F001,EV Car,Member,2025-01-06,20,202,Wallet,Paid,EV Parking,55,0.0,176.0,0.79
PT109422,F003,Bike,Visitor,2025-03-22,11,85,Cash,Paid,Two-Wheeler,25,0.0,50.0,0.21
PT109423,F001,Bike,Member,2025-07-08,11,372,Debit Card,Failed,Two-Wheeler,25,8.75,175.0,0.56
PT109424,F008,Car,Regular,2025-05-31,14,100,Debit Card,Paid,Covered,50,0.0,100.0,0.3
PT109425,F002,Car,Member,2025-05-28,18,203,Credit Card,Paid,Covered,50,8.0,160.0,0.87
PT109426,F007,SUV,Regular,2025-01-28,11,175,UPI,Paid,Open,65,16.58,165.75,0.59
PT109427,F002,SUV,Member,2025-06-14,9,110,UPI,Paid,Open,65,0.0,110.5,0.84
PT109428,F004,Car,Regular,2025-05-15,11,150,Cash,Paid,Covered,50,0.0,150.0,0.7
PT109429,F005,Bike,Regular,2025-09-11,13,107,Debit Card,Paid,Two-Wheeler,25,2.5,50.0,0.42
PT109430,F007,Car,Member,2025-11-01,12,199,UPI,Paid,Open,50,20.0,200.0,0.47
PT109431,F002,EV Car,Member,2025-07-31,18,92,Credit Card,Paid,EV Parking,55,0.0,110.0,0.95
PT109432,F006,SUV,Visitor,2025-10-07,20,104,Credit Card,Paid,Covered,65,0.0,130.0,0.8
PT109433,F006,Car,Visitor,2025-03-21,12,132,UPI,Paid,Open,50,7.5,150.0,0.56
PT109434,F001,SUV,Regular,2025-09-26,17,179,Credit Card,Paid,Covered,65,0.0,195.0,0.99
PT109435,F007,EV Car,Regular,2025-12-14,8,109,UPI,Paid,EV Parking,55,11.0,110.0,0.65
PT109436,F001,Car,Regular,2025-01-15,14,106,UPI,Paid,Open,50,5.0,100.0,0.33
PT109437,F005,SUV,Member,2025-03-28,17,88,Credit Card,Paid,Open,65,0.0,123.5,0.78
PT109438,F005,Bike,Regular,2025-08-11,13,88,Credit Card,Paid,Two-Wheeler,25,4.75,47.5,0.87
PT109439,F004,Bike,Regular,2025-11-21,10,128,UPI,Paid,Two-Wheeler,25,0.0,75.0,0.55
PT109440,F008,Car,Regular,2025-04-01,12,98,UPI,Paid,Covered,50,0.0,100.0,0.39
PT109441,F008,Car,Member,2025-11-12,14,35,UPI,Failed,Covered,50,2.5,50.0,0.87
PT109442,F003,Bike,Regular,2025-09-23,17,79,UPI,Failed,Two-Wheeler,25,7.5,50.0,0.88
PT109443,F001,Car,Regular,2025-11-03,16,289,UPI,Paid,Covered,50,25.0,250.0,0.63
PT109444,F005,SUV,Regular,2025-11-16,8,109,UPI,Paid,Covered,65,0.0,130.0,0.63
PT109445,F008,Car,Regular,2025-04-16,14,237,UPI,Paid,Open,50,20.0,200.0,0.2
PT109446,F001,Car,Visitor,2025-09-10,18,219,Cash,Paid,Covered,50,0.0,200.0,0.6
PT109447,F005,SUV,Visitor,2025-07-18,14,177,Credit Card,Paid,Covered,65,0.0,195.0,0.5
PT109448,F002,Bike,Regular,2025-02-25,8,73,UPI,Paid,Two-Wheeler,25,0.0,50.0,0.66
PT109449,F001,Bike,Member,2025-08-27,17,108,UPI,Paid,Two-Wheeler,25,0.0,45.0,0.86
PT109450,F002,EV Car,Regular,2025-12-13,19,175,UPI,Pending,EV Parking,55,0.0,148.5,0.81
PT109451,F001,SUV,Visitor,2025-12-07,13,302,Debit Card,Paid,Covered,65,58.5,390.0,0.44
PT109452,F003,Car,Member,2025-12-29,12,160,UPI,Paid,Open,50,0.0,150.0,0.35
PT109453,F004,Bike,Regular,2025-08-06,14,83,UPI,Paid,Two-Wheeler,25,5.0,50.0,0.41
PT109454,F006,EV Car,Member,2025-07-31,21,101,UPI,Paid,EV Parking,55,5.5,110.0,0.42
PT109455,F008,Car,Member,2025-07-08,17,79,Credit Card,Paid,Covered,50,0.0,100.0,0.38
PT109456,F006,Car,Regular,2025-12-01,17,79,UPI,Paid,Open,50,0.0,100.0,0.79
PT109457,F006,Car,Regular,2025-12-31,10,37,Debit Card,Paid,Open,50,0.0,47.5,0.58
PT109458,F002,Car,Regular,2025-04-12,18,118,UPI,Paid,Covered,50,0.0,95.0,0.99
PT109459,F007,SUV,Visitor,2025-05-23,14,372,UPI,Paid,Covered,65,21.61,432.25,0.69
PT109460,F005,SUV,Member,2025-10-12,19,231,Debit Card,Paid,Open,65,49.4,247.0,0.52
PT109461,F006,EV Car,Member,2025-03-11,15,178,Debit Card,Paid,EV Parking,55,19.8,132.0,0.53
PT109462,F003,SUV,Visitor,2025-12-02,17,47,Debit Card,Paid,Covered,65,0.0,58.5,0.68
PT109463,F006,Car,Regular,2025-03-06,10,105,UPI,Paid,Covered,50,0.0,100.0,0.91
PT109464,F001,Car,Member,2025-07-17,15,68,Credit Card,Paid,Covered,50,0.0,90.0,0.56
PT109465,F002,EV Car,Regular,2025-01-16,11,92,UPI,Paid,EV Parking,55,22.0,110.0,0.66
PT109466,F007,Car,Visitor,2025-11-06,10,381,Debit Card,Pending,Covered,50,0.0,350.0,0.5
PT109467,F001,Car,Regular,2025-12-19,14,264,Credit Card,Paid,Open,50,0.0,237.5,0.54
PT109468,F007,EV Car,Regular,2025-09-20,14,36,UPI,Paid,EV Parking,55,2.75,55.0,0.65
PT109469,F001,Bike,Member,2025-03-01,14,194,Debit Card,Paid,Two-Wheeler,25,4.25,85.0,0.47
PT109470,F001,Car,Member,2025-01-10,8,225,Debit Card,Pending,Covered,50,0.0,200.0,0.92
PT109471,F008,SUV,Visitor,2025-11-05,11,73,UPI,Paid,Covered,65,6.5,130.0,0.55
PT109472,F004,EV Car,Regular,2025-01-08,11,179,Cash,Pending,EV Parking,55,0.0,140.25,0.49
PT109473,F004,Car,Member,2025-12-07,12,54,Cash,Paid,Open,50,0.0,45.0,0.68
PT109474,F005,SUV,Regular,2025-03-31,15,197,UPI,Paid,Covered,65,0.0,208.0,0.44
PT109475,F002,Car,Regular,2025-02-06,13,183,Wallet,Paid,Open,50,0.0,200.0,0.7
PT109476,F003,Bike,Member,2025-03-25,20,103,Credit Card,Paid,Two-Wheeler,25,10.0,50.0,0.74
PT109477,F003,EV Car,Regular,2025-08-22,6,77,Debit Card,Paid,EV Parking,55,0.0,88.0,0.65
PT109478,F003,EV Car,Member,2025-09-07,11,62,Cash,Paid,EV Parking,55,9.9,99.0,0.32
PT109479,F008,Car,Member,2025-08-28,14,46,Credit Card,Paid,Covered,50,0.0,42.5,0.68
PT109480,F001,Car,Regular,2025-04-14,18,113,UPI,Paid,Covered,50,10.0,100.0,0.63
PT109481,F004,Car,Member,2025-07-30,7,254,Wallet,Paid,Covered,50,47.5,237.5,0.61
PT109482,F002,Bike,Member,2025-08-13,18,37,UPI,Paid,Two-Wheeler,25,0.0,22.5,0.81
PT109483,F001,Car,Visitor,2025-10-06,14,78,UPI,Paid,Open,50,20.0,100.0,0.39
PT109484,F007,Car,Regular,2025-06-15,16,30,UPI,Paid,Covered,50,2.5,50.0,0.47
PT109485,F004,Car,Regular,2025-10-28,20,127,Cash,Failed,Covered,50,15.0,150.0,0.71
PT109486,F004,Car,Member,2025-02-15,11,196,Wallet,Paid,Covered,50,0.0,200.0,0.75
PT109487,F006,Car,Member,2025-01-02,14,280,UPI,Paid,Covered,50,11.25,225.0,0.68
PT109488,F006,SUV,Regular,2025-06-25,18,43,Cash,Paid,Covered,65,0.0,58.5,0.7
PT109489,F008,Car,Member,2025-09-30,17,39,UPI,Paid,Covered,50,10.0,50.0,0.95
PT109490,F002,Car,Regular,2025-04-28,14,135,Wallet,Paid,Covered,50,20.25,135.0,0.54
PT109491,F007,SUV,Regular,2025-09-29,20,78,Credit Card,Paid,Covered,65,0.0,130.0,0.65
PT109492,F002,SUV,Regular,2025-06-22,15,177,UPI,Paid,Open,65,29.25,195.0,0.68
PT109493,F002,Car,Member,2025-10-31,14,53,UPI,Paid,Covered,50,6.75,45.0,0.45
PT109494,F008,Car,Member,2025-06-01,8,69,UPI,Paid,Covered,50,4.5,90.0,0.86
PT109495,F008,SUV,Visitor,2025-12-17,13,108,UPI,Paid,Open,65,0.0,123.5,0.15
PT109496,F001,Car,Visitor,2025-07-12,13,20,Debit Card,Paid,Covered,50,0.0,45.0,0.53
PT109497,F005,SUV,Regular,2025-04-02,12,84,UPI,Paid,Open,65,0.0,110.5,0.62
PT109498,F008,Bike,Regular,2025-06-10,20,44,Wallet,Paid,Two-Wheeler,25,0.0,21.25,0.88
PT109499,F002,Car,Regular,2025-04-16,19,273,Debit Card,Paid,Covered,50,47.5,237.5,0.89
PT109500,F006,Bike,Member,2025-08-17,12,134,Debit Card,Paid,Two-Wheeler,25,0.0,75.0,0.56
PT109501,F005,SUV,Member,2025-04-13,13,103,UPI,Paid,Covered,65,6.5,130.0,0.27
PT109502,F001,EV Car,Member,2025-05-12,16,38,Cash,Paid,EV Parking,55,2.75,55.0,0.46
PT109503,F005,Car,Regular,2025-09-14,17,139,Debit Card,Paid,Covered,50,7.5,150.0,0.7
PT109504,F003,Bike,Regular,2025-10-16,9,101,Cash,Paid,Two-Wheeler,25,0.0,40.0,0.73
PT109505,F007,Car,Visitor,2025-04-11,14,35,Wallet,Paid,Covered,50,2.5,50.0,0.58
PT109506,F005,Bike,Regular,2025-10-28,19,20,UPI,Paid,Two-Wheeler,25,1.12,22.5,0.95
PT109507,F002,SUV,Visitor,2025-01-21,15,239,UPI,Paid,Covered,65,11.7,234.0,0.46
PT109508,F001,Car,Visitor,2025-09-06,14,254,Cash,Paid,Open,50,0.0,250.0,0.62
PT109509,F007,EV Car,Regular,2025-07-11,16,54,Cash,Failed,EV Parking,55,5.5,55.0,0.66
PT109510,F002,Bike,Member,2025-03-14,15,116,Credit Card,Paid,Two-Wheeler,25,0.0,45.0,0.48
PT109511,F007,EV Car,Member,2025-11-09,20,64,UPI,Paid,EV Parking,55,4.4,88.0,0.5
PT109512,F006,SUV,Regular,2025-06-17,19,199,Debit Card,Paid,Covered,65,0.0,234.0,0.88
PT109513,F003,Car,Regular,2025-03-03,13,95,UPI,Paid,Covered,50,0.0,100.0,0.51
PT109514,F006,Car,Regular,2025-06-20,7,20,UPI,Paid,Covered,50,4.75,47.5,0.32
PT109515,F002,Car,Regular,2025-05-01,12,128,Credit Card,Paid,Covered,50,0.0,150.0,0.71
PT109516,F002,Car,Visitor,2025-08-04,11,32,UPI,Paid,Covered,50,6.38,42.5,0.67
PT109517,F002,Bike,Regular,2025-06-23,9,155,Credit Card,Paid,Two-Wheeler,25,10.69,71.25,0.78
PT109518,F004,Bike,Regular,2025-01-24,18,122,Wallet,Paid,Two-Wheeler,25,0.0,75.0,0.89
PT109519,F003,EV Car,Regular,2025-05-18,15,56,Cash,Paid,EV Parking,55,0.0,55.0,0.75
PT109520,F007,Bike,Member,2025-04-09,7,215,Wallet,Paid,Two-Wheeler,25,0.0,100.0,0.6
PT109521,F008,SUV,Member,2025-11-20,19,34,,Paid,Covered,65,8.78,58.5,0.99
PT109522,F002,EV Car,Regular,2025-02-26,19,138,UPI,Paid,EV Parking,55,6.6,132.0,0.93
PT109523,F002,SUV,Regular,2025-09-04,20,210,Cash,Paid,Covered,65,0.0,260.0,0.76
PT109524,F007,Car,Regular,2025-06-21,17,166,Wallet,Paid,Covered,50,0.0,150.0,0.88
PT109525,F008,Bike,Visitor,2025-07-20,8,207,Wallet,Paid,Two-Wheeler,25,0.0,90.0,0.84
PT109526,F006,Car,Regular,2025-11-27,15,183,Debit Card,Paid,Covered,50,9.0,180.0,0.66
PT109527,F006,Car,Regular,2025-04-17,8,209,UPI,Paid,Open,50,0.0,200.0,0.73
PT109528,F002,Car,Regular,2025-02-17,16,42,UPI,Paid,Covered,50,0.0,42.5,0.2
PT109529,F001,SUV,Member,2025-11-29,10,57,UPI,Paid,Covered,65,6.5,65.0,0.9
PT109530,F004,Bike,Member,2025-10-13,19,135,Wallet,Paid,Two-Wheeler,25,0.0,67.5,0.81
PT109531,F006,Bike,Visitor,2025-02-15,19,158,Credit Card,Paid,Two-Wheeler,25,0.0,71.25,0.9
PT109532,F001,EV Car,Member,2025-04-30,14,212,Cash,Paid,EV Parking,55,11.0,220.0,0.41
PT109533,F004,Car,Member,2025-03-01,16,105,Credit Card,Paid,Covered,50,20.0,100.0,0.64
PT109534,F002,Bike,Regular,2025-05-27,18,98,Debit Card,Paid,Two-Wheeler,25,0.0,42.5,0.7
PT109535,F003,SUV,Member,2025-04-14,13,120,UPI,Paid,Open,65,19.5,130.0,0.5
PT109536,F005,Car,Visitor,2025-03-09,14,168,UPI,Paid,Covered,50,0.0,150.0,0.57
PT109537,F005,Bike,Member,2025-06-11,10,181,Credit Card,Paid,Two-Wheeler,25,15.0,100.0,0.65
PT109538,F002,Car,Regular,2025-08-03,21,133,Debit Card,Paid,Covered,50,0.0,150.0,0.46
PT109539,F006,SUV,Member,2025-04-28,19,120,UPI,Paid,Covered,65,13.0,130.0,0.57
PT109540,F001,Car,Regular,2025-08-25,13,357,Debit Card,Paid,Open,50,0.0,300.0,0.74
PT109541,F003,Car,Regular,2025-08-06,14,131,UPI,Failed,Covered,50,30.0,150.0,0.45
PT109542,F007,Bike,Regular,2025-05-04,13,120,Cash,Paid,Two-Wheeler,25,9.0,45.0,0.8
PT109543,F004,Car,Visitor,2025-04-27,6,127,UPI,Paid,Covered,50,0.0,150.0,0.62
PT109544,F002,Car,Member,2025-09-20,11,227,Debit Card,Paid,Covered,50,0.0,190.0,0.56
PT109545,F003,Car,Regular,2025-12-04,9,118,UPI,Paid,Open,50,5.0,100.0,0.64
PT109546,F008,Car,Visitor,2025-06-19,12,122,Debit Card,Paid,Open,50,0.0,142.5,0.62
PT109547,F003,Bike,Regular,2025-07-15,11,81,UPI,Paid,Two-Wheeler,25,2.25,45.0,0.86
PT109548,F006,Bike,Regular,2025-11-05,16,150,Debit Card,Paid,Two-Wheeler,25,3.75,75.0,0.55
PT109549,F008,Bike,Member,2025-05-30,14,199,Wallet,Paid,Two-Wheeler,25,0.0,90.0,0.47
PT109550,F004,Bike,Member,2025-09-03,17,105,UPI,Paid,Two-Wheeler,25,0.0,42.5,0.99
PT109551,F008,Car,Member,2025-10-09,15,20,UPI,Paid,Covered,50,7.5,50.0,0.84
PT109552,F003,Car,Visitor,2025-07-10,15,306,Debit Card,Paid,Covered,50,0.0,255.0,0.45
PT109553,F006,SUV,Visitor,2025-06-23,18,129,Debit Card,Paid,Open,65,9.75,195.0,0.87
PT109554,F008,SUV,Member,2025-03-22,17,105,UPI,Paid,Covered,65,0.0,130.0,0.99
PT109555,F001,Car,Member,2025-06-21,8,105,Credit Card,Paid,Covered,50,0.0,100.0,0.79
PT109556,F006,Car,Member,2025-06-13,14,87,UPI,Paid,Covered,50,0.0,80.0,0.59
PT109557,F001,Bike,Member,2025-10-24,13,68,UPI,Paid,Two-Wheeler,25,0.0,45.0,0.57
PT109558,F001,Bike,Regular,2025-04-21,14,122,Credit Card,Paid,Two-Wheeler,25,3.56,71.25,0.46
PT109559,F008,Bike,Regular,2025-07-26,18,134,Cash,Paid,Two-Wheeler,25,0.0,75.0,0.53
PT109560,F008,Car,Visitor,2025-12-04,6,110,Credit Card,Pending,Open,50,5.0,100.0,0.54
PT109561,F007,SUV,Regular,2025-03-11,6,76,Credit Card,Paid,Covered,65,6.5,130.0,0.65
PT109562,F007,Car,Regular,2025-04-08,8,136,Cash,Paid,Open,50,0.0,150.0,0.81
PT109563,F003,Bike,Regular,2025-01-05,18,249,UPI,Paid,Two-Wheeler,25,0.0,125.0,0.77
PT109564,F006,SUV,Regular,2025-07-04,12,102,Debit Card,Paid,Covered,65,5.2,104.0,0.66
PT109565,F007,Bike,Regular,2025-07-23,12,171,Cash,Paid,Two-Wheeler,25,3.38,67.5,0.56
PT109566,F001,Car,Member,2025-01-12,12,60,UPI,Paid,Covered,50,2.5,50.0,0.75
PT109567,F007,EV Car,Member,2025-08-27,11,232,UPI,Paid,EV Parking,55,0.0,220.0,0.34
PT109568,F004,SUV,Regular,2025-11-27,7,182,Wallet,Paid,Open,65,26.0,260.0,0.79
PT109569,F003,SUV,Visitor,2025-10-07,19,88,Wallet,Paid,Open,65,0.0,117.0,0.85
PT109570,F006,Car,Regular,2025-04-25,11,245,UPI,Paid,Open,50,12.5,250.0,0.68
PT109571,F006,Car,Visitor,2025-07-29,18,68,UPI,Paid,Covered,50,0.0,100.0,0.67
PT109572,F005,EV Car,Member,2025-11-15,20,249,UPI,Paid,EV Parking,55,11.69,233.75,0.91
PT109573,F006,Bike,Regular,2025-05-13,14,53,UPI,Paid,Two-Wheeler,25,0.0,25.0,0.5
PT109574,F003,SUV,Visitor,2025-08-11,12,45,Credit Card,Paid,Open,65,5.85,58.5,0.19
PT109575,F004,Car,Regular,2025-12-11,16,159,Credit Card,Paid,Covered,50,0.0,120.0,0.65
PT109576,F006,Car,Visitor,2025-06-30,7,65,Cash,Paid,Covered,50,4.0,80.0,0.58
PT109577,F005,EV Car,Regular,2025-01-28,19,208,UPI,Pending,EV Parking,55,0.0,209.0,0.96
PT109578,F003,Bike,Member,2025-07-12,13,109,Cash,Paid,Two-Wheeler,25,2.5,50.0,0.62
PT109579,F001,Car,Member,2025-10-28,12,123,UPI,Paid,Covered,50,0.0,120.0,0.67
PT109580,F002,Car,Regular,2025-09-13,9,298,UPI,Paid,Covered,50,0.0,225.0,0.99
PT109581,F002,Bike,Visitor,2025-04-21,20,272,Credit Card,Paid,Two-Wheeler,25,11.25,112.5,0.73
PT109582,F001,Car,Member,2025-07-13,17,20,UPI,Paid,Covered,50,0.0,40.0,0.9
PT109583,F007,Bike,Regular,2025-05-04,16,168,UPI,Paid,Two-Wheeler,25,0.0,75.0,0.68
PT109584,F006,Car,Regular,2025-04-01,19,106,Cash,Paid,Covered,50,10.0,100.0,0.64
PT109585,F008,SUV,Member,2025-05-16,20,113,UPI,Paid,Covered,65,13.0,130.0,0.54
PT109586,F002,Car,Member,2025-10-10,11,126,Debit Card,Failed,Open,50,18.0,120.0,0.5
PT109587,F007,EV Car,Regular,2025-08-17,16,137,UPI,Paid,EV Parking,55,0.0,156.75,0.56
PT109588,F002,Car,Member,2025-05-25,16,69,UPI,Paid,Covered,50,0.0,100.0,0.45
PT109589,F001,Bike,Member,2025-08-30,14,116,Credit Card,Paid,Two-Wheeler,25,5.0,50.0,0.59
PT109590,F006,Car,Member,2025-01-31,10,440,Cash,Paid,Covered,50,0.0,400.0,0.54
PT109591,F006,SUV,Member,2025-09-18,20,28,UPI,Paid,Covered,65,6.5,65.0,0.62
PT109592,F007,EV Car,Regular,2025-03-01,12,185,Credit Card,Paid,EV Parking,55,0.0,220.0,0.62
PT109593,F001,SUV,Regular,2025-03-30,14,98,Wallet,Paid,Covered,65,16.58,110.5,0.55
PT109594,F007,Bike,Regular,2025-04-11,6,72,Debit Card,Paid,Two-Wheeler,25,2.25,45.0,0.41
PT109595,F006,Bike,Regular,2025-10-25,13,33,UPI,Paid,Two-Wheeler,25,0.0,21.25,0.59
PT109596,F008,SUV,Visitor,2025-10-06,15,93,Debit Card,Paid,Open,65,0.0,130.0,0.64
PT109597,F006,EV Car,Visitor,2025-05-01,13,212,Credit Card,Paid,EV Parking,55,0.0,209.0,0.57
PT109598,F003,EV Car,Visitor,2025-08-31,13,42,Debit Card,Paid,EV Parking,55,0.0,49.5,0.73
PT109599,F008,Car,Regular,2025-12-31,10,217,Credit Card,Paid,Covered,50,19.0,190.0,0.65
PT109600,F007,EV Car,Visitor,2025-03-18,12,122,UPI,Paid,EV Parking,55,0.0,148.5,0.41
PT109601,F003,Car,Regular,2025-09-30,16,193,Credit Card,Paid,Covered,50,0.0,200.0,0.56
PT109602,F001,Car,Member,2025-02-27,20,130,Credit Card,Pending,Covered,50,0.0,150.0,0.95
PT109603,F004,Car,Member,2025-09-04,13,415,Credit Card,Paid,Covered,50,14.0,280.0,0.35
PT109604,F002,Car,Regular,2025-04-06,15,164,Cash,Paid,Open,50,0.0,150.0,0.53
PT109605,F003,SUV,Member,2025-02-14,21,126,Cash,Paid,Open,65,0.0,175.5,0.45
PT109606,F002,SUV,Member,2025-10-18,16,291,Credit Card,Paid,Covered,65,46.31,308.75,0.74
PT109607,F005,SUV,Regular,2025-09-15,6,202,Credit Card,Paid,Covered,65,0.0,260.0,0.56
PT109608,F001,Bike,Regular,2025-10-30,19,271,Credit Card,Paid,Two-Wheeler,25,0.0,125.0,0.74
PT109609,F004,Bike,Visitor,2025-09-16,18,53,Credit Card,Paid,Two-Wheeler,25,4.25,21.25,0.69
PT109610,F005,SUV,Regular,2025-09-03,11,81,Wallet,Paid,Covered,65,0.0,130.0,0.47
PT109611,F005,Car,Regular,2025-08-28,10,308,Debit Card,Failed,Open,50,45.0,300.0,0.79
PT109612,F006,SUV,Member,2025-05-08,18,443,UPI,Pending,Open,65,23.4,468.0,0.68
PT109613,F005,Bike,,2025-07-21,15,62,Credit Card,Pending,Two-Wheeler,25,2.38,47.5,0.47
PT109614,F001,Bike,Regular,2025-10-03,11,201,Debit Card,Paid,Two-Wheeler,25,0.0,95.0,0.74
PT109615,F003,Bike,Visitor,2025-07-26,16,165,Debit Card,Paid,Two-Wheeler,25,0.0,75.0,0.65
PT109616,F001,SUV,Regular,2025-02-09,14,47,Credit Card,Paid,Open,65,0.0,65.0,0.39
PT109617,F003,Car,Regular,2025-12-31,12,165,UPI,Paid,Open,50,0.0,150.0,0.7
PT109618,F005,Car,Regular,2025-11-17,14,179,UPI,Paid,Covered,50,0.0,127.5,0.47
PT109619,F005,SUV,Regular,2025-12-12,14,20,UPI,Paid,Open,65,3.25,65.0,0.78
PT109620,F008,Bike,Visitor,2025-11-15,14,146,Credit Card,Paid,Two-Wheeler,25,7.5,75.0,0.4
PT109621,F004,SUV,Member,2025-02-25,14,292,UPI,Paid,Covered,65,0.0,325.0,0.79
PT109622,F003,Car,Regular,2025-06-09,6,131,Cash,Paid,Covered,50,15.0,150.0,0.32
PT109623,F005,Car,Regular,2025-11-18,11,21,UPI,Paid,Covered,50,6.0,40.0,0.48
PT109624,F006,SUV,Visitor,2025-04-06,13,61,Wallet,Paid,Covered,65,13.0,130.0,0.28
PT109625,F008,Bike,Regular,2025-04-26,9,91,UPI,Paid,Two-Wheeler,25,4.75,47.5,0.56
PT109626,F002,Bike,Member,2025-07-31,16,20,UPI,Paid,Two-Wheeler,25,2.38,23.75,0.45
PT109627,F008,Car,Regular,2025-03-28,17,100,Credit Card,Paid,Covered,50,0.0,100.0,0.64
PT109628,F004,Car,Regular,2025-11-03,17,134,UPI,Paid,Covered,50,0.0,150.0,0.73
PT109629,F001,Bike,Regular,2025-09-25,13,89,Wallet,Paid,Two-Wheeler,25,7.5,50.0,0.72
PT109630,F004,Car,Member,2025-02-13,15,22,UPI,Paid,Covered,50,2.5,50.0,0.59
PT109631,F002,SUV,Member,2025-03-24,8,238,UPI,Paid,Open,65,23.4,234.0,0.84
PT109632,F008,SUV,Regular,2025-07-30,10,26,Wallet,Paid,Open,65,12.35,61.75,0.52
PT109633,F003,Car,Visitor,2025-12-12,7,335,UPI,Paid,Open,50,0.0,300.0,0.67
PT109634,F001,Bike,Visitor,2025-01-09,20,108,UPI,Paid,Two-Wheeler,25,0.0,50.0,0.73
PT109635,F001,Bike,Regular,2025-06-06,14,121,UPI,Paid,Two-Wheeler,25,3.75,75.0,0.41
PT109636,F003,Car,Regular,2025-12-14,10,480,Credit Card,Paid,Open,50,0.0,400.0,0.84
PT109637,F007,Car,Member,2025-07-08,15,189,UPI,Paid,Covered,50,10.0,200.0,0.44
PT109638,F007,Car,Regular,2025-11-16,13,86,Credit Card,Paid,Covered,50,8.5,85.0,0.4
PT109639,F004,Bike,Member,2025-05-11,13,65,Cash,Paid,Two-Wheeler,25,2.5,50.0,0.33
PT109640,F005,Bike,Regular,2025-08-03,19,256,Cash,Paid,Two-Wheeler,25,0.0,125.0,0.92
PT109641,F007,Bike,Visitor,2025-04-25,15,148,UPI,Paid,Two-Wheeler,25,6.0,60.0,0.28
PT109642,F004,SUV,Visitor,2025-05-03,15,344,UPI,Paid,Covered,65,0.0,331.5,0.38
PT109643,F007,SUV,Regular,2025-12-24,9,96,UPI,Paid,Open,65,16.58,110.5,0.72
PT109644,F002,Bike,Regular,2025-11-29,9,150,Credit Card,Paid,Two-Wheeler,25,0.0,75.0,0.8
PT109645,F006,SUV,Visitor,2025-11-15,15,54,UPI,Paid,Open,65,9.75,65.0,0.87
PT109646,F005,Car,Member,2025-12-30,10,216,Cash,Paid,Open,50,0.0,200.0,0.66
PT109647,F004,SUV,Regular,2025-07-11,13,98,Debit Card,Paid,Open,65,0.0,130.0,0.65
PT109648,F006,Bike,Member,2025-05-28,14,116,UPI,Paid,Two-Wheeler,25,0.0,50.0,0.47
PT109649,F006,SUV,Visitor,2025-01-28,13,127,Debit Card,Paid,Covered,65,0.0,195.0,0.67
PT109650,F008,Bike,Member,2025-05-04,8,125,UPI,Paid,Two-Wheeler,25,0.0,63.75,0.81
PT109651,F007,Car,Member,2025-03-18,16,156,UPI,Paid,Open,50,15.0,150.0,0.81
PT109652,F008,Bike,Regular,2025-03-16,18,81,UPI,Paid,Two-Wheeler,25,4.5,45.0,0.68
PT109653,F003,Car,Member,2025-12-24,10,65,UPI,Paid,Open,50,0.0,95.0,0.55
PT109654,F002,Bike,Member,2025-07-05,18,45,Credit Card,Paid,Two-Wheeler,25,1.06,21.25,0.75
PT109655,F002,Bike,Regular,2025-02-08,16,158,Credit Card,Paid,Two-Wheeler,25,11.25,75.0,0.47
PT109656,F002,SUV,Regular,2025-08-22,14,116,UPI,Paid,Covered,65,13.0,130.0,0.66
PT109657,F005,Bike,Member,2025-09-05,14,96,Wallet,Failed,Two-Wheeler,25,0.0,50.0,0.45
PT109658,F001,Bike,Regular,2025-11-25,15,67,Credit Card,Paid,Two-Wheeler,25,0.0,50.0,0.49
PT109659,F005,Car,Regular,2025-05-11,14,21,UPI,Paid,Open,50,6.75,45.0,0.4
PT109660,F004,EV Car,Regular,2025-01-05,17,122,UPI,Paid,EV Parking,55,0.0,156.75,0.87
PT109661,F006,SUV,Regular,2025-12-14,13,58,Credit Card,Paid,Covered,65,0.0,65.0,0.52
PT109662,F006,SUV,Member,2025-09-16,14,116,Wallet,Paid,Covered,65,13.0,130.0,0.55
PT109663,F008,Car,Regular,2025-09-02,7,227,Credit Card,Paid,Covered,50,0.0,200.0,0.51
PT109664,F001,Bike,Member,2025-12-16,10,137,Wallet,Paid,Two-Wheeler,25,7.5,75.0,0.99
PT109665,F004,Car,Member,2025-03-19,19,122,Credit Card,Paid,Covered,50,0.0,135.0,0.78
PT109666,F001,Bike,Regular,2025-12-02,9,118,Credit Card,Paid,Two-Wheeler,25,4.75,47.5,0.82
PT109667,F006,Car,Regular,2025-04-25,19,296,Credit Card,Paid,Covered,50,47.5,237.5,0.69
PT109668,F007,Bike,Regular,2025-01-04,15,35,Debit Card,Paid,Two-Wheeler,25,5.0,25.0,0.53
PT109669,F005,Bike,Regular,2025-05-11,19,217,UPI,Paid,Two-Wheeler,25,15.0,100.0,0.64
PT109670,F002,Car,Visitor,2025-08-15,17,127,Cash,Paid,Covered,50,22.5,150.0,0.59
PT109671,F006,Bike,Member,2025-05-08,18,157,UPI,Paid,Two-Wheeler,25,0.0,67.5,0.61
PT109672,F003,SUV,Member,2025-01-09,14,78,Credit Card,Paid,Open,65,23.4,117.0,0.56
PT109673,F002,Car,Regular,2025-11-20,17,38,Credit Card,Paid,Covered,50,6.38,42.5,0.7
PT109674,F006,SUV,Member,2025-04-28,13,66,Credit Card,Paid,Covered,65,0.0,130.0,0.2
PT109675,F005,Car,Regular,2025-12-10,7,76,UPI,Paid,Covered,50,0.0,90.0,0.68
PT109676,F001,Car,Regular,2025-07-07,15,344,Credit Card,Paid,Covered,50,0.0,300.0,0.46
PT109677,F007,Car,Regular,2025-05-19,16,106,Credit Card,Paid,Covered,50,4.75,95.0,0.85
PT109678,F007,SUV,Regular,2025-05-05,9,55,Debit Card,Paid,Open,65,6.18,61.75,0.84
PT109679,F002,Car,Regular,2025-08-11,17,360,Debit Card,Pending,Covered,50,0.0,300.0,0.86
PT109680,F005,SUV,Regular,2025-11-24,8,284,Debit Card,Paid,Covered,65,0.0,292.5,0.72
PT109681,F007,Bike,Member,2025-11-02,13,152,UPI,Paid,Two-Wheeler,25,3.75,75.0,0.36
PT109682,F007,Car,Member,2025-09-16,13,263,Wallet,Paid,Covered,50,0.0,237.5,0.42
PT109683,F004,SUV,Regular,2025-03-08,7,86,Cash,Paid,Open,65,24.7,123.5,0.77
PT109684,F003,Car,Member,2025-03-26,8,66,UPI,Paid,Open,50,0.0,85.0,0.9
PT109685,F002,SUV,Regular,2025-03-03,13,162,UPI,Paid,Covered,65,0.0,185.25,0.58
PT109686,F001,Car,Member,2025-01-14,12,75,UPI,Paid,Covered,50,0.0,95.0,0.57
PT109687,F007,Car,Member,2025-05-02,17,43,Credit Card,Paid,Covered,50,7.12,47.5,0.99
PT109688,F004,SUV,Member,2025-10-06,13,243,Cash,Paid,Covered,65,48.75,325.0,0.57
PT109689,F005,EV Car,Regular,2025-05-03,9,389,Debit Card,Paid,EV Parking,55,0.0,385.0,0.82
PT109690,F007,Car,Member,2025-03-18,10,303,Cash,Pending,Covered,50,0.0,300.0,0.94
PT109691,F008,SUV,Member,2025-09-29,15,87,UPI,Paid,Open,65,0.0,130.0,0.48
PT109692,F003,Car,Member,2025-05-26,20,66,Credit Card,Paid,Covered,50,0.0,100.0,0.72
PT109693,F001,SUV,Member,2025-09-26,18,102,UPI,Paid,Open,65,13.0,130.0,0.97
PT109694,F005,Bike,Regular,2025-02-25,9,99,UPI,Failed,Two-Wheeler,25,0.0,45.0,0.85
PT109695,F005,Car,Regular,2025-08-06,6,20,Debit Card,Paid,Open,50,0.0,47.5,0.47
PT109696,F002,Car,Member,2025-06-22,7,198,UPI,Paid,Covered,50,0.0,190.0,0.42
PT109697,F007,Car,Member,2025-02-09,14,161,Debit Card,Paid,Open,50,0.0,150.0,0.38
PT109698,F002,Car,Regular,2025-12-25,13,133,Debit Card,Paid,Covered,50,0.0,135.0,0.3
PT109699,F001,Car,Regular,2025-06-08,6,111,Cash,Paid,Covered,50,0.0,100.0,0.63
PT109700,F008,Bike,Visitor,2025-12-26,8,41,UPI,Paid,Two-Wheeler,25,0.0,25.0,0.85
PT109701,F007,EV Car,,2025-02-01,22,55,Debit Card,Paid,EV Parking,55,0.0,46.75,0.52
PT109702,F006,Car,Regular,2025-09-05,20,91,Wallet,Paid,Covered,50,0.0,85.0,0.94
PT109703,F007,Bike,Regular,2025-05-09,9,108,Cash,Paid,Two-Wheeler,25,10.0,50.0,0.7
PT109704,F008,Bike,Regular,2025-10-18,10,50,Debit Card,Paid,Two-Wheeler,25,0.0,25.0,0.84
PT109705,F006,EV Car,Member,2025-02-05,19,60,Debit Card,Paid,EV Parking,55,0.0,55.0,0.68
PT109706,F005,Bike,Regular,2025-12-14,14,219,Credit Card,Paid,Two-Wheeler,25,0.0,90.0,0.34
PT109707,F002,Bike,Member,2025-03-07,20,143,Debit Card,Paid,Two-Wheeler,25,7.5,75.0,0.71
PT109708,F003,Bike,Member,2025-10-12,14,192,Debit Card,Paid,Two-Wheeler,25,15.0,100.0,0.54
PT109709,F007,Car,Regular,2025-06-06,14,116,Debit Card,Paid,Open,50,10.0,100.0,0.67
PT109710,F003,Car,Member,2025-02-12,11,268,Debit Card,Paid,Open,50,11.88,237.5,0.32
PT109711,F007,Car,Regular,2025-10-02,18,173,Credit Card,Paid,Covered,50,15.0,150.0,0.52
PT109712,F005,Car,Regular,2025-05-01,17,61,UPI,Paid,Covered,50,0.0,100.0,0.78
PT109713,F002,Bike,Regular,2025-07-11,12,125,Credit Card,Paid,Two-Wheeler,25,10.12,67.5,0.4
PT109714,F001,Car,Regular,2025-12-20,15,224,UPI,Paid,Covered,50,20.0,200.0,0.64
PT109715,F001,Bike,Member,2025-01-31,12,95,UPI,Paid,Two-Wheeler,25,0.0,50.0,0.6
PT109716,F001,Car,Member,2025-12-23,13,55,UPI,Paid,Covered,50,0.0,50.0,0.57
PT109717,F007,EV Car,Regular,2025-01-19,18,247,UPI,Paid,EV Parking,55,0.0,275.0,0.82
PT109718,F007,SUV,Regular,2025-10-12,13,122,Cash,Paid,Covered,65,0.0,165.75,0.5
PT109719,F003,Car,Regular,2025-03-14,17,52,Credit Card,Paid,Covered,50,4.75,47.5,0.96
PT109720,F002,Car,Regular,2025-03-17,20,83,UPI,Paid,Covered,50,0.0,100.0,0.64
PT109721,F008,Bike,Regular,2025-07-07,13,118,Credit Card,Failed,Two-Wheeler,25,5.0,50.0,0.5
PT109722,F007,Car,Member,2025-06-28,18,29,UPI,Paid,Open,50,9.0,45.0,0.63
PT109723,F002,Car,Regular,2025-12-04,12,348,Credit Card,Paid,Covered,50,0.0,270.0,0.41
PT109724,F003,Car,Regular,2025-11-02,6,20,UPI,Paid,Open,50,0.0,50.0,0.28
PT109725,F007,EV Car,,2025-05-17,8,47,Wallet,Paid,EV Parking,55,2.75,55.0,0.93
PT109726,F001,SUV,Regular,2025-06-11,16,73,UPI,Paid,Covered,65,13.0,130.0,0.18
PT109727,F001,Bike,Member,2025-10-17,9,97,Debit Card,Paid,Two-Wheeler,25,0.0,45.0,0.87
PT109728,F005,Bike,Regular,2025-02-16,19,99,Cash,Paid,Two-Wheeler,25,0.0,50.0,0.75
PT109729,F006,EV Car,Regular,2025-01-24,18,144,Wallet,Paid,EV Parking,55,7.42,148.5,0.92
PT109730,F004,EV Car,Member,2025-12-02,14,137,UPI,Pending,EV Parking,55,24.75,165.0,0.42
PT109731,F008,EV Car,Regular,2025-10-11,14,67,Credit Card,Paid,EV Parking,55,0.0,110.0,0.52
PT109732,F006,Car,Member,2025-06-23,15,102,UPI,Paid,Open,50,0.0,90.0,0.46
PT109733,F007,Car,Regular,2025-11-03,16,261,Credit Card,Paid,Covered,50,50.0,250.0,0.21
PT109734,F002,Bike,Visitor,2025-09-19,14,190,UPI,Paid,Two-Wheeler,25,0.0,100.0,0.6
PT109735,F007,Bike,Regular,2025-08-18,12,70,Cash,Paid,Two-Wheeler,25,0.0,42.5,0.56
PT109736,F002,Car,Regular,2025-07-10,19,20,UPI,Paid,Covered,50,2.5,50.0,0.72
PT109737,F002,Car,Member,2025-04-28,7,126,Credit Card,Paid,Covered,50,0.0,150.0,0.44
PT109738,F006,SUV,Member,2025-02-22,12,122,Credit Card,Paid,Covered,65,0.0,185.25,0.81
PT109739,F004,SUV,Regular,2025-07-11,15,307,Wallet,Failed,Covered,65,18.52,370.5,0.63
PT109740,F005,Car,Regular,2025-03-01,18,175,Debit Card,Paid,Open,50,7.12,142.5,0.99
PT109741,F006,SUV,Regular,2025-01-11,8,104,UPI,Paid,Covered,65,0.0,130.0,0.66
PT109742,F004,Bike,Visitor,2025-09-17,15,170,UPI,Paid,Two-Wheeler,25,0.0,75.0,0.59
PT109743,F001,SUV,Member,2025-09-27,13,93,UPI,Paid,Covered,65,5.85,117.0,0.62
PT109744,F001,Bike,Regular,2025-05-21,15,184,Debit Card,Paid,Two-Wheeler,25,4.25,85.0,0.63
PT109745,F002,Car,Regular,2025-05-23,12,95,Debit Card,Paid,Open,50,9.5,95.0,0.83
PT109746,F003,Bike,Regular,2025-04-23,16,132,Credit Card,Paid,Two-Wheeler,25,6.38,63.75,0.42
PT109747,F007,Bike,Regular,2025-09-21,10,246,UPI,Paid,Two-Wheeler,25,6.25,125.0,0.65
PT109748,F007,Bike,Member,2025-12-10,16,137,Debit Card,Pending,Two-Wheeler,25,11.25,75.0,0.49
PT109749,F002,Car,Visitor,2025-01-11,16,180,Debit Card,Paid,Open,50,13.5,135.0,0.52
PT109750,F003,EV Car,Regular,2025-04-09,20,26,Wallet,Paid,EV Parking,55,0.0,44.0,0.59
PT109751,F008,Car,Regular,2025-01-23,10,146,Credit Card,Paid,Open,50,25.5,127.5,0.61
PT109752,F004,Car,Regular,2025-08-27,16,76,UPI,Paid,Open,50,15.0,100.0,0.45
PT109753,F008,Bike,Member,2025-04-19,12,297,UPI,Paid,Two-Wheeler,25,0.0,112.5,0.65
PT109754,F008,Bike,Regular,2025-09-20,12,107,UPI,Paid,Two-Wheeler,25,0.0,50.0,0.75
PT109755,F001,Bike,Regular,2025-11-21,13,70,Debit Card,Paid,Two-Wheeler,25,2.5,50.0,0.57
PT109756,F008,SUV,Regular,2025-06-09,12,115,Debit Card,Paid,Open,65,0.0,104.0,0.17
PT109757,F007,Bike,Regular,2025-08-08,11,52,UPI,Pending,Two-Wheeler,25,2.5,25.0,0.74
PT109758,F006,Bike,Visitor,2025-06-21,16,70,UPI,Pending,Two-Wheeler,25,0.0,50.0,0.71
PT109759,F003,SUV,Regular,2025-04-04,15,134,UPI,Paid,Covered,65,0.0,175.5,0.51
PT109760,F004,Car,Regular,2025-05-02,9,143,Wallet,Paid,Open,50,0.0,142.5,0.58
PT109761,F001,Bike,Member,2025-10-27,14,70,UPI,Paid,Two-Wheeler,25,6.75,45.0,0.54
PT109762,F008,SUV,Regular,2025-07-16,12,20,UPI,Paid,Covered,65,0.0,52.0,0.52
PT109763,F006,Car,Member,2025-02-20,21,57,UPI,Paid,Covered,50,5.0,50.0,0.32
PT109764,F003,Car,Member,2025-11-13,13,24,UPI,Paid,Open,50,0.0,47.5,0.61
PT109765,F002,EV Car,Member,2025-11-03,7,54,Debit Card,Paid,EV Parking,55,0.0,55.0,0.43
PT109766,F002,Car,Member,2025-01-20,12,76,Cash,Paid,Open,50,0.0,100.0,0.76
PT109767,F002,Bike,Member,2025-01-30,12,150,UPI,Paid,Two-Wheeler,25,0.0,75.0,0.46
PT109768,F007,EV Car,Regular,2025-10-27,6,92,Debit Card,Paid,EV Parking,55,4.68,93.5,0.55
PT109769,F004,Car,Member,2025-03-27,13,189,UPI,Paid,Open,50,8.5,170.0,0.4
PT109770,F002,Car,Regular,2025-08-18,19,103,Wallet,Paid,Open,50,0.0,100.0,0.99
PT109771,F007,SUV,Member,2025-06-06,17,63,UPI,Paid,Covered,65,0.0,117.0,0.82
PT109772,F005,SUV,Member,2025-06-30,15,36,UPI,Paid,Covered,65,6.5,65.0,0.52
PT109773,F007,Bike,Regular,2025-04-22,12,20,Credit Card,Paid,Two-Wheeler,25,2.5,25.0,0.61
PT109774,F001,Bike,Regular,2025-05-19,11,299,UPI,Paid,Two-Wheeler,25,0.0,118.75,0.45
PT109775,F007,SUV,Member,2025-01-10,12,114,UPI,Pending,Open,65,12.35,123.5,0.58
PT109776,F004,SUV,Visitor,2025-10-18,9,216,Debit Card,Paid,Covered,65,0.0,221.0,0.83
PT109777,F006,Car,Member,2025-08-26,9,41,Debit Card,Paid,Covered,50,0.0,45.0,0.93
PT109778,F008,Car,Regular,2025-05-12,14,79,Credit Card,Paid,Open,50,4.5,90.0,0.51
PT109779,F007,Bike,Member,2025-11-26,17,96,Debit Card,Paid,Two-Wheeler,25,2.25,45.0,0.59
PT109780,F002,SUV,Visitor,2025-07-04,9,111,Credit Card,Paid,Covered,65,13.0,130.0,0.97
PT109781,F001,SUV,Regular,2025-10-22,12,128,Debit Card,Paid,Open,65,0.0,175.5,0.76
PT109782,F003,EV Car,Visitor,2025-07-27,9,108,Credit Card,Paid,EV Parking,55,0.0,110.0,0.79
PT109783,F002,SUV,Member,2025-09-07,12,100,Debit Card,Paid,Covered,65,6.5,130.0,0.48
PT109784,F001,Bike,Member,2025-12-16,17,135,UPI,Paid,Two-Wheeler,25,0.0,71.25,0.82
PT109785,F005,Bike,Regular,2025-11-19,7,31,UPI,Paid,Two-Wheeler,25,0.0,25.0,0.63
PT109786,F008,SUV,Regular,2025-03-30,15,98,Credit Card,Paid,Covered,65,6.18,123.5,0.75
PT109787,F003,SUV,Member,2025-12-24,8,213,Credit Card,Paid,Covered,65,0.0,260.0,0.84
PT109788,F005,Bike,Member,2025-12-28,13,79,Debit Card,Paid,Two-Wheeler,25,0.0,50.0,0.77
PT109789,F006,Car,Regular,2025-02-05,13,20,UPI,Failed,Covered,50,0.0,42.5,0.54
PT109790,F001,EV Car,Member,2025-01-04,13,83,UPI,Paid,EV Parking,55,15.68,104.5,0.22
PT109791,F005,Bike,Regular,2025-08-22,15,182,UPI,Paid,Two-Wheeler,25,0.0,100.0,0.35
PT109792,F008,Car,Regular,2025-11-26,21,349,UPI,Paid,Open,50,0.0,300.0,0.6
PT109793,F008,Bike,Regular,2025-09-26,11,378,Debit Card,Pending,Two-Wheeler,25,0.0,166.25,0.75
PT109794,F006,Bike,Member,2025-03-11,14,175,Credit Card,Paid,Two-Wheeler,25,0.0,67.5,0.4
PT109795,F008,Car,Regular,2025-01-07,12,189,Debit Card,Paid,Open,50,0.0,200.0,0.38
PT109796,F001,SUV,Member,2025-06-05,22,60,UPI,Paid,Open,65,3.25,65.0,0.33
PT109797,F001,Car,Member,2025-10-20,20,228,Cash,Paid,Open,50,0.0,190.0,0.99
PT109798,F008,Car,Regular,2025-10-13,9,170,Wallet,Paid,Open,50,0.0,150.0,0.99
PT109799,F005,Car,Visitor,2025-12-26,21,82,Debit Card,Paid,Covered,50,0.0,90.0,0.39
PT109800,F001,SUV,Member,2025-03-15,16,79,Cash,Paid,Covered,65,0.0,117.0,0.35
PT109801,F002,EV Car,Member,2025-01-12,22,62,Credit Card,Paid,EV Parking,55,0.0,110.0,0.58
PT109802,F008,SUV,Regular,2025-12-03,16,132,Wallet,Failed,Covered,65,9.75,195.0,0.47
PT109803,F001,EV Car,Regular,2025-04-22,9,283,Cash,Paid,EV Parking,55,13.75,275.0,0.9
PT109804,F004,Car,Regular,2025-01-30,16,244,Wallet,Paid,Covered,50,25.0,250.0,0.6
PT109805,F006,Car,Visitor,2025-02-05,16,73,Debit Card,Paid,Open,50,0.0,100.0,0.55
PT109806,F008,Bike,Visitor,2025-12-10,10,66,Debit Card,Paid,Two-Wheeler,25,7.5,50.0,0.72
PT109807,F001,Car,Regular,2025-08-18,16,74,Credit Card,Paid,Open,50,5.0,100.0,0.15
PT109808,F004,SUV,Regular,2025-10-04,15,119,UPI,Paid,Open,65,0.0,130.0,0.34
PT109809,F001,Bike,Visitor,2025-04-16,22,263,UPI,Paid,Two-Wheeler,25,0.0,106.25,0.7
PT109810,F001,EV Car,Member,2025-10-15,15,163,Cash,Paid,EV Parking,55,15.68,156.75,0.68
PT109811,F005,Car,Regular,2025-09-07,13,109,UPI,Pending,Covered,50,0.0,100.0,0.26
PT109812,F002,Bike,Regular,2025-03-04,20,165,Credit Card,Pending,Two-Wheeler,25,0.0,75.0,0.61
PT109813,F008,Bike,Member,2025-02-13,15,245,UPI,Paid,Two-Wheeler,25,6.25,125.0,0.35
PT109814,F006,Car,Visitor,2025-05-29,12,162,UPI,Paid,Covered,50,0.0,150.0,0.35
PT109815,F008,Bike,Regular,2025-02-15,7,57,Cash,Paid,Two-Wheeler,25,5.0,25.0,0.68
PT109816,F002,Bike,Regular,2025-06-24,16,74,Cash,Paid,Two-Wheeler,25,0.0,45.0,0.31
PT109817,F003,Bike,Regular,2025-06-03,9,84,Credit Card,Paid,Two-Wheeler,25,0.0,50.0,0.91
PT109818,F005,Car,Regular,2025-09-18,19,112,UPI,Paid,Covered,50,0.0,100.0,0.99
PT109819,F005,Car,Visitor,2025-05-13,20,258,Credit Card,Paid,Covered,50,0.0,212.5,0.87
PT109820,F002,Bike,Member,2025-10-14,11,116,UPI,Paid,Two-Wheeler,25,6.75,45.0,0.58
PT109821,F007,Car,Member,2025-06-05,9,101,UPI,Paid,Covered,50,9.5,95.0,0.61
PT109822,F005,Car,Member,2025-11-29,14,282,UPI,Paid,Covered,50,37.5,250.0,0.47
PT109823,F008,Car,Regular,2025-08-29,11,187,Credit Card,Paid,Covered,50,0.0,200.0,0.57
PT109824,F002,Car,Member,2025-11-27,14,40,UPI,Paid,Open,50,0.0,42.5,0.66
PT109825,F005,Car,Member,2025-05-07,13,57,Debit Card,Paid,Covered,50,0.0,45.0,0.42
PT109826,F001,Car,Visitor,2025-07-12,17,80,UPI,Paid,Open,50,0.0,100.0,0.61
PT109827,F002,Bike,Visitor,2025-09-26,22,171,Credit Card,Paid,Two-Wheeler,25,10.12,67.5,0.6
PT109828,F002,Bike,Regular,2025-05-02,13,20,UPI,Pending,Two-Wheeler,25,0.0,21.25,0.59
PT109829,F008,Bike,Visitor,2025-05-26,15,81,Wallet,Paid,Two-Wheeler,25,0.0,50.0,0.48
PT109830,F004,SUV,Visitor,2025-06-01,12,20,Credit Card,Paid,Covered,65,0.0,65.0,0.4
PT109831,F005,Bike,Regular,2025-06-06,18,55,UPI,Paid,Two-Wheeler,25,2.12,21.25,0.75
PT109832,F005,Bike,Regular,2025-06-05,7,280,Credit Card,Paid,Two-Wheeler,25,0.0,106.25,0.37
PT109833,F002,SUV,Visitor,2025-04-12,14,119,Cash,Paid,Covered,65,13.0,130.0,0.77
PT109834,F001,Bike,Regular,2025-12-06,10,144,Debit Card,Paid,Two-Wheeler,25,7.5,75.0,0.7
PT109835,F001,SUV,Member,2025-09-09,10,288,Debit Card,Paid,Open,65,32.5,325.0,0.83
PT109836,F006,Bike,Regular,2025-09-24,14,106,UPI,Pending,Two-Wheeler,25,0.0,50.0,0.39
PT109837,F001,Car,Regular,2025-11-03,12,207,Debit Card,Paid,Covered,50,0.0,170.0,0.28
PT109838,F005,SUV,Visitor,2025-02-28,13,68,Debit Card,Paid,Open,65,0.0,130.0,0.33
PT109839,F007,Car,Regular,2025-12-06,12,223,Credit Card,Paid,Covered,50,30.0,200.0,0.57
PT109840,F004,Car,Visitor,2025-04-15,13,173,Cash,Paid,Covered,50,28.5,142.5,0.69
PT109841,F002,Car,Regular,2025-09-26,12,286,UPI,Paid,Covered,50,12.5,250.0,0.41
PT109842,F003,Car,Member,2025-02-16,17,416,UPI,Paid,Open,50,0.0,350.0,0.71
PT109843,F004,Car,Regular,2025-03-29,14,140,Cash,Paid,Covered,50,0.0,135.0,0.34
PT109844,F008,Bike,Member,2025-06-20,10,254,Debit Card,Paid,Two-Wheeler,25,5.0,100.0,0.59
PT109845,F008,SUV,Regular,2025-06-01,6,91,UPI,Paid,Open,65,0.0,117.0,0.45
PT109846,F007,SUV,Regular,2025-06-25,6,55,UPI,Paid,Open,65,2.6,52.0,0.53
PT109847,F003,Car,Regular,2025-11-15,13,220,Cash,Paid,Open,50,20.0,200.0,0.68
PT109848,F004,EV Car,Regular,2025-05-25,12,140,UPI,Paid,EV Parking,55,0.0,140.25,0.72
PT109849,F001,Bike,Member,2025-11-21,11,44,UPI,Paid,Two-Wheeler,25,0.0,21.25,0.44
PT109850,F005,Car,Regular,2025-11-06,15,76,UPI,Paid,Covered,50,0.0,100.0,0.47
PT109851,F007,SUV,Member,2025-08-10,17,193,Wallet,Paid,Open,65,0.0,247.0,0.88
PT109852,F003,SUV,Regular,2025-01-15,8,346,Wallet,Paid,Open,65,19.5,390.0,0.8
PT109853,F007,SUV,Regular,2025-05-18,9,221,Credit Card,Paid,Covered,65,0.0,260.0,0.64
PT109854,F004,Car,Regular,2025-09-07,12,125,Credit Card,Pending,Covered,50,0.0,135.0,0.8
PT109855,F005,Bike,Member,2025-05-30,13,150,UPI,Paid,Two-Wheeler,25,0.0,63.75,0.64
PT109856,F007,SUV,Regular,2025-12-17,13,282,UPI,Paid,Covered,65,0.0,325.0,0.65
PT109857,F003,Bike,Regular,2025-09-26,15,99,Cash,Paid,Two-Wheeler,25,2.38,47.5,0.47
PT109858,F002,Bike,Regular,2025-03-22,8,179,UPI,Paid,Two-Wheeler,25,3.0,60.0,0.99
PT109859,F004,Bike,Regular,2025-03-06,14,55,Credit Card,Paid,Two-Wheeler,25,0.0,25.0,0.55
PT109860,F002,SUV,Regular,2025-05-22,17,42,Debit Card,Paid,Covered,65,0.0,58.5,0.66
PT109861,F001,Car,Visitor,2025-10-27,19,38,UPI,Paid,Open,50,0.0,50.0,0.73
PT109862,F002,Bike,Visitor,2025-09-04,14,270,Credit Card,Paid,Two-Wheeler,25,0.0,125.0,0.51
PT109863,F002,Car,Regular,2025-07-12,9,188,Credit Card,Paid,Covered,50,0.0,190.0,0.95
PT109864,F006,Bike,Regular,2025-10-10,16,140,Debit Card,Paid,Two-Wheeler,25,11.25,75.0,0.6
PT109865,F004,SUV,Regular,2025-09-11,17,75,UPI,Paid,Open,65,0.0,123.5,0.83
PT109866,F001,Car,Member,2025-06-22,10,193,UPI,Paid,Open,50,0.0,200.0,0.64
PT109867,F002,Bike,Member,2025-11-09,15,73,Credit Card,Paid,Two-Wheeler,25,0.0,50.0,0.37
PT109868,F008,Car,Member,2025-10-05,19,100,Wallet,Paid,Open,50,10.0,100.0,0.75
PT109869,F005,Car,Member,2025-10-17,16,248,UPI,Paid,Open,50,0.0,250.0,0.39
PT109870,F003,Car,Regular,2025-11-02,13,214,Wallet,Paid,Covered,50,30.0,200.0,0.42
PT109871,F002,Car,Regular,2025-11-06,13,388,Debit Card,Paid,Open,50,0.0,350.0,0.62
PT109872,F001,Car,Member,2025-07-05,8,65,Cash,Paid,Covered,50,10.0,100.0,0.62
PT109873,F002,Car,Visitor,2025-12-22,14,146,UPI,Paid,Covered,50,7.5,150.0,0.76
PT109874,F003,SUV,Visitor,2025-08-12,17,54,UPI,Paid,Covered,65,0.0,65.0,0.76
PT109875,F001,SUV,Visitor,2025-03-03,21,65,UPI,Paid,Covered,65,0.0,130.0,0.47
PT109876,F004,Bike,Regular,2025-03-25,13,340,UPI,Paid,Two-Wheeler,25,0.0,150.0,0.77
PT109877,F001,Car,Member,2025-01-27,13,119,Wallet,Paid,Covered,50,10.0,100.0,0.56
PT109878,F004,EV Car,Member,2025-11-16,8,242,UPI,Paid,EV Parking,55,41.25,275.0,0.62
PT109879,F001,Bike,Member,2025-05-11,16,107,Credit Card,Paid,Two-Wheeler,25,0.0,50.0,0.33
PT109880,F008,Car,Member,2025-05-07,16,480,UPI,Paid,Open,50,0.0,380.0,0.39
PT109881,F007,SUV,Visitor,2025-01-11,13,20,Debit Card,Paid,Covered,65,0.0,65.0,0.73
PT109882,F003,Car,Visitor,2025-10-07,15,107,UPI,Paid,Open,50,0.0,95.0,0.32
PT109883,F003,Bike,Regular,2025-10-12,15,114,UPI,Paid,Two-Wheeler,25,2.5,50.0,0.68
PT109884,F001,Bike,Regular,2025-07-16,16,175,UPI,Paid,Two-Wheeler,25,0.0,75.0,0.59
PT109885,F007,Car,Regular,2025-08-13,12,115,Debit Card,Paid,Covered,50,0.0,100.0,0.53
PT109886,F002,SUV,Regular,2025-09-21,15,139,UPI,Paid,Covered,65,24.86,165.75,0.69
PT109887,F003,Bike,Visitor,2025-10-02,15,271,UPI,Paid,Two-Wheeler,25,12.5,125.0,0.55
PT109888,F008,Car,Regular,2025-03-09,9,93,UPI,Paid,Open,50,9.5,95.0,0.86
PT109889,F004,EV Car,Member,2025-08-21,12,131,Wallet,Paid,EV Parking,55,0.0,165.0,0.58
PT109890,F004,EV Car,Member,2025-04-09,18,146,Credit Card,Paid,EV Parking,55,23.51,156.75,0.83
PT109891,F005,Bike,Regular,2025-08-10,10,213,Debit Card,Paid,Two-Wheeler,25,5.0,100.0,0.98
PT109892,F006,Bike,Member,2025-05-04,12,269,Debit Card,Paid,Two-Wheeler,25,0.0,125.0,0.17
PT109893,F007,Car,Visitor,2025-10-31,11,332,UPI,Paid,Open,50,0.0,285.0,0.69
PT109894,F006,SUV,Regular,2025-04-12,10,41,Credit Card,Pending,Covered,65,7.8,52.0,0.83
PT109895,F006,Car,Regular,2025-11-16,9,20,UPI,Paid,Covered,50,0.0,50.0,0.64
PT109896,F004,Car,Member,2025-09-21,12,32,UPI,Paid,Covered,50,5.0,50.0,0.37
PT109897,F008,Bike,Regular,2025-12-31,17,180,Credit Card,Paid,Two-Wheeler,25,3.19,63.75,0.69
PT109898,F008,Car,Regular,2025-08-18,20,181,Credit Card,Paid,Covered,50,20.0,200.0,0.68
PT109899,F005,Car,Regular,2025-05-03,14,59,UPI,Paid,Covered,50,2.12,42.5,0.3
PT109900,F006,Bike,Regular,2025-08-15,15,112,UPI,Paid,Two-Wheeler,25,7.5,50.0,0.34
PT109901,F006,Car,Visitor,2025-08-16,16,230,Debit Card,Paid,Covered,50,0.0,200.0,0.6
PT109902,F001,Car,Regular,2025-06-02,15,36,Debit Card,Paid,Covered,50,0.0,50.0,0.44
PT109903,F001,Car,Regular,2025-11-05,17,198,UPI,Paid,Covered,50,20.0,200.0,0.72
PT109904,F001,Car,Visitor,2025-11-01,18,73,UPI,Paid,Covered,50,0.0,90.0,0.64
PT109905,F002,SUV,Visitor,2025-11-24,15,84,Cash,Pending,Open,65,5.85,117.0,0.66
PT109906,F006,SUV,Member,2025-05-29,14,44,Debit Card,Paid,Covered,65,6.5,65.0,0.21
PT109907,F008,Bike,Regular,2025-11-03,13,264,Wallet,Paid,Two-Wheeler,25,0.0,112.5,0.51
PT109908,F008,Bike,Member,2025-01-09,13,25,UPI,Paid,Two-Wheeler,25,2.5,25.0,0.51
PT109909,F002,Car,Regular,2025-11-16,12,125,Credit Card,Paid,Open,50,0.0,142.5,0.56
PT109910,F008,Car,Member,2025-08-12,13,89,UPI,Paid,Open,50,15.0,100.0,0.56
PT109911,F005,Car,Regular,2025-01-23,18,60,Debit Card,Paid,Covered,50,0.0,50.0,0.78
PT109912,F007,Bike,Regular,2025-07-11,21,139,UPI,Paid,Two-Wheeler,25,3.75,75.0,0.48
PT109913,F004,SUV,Regular,2025-08-15,12,164,UPI,Paid,Open,65,29.25,195.0,0.43
PT109914,F006,Bike,Regular,2025-02-23,11,93,UPI,Paid,Two-Wheeler,25,0.0,50.0,0.38
PT109915,F008,Car,Regular,2025-04-02,8,33,Debit Card,Paid,Open,50,0.0,50.0,0.46
PT109916,F004,Car,Member,2025-01-15,17,101,Credit Card,Paid,Covered,50,0.0,100.0,0.76
PT109917,F008,SUV,Regular,2025-11-04,18,20,Credit Card,Paid,Covered,65,3.25,65.0,0.85
PT109918,F007,Car,Regular,2025-06-28,13,99,Cash,Paid,Covered,50,0.0,100.0,0.38
PT109919,F001,SUV,Regular,2025-01-04,14,117,Debit Card,Paid,Covered,65,0.0,110.5,0.35
PT109920,F006,Bike,Visitor,2025-04-11,16,152,Credit Card,Paid,Two-Wheeler,25,11.25,75.0,0.42
PT109921,F003,SUV,Member,2025-05-10,12,68,Wallet,Paid,Covered,65,0.0,123.5,0.44
PT109922,F002,EV Car,Regular,2025-01-07,11,58,Credit Card,Paid,EV Parking,55,0.0,55.0,0.39
PT109923,F002,EV Car,Regular,2025-07-03,9,219,UPI,Paid,EV Parking,55,9.9,198.0,0.72
PT109924,F006,Bike,Member,2025-11-27,11,397,Wallet,Paid,Two-Wheeler,25,0.0,175.0,0.61
PT109925,F007,Bike,Regular,2025-11-28,15,26,UPI,Paid,Two-Wheeler,25,0.0,21.25,0.53
PT109926,F001,Car,Regular,2025-02-04,12,82,Credit Card,Paid,Covered,50,19.0,95.0,0.15
PT109927,F002,EV Car,Member,2025-08-20,18,454,UPI,Paid,EV Parking,55,17.6,352.0,0.76
PT109928,F001,Bike,Regular,2025-06-03,8,111,Credit Card,Pending,Two-Wheeler,25,0.0,45.0,0.7
PT109929,F005,Car,Regular,2025-03-05,13,161,Credit Card,Paid,Open,50,15.0,150.0,0.43
PT109930,F004,Bike,Regular,2025-09-04,11,153,UPI,Paid,Two-Wheeler,25,0.0,75.0,0.39
PT109931,F007,Car,Regular,2025-02-25,18,51,Credit Card,Paid,Open,50,0.0,50.0,0.82
PT109932,F003,Bike,Visitor,2025-08-17,17,109,Debit Card,Paid,Two-Wheeler,25,2.5,50.0,0.83
PT109933,F004,Bike,Regular,2025-11-07,21,82,UPI,Paid,Two-Wheeler,25,0.0,42.5,0.34
PT109934,F004,Car,Regular,2025-09-10,9,73,UPI,Paid,Open,50,0.0,100.0,0.86
PT109935,F005,Car,Regular,2025-10-20,16,180,UPI,Paid,Open,50,20.25,135.0,0.4
PT109936,F002,EV Car,Member,2025-02-21,9,98,Cash,Paid,EV Parking,55,0.0,104.5,0.68
PT109937,F003,SUV,Visitor,2025-01-15,10,324,Debit Card,Paid,Covered,65,0.0,390.0,0.71
PT109938,F002,SUV,Visitor,2025-12-08,7,176,Cash,Paid,Covered,65,0.0,195.0,0.44
PT109939,F006,Car,Member,2025-12-06,13,192,UPI,Paid,Covered,50,20.0,200.0,0.65
PT109940,F004,SUV,,2025-12-29,9,34,UPI,Paid,Covered,65,6.5,65.0,0.63
PT109941,F006,Bike,Regular,2025-06-29,12,73,UPI,Paid,Two-Wheeler,25,6.75,45.0,0.27
PT109942,F001,Car,Regular,2025-03-18,11,389,UPI,Paid,Covered,50,0.0,350.0,0.52
PT109943,F004,Car,Visitor,2025-08-03,21,107,Credit Card,Paid,Open,50,10.0,100.0,0.4
PT109944,F002,Car,Regular,2025-08-11,15,20,Wallet,Paid,Open,50,2.25,45.0,0.51
PT109945,F004,Car,Regular,2025-06-03,13,204,UPI,Pending,Covered,50,0.0,160.0,0.84
PT109946,F001,EV Car,Member,2025-02-14,18,75,Wallet,Paid,EV Parking,55,0.0,93.5,0.84
PT109947,F005,Car,Regular,2025-12-18,8,54,UPI,Paid,Covered,50,5.0,50.0,0.8
PT109948,F006,Bike,Regular,2025-01-21,12,190,Wallet,Paid,Two-Wheeler,25,0.0,85.0,0.63
PT109949,F008,Bike,Regular,2025-03-22,14,167,UPI,Paid,Two-Wheeler,25,3.38,67.5,0.47
PT109950,F006,Car,Regular,2025-02-22,8,256,Wallet,Paid,Covered,50,0.0,250.0,0.99
PT109951,F002,Bike,Member,2025-06-06,10,169,UPI,Paid,Two-Wheeler,25,0.0,63.75,0.84
PT109952,F004,Car,Member,2025-05-27,18,81,Wallet,Paid,Covered,50,20.0,100.0,0.7
PT109953,F002,SUV,Regular,2025-07-01,10,169,UPI,Paid,Open,65,19.5,195.0,0.89
PT109954,F005,Car,Regular,2025-03-19,19,20,UPI,Paid,Covered,50,0.0,40.0,0.73
PT109955,F004,Bike,Regular,2025-04-29,9,111,Credit Card,Paid,Two-Wheeler,25,2.5,50.0,0.76
PT109956,F008,SUV,Regular,2025-12-25,18,134,UPI,Paid,Covered,65,0.0,195.0,0.97
PT109957,F004,SUV,Member,2025-12-09,13,42,Debit Card,Paid,Open,65,6.5,65.0,0.47
PT109958,F008,SUV,Member,2025-04-15,14,105,Wallet,Paid,Open,65,0.0,130.0,0.37
PT109959,F002,Bike,Member,2025-01-02,12,215,Credit Card,Paid,Two-Wheeler,25,0.0,100.0,0.55
PT109960,F002,Car,Regular,2025-04-25,11,182,Debit Card,Paid,Open,50,0.0,200.0,0.49
PT109961,F001,Bike,Member,2025-02-01,14,212,UPI,Paid,Two-Wheeler,25,0.0,90.0,0.29
PT109962,F007,SUV,Regular,2025-12-24,12,278,Debit Card,Paid,Covered,65,0.0,276.25,0.34
PT109963,F007,SUV,Regular,2025-03-03,8,314,Credit Card,Paid,Open,65,0.0,390.0,0.76
PT109964,F005,Car,Visitor,2025-04-07,12,61,Cash,Paid,Open,50,16.0,80.0,0.37
PT109965,F007,Car,Visitor,2025-05-15,11,125,UPI,Paid,Covered,50,0.0,120.0,0.78
PT109966,F001,SUV,Visitor,2025-04-08,17,46,Debit Card,Paid,Open,65,0.0,61.75,0.92
PT109967,F006,Bike,Regular,2025-08-03,17,226,UPI,Paid,Two-Wheeler,25,0.0,100.0,0.83
PT109968,F008,Car,Regular,2025-03-25,10,138,UPI,Paid,Covered,50,6.38,127.5,0.74
PT109969,F004,Car,Regular,2025-06-06,16,144,UPI,Paid,Covered,50,0.0,150.0,0.34
PT109970,F002,Bike,Visitor,2025-04-17,13,107,UPI,Paid,Two-Wheeler,25,0.0,50.0,0.59
PT109971,F004,EV Car,Visitor,2025-12-23,18,179,UPI,Paid,EV Parking,55,15.68,156.75,0.89
PT109972,F004,Bike,Regular,2025-05-11,11,252,UPI,Paid,Two-Wheeler,25,0.0,100.0,0.68
PT109973,F003,Car,Regular,2025-01-22,8,480,Cash,Paid,Covered,50,76.0,380.0,0.66
PT109974,F006,Car,Regular,2025-03-25,17,53,UPI,Paid,Covered,50,0.0,50.0,0.83
PT109975,F003,Car,Regular,2025-03-30,18,49,Cash,Paid,Covered,50,2.12,42.5,0.77
PT105826,F004,Bike,Regular,2025-05-31,9,47,UPI,Paid,Two-Wheeler,25,0.0,25.0,0.61
PT105172,F006,Car,Visitor,2025-05-05,14,74,UPI,Paid,Open,50,9.5,95.0,0.43
PT106042,F002,Bike,Member,2025-12-13,7,160,Credit Card,Paid,Two-Wheeler,25,7.5,75.0,0.29
PT100108,F004,Car,Regular,2025-09-08,18,196,UPI,Paid,Covered,50,0.0,200.0,0.83
PT103423,F003,Car,Member,2025-12-15,14,304,Credit Card,Paid,Covered,50,0.0,300.0,0.35
PT100040,F003,EV Car,Regular,2025-03-13,15,122,UPI,Paid,EV Parking,55,0.0,148.5,0.68
PT106400,F006,Bike,Visitor,2025-10-25,15,79,Debit Card,Paid,Two-Wheeler,25,0.0,42.5,0.9
PT104536,F003,Bike,Regular,2025-08-31,17,58,Credit Card,Paid,Two-Wheeler,25,5.0,25.0,0.73
PT106046,F006,SUV,Regular,2025-11-09,14,81,Debit Card,Paid,Covered,65,6.18,123.5,0.47
PT102555,F001,Bike,Regular,2025-11-29,14,85,Wallet,Paid,Two-Wheeler,25,2.38,47.5,0.45
PT107192,F006,Car,Member,2025-11-16,18,96,UPI,Paid,Covered,50,20.0,100.0,0.74
PT108423,F004,SUV,Visitor,2025-03-02,20,275,Credit Card,Paid,Covered,65,32.5,325.0,0.84
PT107008,F005,SUV,Regular,2025-06-20,10,43,Wallet,Pending,Open,65,6.5,65.0,0.68
PT103313,F001,Car,Regular,2025-09-21,9,93,Credit Card,Paid,Open,50,0.0,100.0,0.9
PT104535,F005,Car,Regular,2025-04-16,19,359,UPI,Paid,Covered,50,0.0,300.0,0.81
PT107772,F004,Bike,Regular,2025-03-13,12,51,UPI,Paid,Two-Wheeler,25,0.0,23.75,0.39
PT100648,F001,SUV,Member,2025-03-08,13,55,Cash,Paid,Covered,65,0.0,65.0,0.48
PT100036,F005,Car,Regular,2025-09-12,14,227,,Paid,Open,50,0.0,200.0,0.8
PT107501,F004,SUV,Member,2025-09-11,12,51,Credit Card,Paid,Covered,65,0.0,58.5,0.72
PT107002,F008,Car,Member,2025-10-28,9,114,UPI,Paid,Covered,50,0.0,90.0,0.69
PT107948,F007,Car,Regular,2025-01-31,13,107,UPI,Paid,Covered,50,0.0,100.0,0.6
PT106855,F008,Bike,Visitor,2025-11-25,18,371,Debit Card,Paid,Two-Wheeler,25,0.0,157.5,0.94
PT107700,F007,Car,Regular,2025-08-28,7,20,Wallet,Paid,Covered,50,0.0,50.0,0.59
PT106179,F001,Bike,Regular,2025-01-09,10,87,UPI,Paid,Two-Wheeler,25,0.0,50.0,0.79
PT106102,F002,SUV,Regular,2025-03-30,14,105,UPI,Paid,Covered,65,0.0,130.0,0.62
